catalog_id	title_zh	intro_url
SCD0136	007詹姆士龐德：夜之火	https://chiuinan.github.io/game/game/intro/eng/e51/007nf.htm
SCD0085	0204真情麻將	https://chiuinan.github.io/game/game/intro/ch/c42/0204-2.htm
SCD0086	0204麻將情人夢	https://chiuinan.github.io/game/game/intro/ch/c42/0204-3.htm
SCD2374	0204麻將館	https://chiuinan.github.io/game/game/intro/ch/c42/0204mj16.htm
SCD2399	121特戰隊	https://chiuinan.github.io/game/game/intro/eng/e51/comb121.htm
	16張臺灣麻將	https://chiuinan.github.io/game/game/intro/ch/c42/mh.htm
SCD1826	18輪大車拼	https://chiuinan.github.io/game/game/intro/eng/e52/trukrace.htm
SCD1614	18鋼輪2：橫跨美國	https://chiuinan.github.io/game/game/intro/eng/e33/18wosaa.htm
SCD1615	18鋼輪3：全速前進	https://chiuinan.github.io/game/game/intro/eng/e33/18wosptm.htm
SCD1616	18鋼輪4：護航	https://chiuinan.github.io/game/game/intro/eng/e33/18wosc.htm
SCD1617	18鋼輪5：拖運 18	https://chiuinan.github.io/game/game/intro/eng/e33/18wosh.htm
SCD1618	18鋼輪6：美國長途運輸 18	https://chiuinan.github.io/game/game/intro/eng/e33/18wosalh.htm
SWE209	1990世界杯足球賽	https://chiuinan.github.io/game/game/intro/eng/e52/italia.htm
SCD2205	2001中國象棋個人賽	https://chiuinan.github.io/game/game/intro/ch/c41/2001.htm
SCD1591	2002舒馬赫世界卡丁車大賽	https://chiuinan.github.io/game/game/intro/eng/e52/msrwk2k.htm
SCD1091	2006寫真美眉總動員	https://chiuinan.github.io/game/game/intro/ch/c44/ptgirls.htm
	20XX	https://chiuinan.github.io/game/game/intro/ch/c52/20xx.htm
SCD0116	3D世紀暗棋	https://chiuinan.github.io/game/game/intro/ch/c41/dfchess.htm
SCD1500	3D小精靈	https://chiuinan.github.io/game/game/intro/eng/e52/3dpacman.htm
	3D撞球2	https://chiuinan.github.io/game/game/intro/eng/e52/propool.htm
SCD2737	3D撞球高手 3	https://chiuinan.github.io/game/game/intro/eng/e52/3dps.htm
SCD0284	3D立體真實撞球冠軍	https://chiuinan.github.io/game/game/intro/eng/e52/poolcham.htm
SCD1491	3D過山車設計師 3	https://chiuinan.github.io/game/game/intro/eng/e33/3drcd.htm
SCD2161	3D鐵路大亨之鐵路之鄉	https://chiuinan.github.io/game/game/intro/eng/e44/trntown.htm
SCD1028	3D魔宮聖戰	https://chiuinan.github.io/game/game/intro/eng/e52/pandem.htm
SCD0637,SCD0636	3D麻將 3	https://chiuinan.github.io/game/game/intro/eng/e42/3dmj.htm
SCD0114	3D黑白棋	https://chiuinan.github.io/game/game/intro/ch/c41/3dgobang.htm
SCD1697	4x4方程式賽車1	https://chiuinan.github.io/game/game/intro/eng/e52/4x4evo1.htm
SCD1698	4x4方程式賽車2	https://chiuinan.github.io/game/game/intro/eng/e52/4x4evo2.htm
SWE076	4x4越野車大賽	https://chiuinan.github.io/game/game/intro/eng/e52/4x4.htm
SCD1919	97GT體感賽車之風馳電掣／	https://chiuinan.github.io/game/game/intro/eng/e52/gt97.htm
	97超少女－連線水果盤	https://chiuinan.github.io/game/game/intro/ch/c44/super97.htm
SCD0421	98國際越野冠軍賽	https://chiuinan.github.io/game/game/intro/eng/e52/irc.htm
SWT028,SWT119	A-10坦克殺手	https://chiuinan.github.io/game/game/intro/eng/e51/a10.htm
SCD0138	ATV越野沙灘大賽車	https://chiuinan.github.io/game/game/intro/eng/e52/atvm.htm
SCD2437	ATV越野沙灘車	https://chiuinan.github.io/game/game/intro/ch/c52/atv.htm
SCD0299	AV天后-女優麻將	https://chiuinan.github.io/game/game/intro/ch/c42/av.htm
SCD0443	AV女優麻將國：正宗台灣16張真人麻將	https://chiuinan.github.io/game/game/intro/ch/c42/mj2002c.htm
SWZ003	A列車3	https://chiuinan.github.io/game/game/intro/ch/c33/atrain.htm
3WG108	A列車4	https://chiuinan.github.io/game/game/intro/ch/c33/a4.htm
SCD0139	A列車7	https://chiuinan.github.io/game/game/intro/ch/c33/atrain7.htm
OCD0107	A列車8	https://chiuinan.github.io/game/game/intro/ch/c33/atrain8.htm
SCD0235	A列車9	https://chiuinan.github.io/game/game/intro/ch/c33/atrain9.htm
SCD2466	B17飛行堡壘：第八飛行中隊	https://chiuinan.github.io/game/game/intro/eng/e51/b178.htm
3WG038	B17飛行堡壘：英烈的歲月	https://chiuinan.github.io/game/game/intro/eng/e51/b17.htm
SCD0286	C.E.O	https://chiuinan.github.io/game/game/intro/eng/e33/ceo.htm
SCD1049	CC桃色醫院	https://chiuinan.github.io/game/game/intro/ch/c22/cc.htm
SCD1559	DDR99 Diet Diet Revolution '99	https://chiuinan.github.io/game/game/intro/ch/c52/ddr99.htm
SCD1600	Di Gi Charat Fantasy：仲夏夜之夢	https://chiuinan.github.io/game/game/intro/ch/c22/digicf.htm
SCD2167	D之食卓	https://chiuinan.github.io/game/game/intro/eng/e21/d.htm
SCD2400	E.I.特戰隊	https://chiuinan.github.io/game/game/intro/eng/e32/ei.htm
	Edax	https://chiuinan.github.io/game/game/intro/eng/e41/edax.htm
SCD0460	EQ大富翁	https://chiuinan.github.io/game/game/intro/ch/c43/easyquiz.htm
SCD0031	ES方程式	https://chiuinan.github.io/game/game/intro/ch/c22/es.htm
SCD1832	e族在賽車	https://chiuinan.github.io/game/game/intro/eng/e52/eracer.htm
OCD0129	e路狂飆	https://chiuinan.github.io/game/game/intro/ch/c52/spemania.htm
SCD0438	F-22猛禽戰鬥機	https://chiuinan.github.io/game/game/intro/eng/e51/f22rap.htm
SCD0646	F-22雷霆戰機	https://chiuinan.github.io/game/game/intro/eng/e51/f22.htm
SCD2718	F16攻擊者／	https://chiuinan.github.io/game/game/intro/eng/e51/f16a.htm
SCD1733	F1一級方程式賽車2000／	https://chiuinan.github.io/game/game/intro/eng/e52/f12000.htm
SCD1735	F1一級方程式賽車2001／	https://chiuinan.github.io/game/game/intro/eng/e52/f12001.htm
SCD1736	F1一級方程式賽車2002／	https://chiuinan.github.io/game/game/intro/eng/e52/f12002.htm
SCD1734	F1一級方程式錦標賽2000賽季	https://chiuinan.github.io/game/game/intro/eng/e52/f1cs2000.htm
SCD1745	F1世界大獎賽	https://chiuinan.github.io/game/game/intro/eng/e52/f1wgp.htm
SCD1746	F1世界大獎賽2000	https://chiuinan.github.io/game/game/intro/eng/e52/f1wgp2000.htm
SCD1738	F1挑戰賽99-02／	https://chiuinan.github.io/game/game/intro/eng/e52/f1c9902.htm
SWZ012	F1熱血賽車	https://chiuinan.github.io/game/game/intro/eng/e52/mansell.htm
	F1賽車1994／	https://chiuinan.github.io/game/game/intro/eng/e52/f1.htm
SCD1739	F1賽車模擬	https://chiuinan.github.io/game/game/intro/eng/e52/f1rs.htm
SCD1749	F1賽車模擬2	https://chiuinan.github.io/game/game/intro/eng/e52/mgprs2.htm
SCD1740	F1賽車經理	https://chiuinan.github.io/game/game/intro/eng/e33/f1man.htm
SCD1741	F1賽車經理專業版	https://chiuinan.github.io/game/game/intro/eng/e33/f1manp.htm
SCD1742	F1車隊經理2000	https://chiuinan.github.io/game/game/intro/eng/e33/f1m2000.htm
SCD0642	FinFin海豚鳥／	https://chiuinan.github.io/game/game/intro/ch/c33/finfin.htm
SCD0755	Fool Panda歷險記	https://chiuinan.github.io/game/game/intro/ch/c44/fpanda.htm
SCD2045	FRB右腦飛行	https://chiuinan.github.io/game/game/intro/ch/c44/frb.htm
SCD2311	G-Nome	https://chiuinan.github.io/game/game/intro/eng/e51/gnome.htm
	Go-Moku 95	https://chiuinan.github.io/game/game/intro/eng/e41/gomoku95.htm
	GP500摩托賽	https://chiuinan.github.io/game/game/intro/eng/e52/gpx5002.htm
SWE085	GP大賽車	https://chiuinan.github.io/game/game/intro/eng/e52/gpc.htm
SCD1747	GP賽車傳奇	https://chiuinan.github.io/game/game/intro/eng/e52/gpl.htm
SCD1892	GTI錦標賽／	https://chiuinan.github.io/game/game/intro/eng/e52/gtirace.htm
SCD1931	GT超級房車賽	https://chiuinan.github.io/game/game/intro/eng/e52/spcar.htm
SCD1205	Hello Kitty 25週年紀念珍藏	https://chiuinan.github.io/game/game/intro/ch/c44/hkitty.htm
	Herakles	https://chiuinan.github.io/game/game/intro/eng/e41/herakles.htm
SCD1003	H！神探	https://chiuinan.github.io/game/game/intro/ch/c21/hdetect.htm
SCD2401	ID4星際終結者	https://chiuinan.github.io/game/game/intro/eng/e51/id4.htm
SCD1300	IL-2暴風雪	https://chiuinan.github.io/game/game/intro/eng/e51/il2.htm
SCD1301	IL-2暴風雪	https://chiuinan.github.io/game/game/intro/eng/e51/il2fb.htm
SCD1303	IL-2暴風雪	https://chiuinan.github.io/game/game/intro/eng/e51/il2-1946.htm
SCD1827	iM1A2艾布拉姆斯坦克	https://chiuinan.github.io/game/game/intro/eng/e32/im1a2.htm
SCD2093	Internet時光機	https://chiuinan.github.io/game/game/intro/ch/c44/easygo.htm
SCD1150	Iris鳶尾花物語	https://chiuinan.github.io/game/game/intro/ch/c22/iris.htm
3WZ005	Jewel	https://chiuinan.github.io/game/game/intro/eng/e44/jewel.htm
	KataGo	https://chiuinan.github.io/game/game/intro/eng/e41/katago.htm
	KataGomo	https://chiuinan.github.io/game/game/intro/ch/c41/katagomo.htm
SCD2269	kefir護兒優酪乳 教玩遊戲光碟：英文系列	https://chiuinan.github.io/game/game/intro/ch/c44/kefire.htm
	Leela	https://chiuinan.github.io/game/game/intro/eng/e41/leela.htm
	Leela Zero	https://chiuinan.github.io/game/game/intro/eng/e41/leelaz.htm
SCD2138	LIS太空號數學歷險	https://chiuinan.github.io/game/game/intro/eng/e44/lisma.htm
SCD0461	MISS阿性李勉之的世紀大富翁	https://chiuinan.github.io/game/game/intro/ch/c43/century.htm
SCD2211	NBA 2K12	https://chiuinan.github.io/game/game/intro/ch/c52/nba2k12.htm
SCD0676	NBA內線進攻2000	https://chiuinan.github.io/game/game/intro/eng/e52/nid2000.htm
SCD0677	NBA全場緊迫盯人	https://chiuinan.github.io/game/game/intro/eng/e52/nfcp.htm
SCD0678	NBA灌籃奇兵	https://chiuinan.github.io/game/game/intro/eng/e52/nbaht.htm
	NTest	https://chiuinan.github.io/game/game/intro/eng/e41/ntest.htm
	Nyet	https://chiuinan.github.io/game/game/intro/eng/e44/nyet.htm
	Nyet 3: The Revenge of the Mutant Stones	https://chiuinan.github.io/game/game/intro/eng/e44/nyet3.htm
SCD1120	P2K總統大選	https://chiuinan.github.io/game/game/intro/ch/c43/p2k.htm
	Pango	https://chiuinan.github.io/game/game/intro/eng/e44/pango.htm
SCD1864	PC拉力賽	https://chiuinan.github.io/game/game/intro/eng/e52/pcrally.htm
	PC魔術方塊	https://chiuinan.github.io/game/game/intro/eng/e44/cubulus.htm
SCD0382	QQ三國志	https://chiuinan.github.io/game/game/intro/ch/c32/qq.htm
SCD0028	Q女天使學園	https://chiuinan.github.io/game/game/intro/ch/c31/mtj.htm
SSG013	RS-2	https://chiuinan.github.io/game/game/intro/ch/c51/rs2.htm
SCD1710	SODA越野賽車	https://chiuinan.github.io/game/game/intro/eng/e52/soda.htm
SCD2094	Sound it out！說的容易：字母篇	https://chiuinan.github.io/game/game/intro/ch/c44/snditout.htm
	Shift!	https://chiuinan.github.io/game/game/intro/ch/c22/shift.txt
	Stockfish	https://chiuinan.github.io/game/game/intro/eng/e41/stckfish.htm
SWT241	T2終結者西洋棋	https://chiuinan.github.io/game/game/intro/eng/e41/t2chess.htm
SCD0131	Taiwan麻雀	https://chiuinan.github.io/game/game/intro/ch/c42/inetmj.htm
SCD0548	VR中華職棒	https://chiuinan.github.io/game/game/intro/ch/c52/vrcpbg.htm
SCD0551	VR快打1／	https://chiuinan.github.io/game/game/intro/eng/e51/vf1.htm
SCD0552	VR快打2／	https://chiuinan.github.io/game/game/intro/eng/e51/vf2.htm
SCD1516	VR機車賽	https://chiuinan.github.io/game/game/intro/eng/e51/cyber.htm
SCD0553	VR終極戰警1／	https://chiuinan.github.io/game/game/intro/eng/e51/vcop1.htm
SCD0554	VR終極戰警2／	https://chiuinan.github.io/game/game/intro/eng/e51/vcop2.htm
SCD0549	VR網球96	https://chiuinan.github.io/game/game/intro/eng/e52/vtennis.htm
SCD0104	WIN麻將	https://chiuinan.github.io/game/game/intro/ch/c42/winmjnet.htm
	Xian 3.0	https://chiuinan.github.io/game/game/intro/eng/e41/xian300.htm
SCD1545	X少年事件簿	https://chiuinan.github.io/game/game/intro/ch/c12/dago.htm
SCD1517	X摩托2000	https://chiuinan.github.io/game/game/intro/eng/e52/etmx2000.htm
SCD0643	X檔案	https://chiuinan.github.io/game/game/intro/eng/e22/xfiles.htm
	YES!HG	https://chiuinan.github.io/game/game/intro/ch/c22/yeshg.txt
SCD0987	Yes！封神榜	https://chiuinan.github.io/game/game/intro/ch/c52/phonsan.htm
SCD0462	Young Guns大富翁	https://chiuinan.github.io/game/game/intro/ch/c43/younggun.htm
SCD0789	Z字特攻隊／	https://chiuinan.github.io/game/game/intro/eng/e32/z.htm
SCD2095	ㄅㄆㄇ妙妙國(一)：ㄅㄆㄇ列車	https://chiuinan.github.io/game/game/intro/ch/c44/phone1.htm
	一九八九年中日圍棋擂臺賽	https://chiuinan.github.io/game/game/intro/ch/c41/zrlts.htm
SCD1639	一休和尚：自然攻略集	https://chiuinan.github.io/game/game/intro/ch/c44/ikkscien.htm
SCD1730	一級方程式賽車96	https://chiuinan.github.io/game/game/intro/eng/e52/f196.htm
SCD1731	一級方程式賽車97	https://chiuinan.github.io/game/game/intro/eng/e52/f197.htm
SCD1732	一級方程式賽車99	https://chiuinan.github.io/game/game/intro/eng/e52/f199.htm
SCD2531	一級方程式賽車車隊經理	https://chiuinan.github.io/game/game/intro/ch/c33/rtm.htm
	一線生機	https://chiuinan.github.io/game/game/intro/ch/c32/danger.txt
	一起五子棋	https://chiuinan.github.io/game/game/intro/ch/c41/gobang.htm
	一起翻轉棋	https://chiuinan.github.io/game/game/intro/ch/c41/othlg.htm
Z077	一路狂飆	https://chiuinan.github.io/game/game/intro/eng/e52/benc.htm
SCD2295	丁丁在西藏	https://chiuinan.github.io/game/game/intro/eng/e52/tintibet.htm
SCD2297	丁丁歷險記	https://chiuinan.github.io/game/game/intro/ch/c52/tintin.htm
SCD2296	丁丁歷險記：太陽之罪	https://chiuinan.github.io/game/game/intro/eng/e52/tinpots.htm
SCD1554	七大王朝1	https://chiuinan.github.io/game/game/intro/eng/e32/7k.htm
SCD1555	七大王朝2：凡爾坦戰役	https://chiuinan.github.io/game/game/intro/ch/c32/7k2.htm
SCD1556	七大王朝3：征服	https://chiuinan.github.io/game/game/intro/ch/c32/7kc.htm
	七寶奇謀	https://chiuinan.github.io/game/game/intro/eng/e52/goonies.htm
SCD2458	七寶奇謀	https://chiuinan.github.io/game/game/intro/ch/c21/qbqm.htm
SCD1552	七年戰爭1	https://chiuinan.github.io/game/game/intro/ch/c32/syw1.htm
SCD1553	七年戰爭2：決戰王朝	https://chiuinan.github.io/game/game/intro/ch/c32/syw2.htm
SCD2733	七星魔法使	https://chiuinan.github.io/game/game/intro/ch/c12/sorco.htm
SCD2402	七海爭霸	https://chiuinan.github.io/game/game/intro/ch/c32/admiral.htm
SSG005	七笑拳	https://chiuinan.github.io/game/game/intro/ch/c51/ranma.txt
SCD0971	七英雄外傳：王者之師	https://chiuinan.github.io/game/game/intro/ch/c11/sevenx.htm
SCD0969	七英雄物語1	https://chiuinan.github.io/game/game/intro/ch/c31/nanaei.htm
SCD0970	七英雄物語2	https://chiuinan.github.io/game/game/intro/ch/c31/nanaei2.htm
SCD2372	八女神物語	https://chiuinan.github.io/game/game/intro/ch/c11/eight.htm
SCD0135	八女神物語2	https://chiuinan.github.io/game/game/intro/ch/c31/eight2.txt
SCD2612	八年抗戰	https://chiuinan.github.io/game/game/intro/ch/c32/wor.htm
Z084,SCD1774	八球豪華版	https://chiuinan.github.io/game/game/intro/eng/e44/8balldlx.htm
SCD1640	八龍神傳說	https://chiuinan.github.io/game/game/intro/ch/c12/8dragon.htm
SCD1152	公主奇緣	https://chiuinan.github.io/game/game/intro/ch/c33/palais.htm
SCD1153	公主幻想曲：破解封印石	https://chiuinan.github.io/game/game/intro/ch/c44/pr7.htm
SCD0858	公主戰記	https://chiuinan.github.io/game/game/intro/ch/c11/pqr.htm
SCD1234	公元2140	https://chiuinan.github.io/game/game/intro/ch/c32/earth.htm
SCD1235	公元2150	https://chiuinan.github.io/game/game/intro/eng/e32/ea2150.htm
SCD1236	公元2160	https://chiuinan.github.io/game/game/intro/ch/c32/ea2160.htm
SCD1932	公路爭霸戰1：州際風暴	https://chiuinan.github.io/game/game/intro/eng/e51/i76.htm
SCD1933	公路爭霸戰2	https://chiuinan.github.io/game/game/intro/eng/e51/i82.htm
	公路狂飆	https://chiuinan.github.io/game/game/intro/eng/e52/carnage.htm
SCD1942	北方傳記	https://chiuinan.github.io/game/game/intro/eng/e12/konung.htm
SCD1893	北極特快車	https://chiuinan.github.io/game/game/intro/eng/e21/polarexp.htm
SCD2703	北非雄獅	https://chiuinan.github.io/game/game/intro/ch/c32/drvsak.htm
SCD2509	十三支局	https://chiuinan.github.io/game/game/intro/ch/c21/b13.htm
Z003	十六張姬麻將	https://chiuinan.github.io/game/game/intro/ch/c42/gmj.htm
OCD0110	十六張麻將寫真館	https://chiuinan.github.io/game/game/intro/ch/c42/beautymj.htm
	十面埋伏：索利諾大陸戰史	https://chiuinan.github.io/game/game/intro/ch/c32/ambush.htm
SCD0555	千變少女米娜	https://chiuinan.github.io/game/game/intro/ch/c22/meena.htm
SCD1902	午夜地下街頭飆車賽	https://chiuinan.github.io/game/game/intro/eng/e52/outlaw.htm
SCD2696	午夜檯球王	https://chiuinan.github.io/game/game/intro/eng/e52/fn3dp.htm
SCD1867	午夜狂飆	https://chiuinan.github.io/game/game/intro/eng/e52/midnrace.htm
	午夜鏢王3	https://chiuinan.github.io/game/game/intro/eng/e52/fn3dd.htm
Z007	卒業：	https://chiuinan.github.io/game/game/intro/ch/c33/josi.htm
SCD0305	卒業	https://chiuinan.github.io/game/game/intro/ch/c33/stnext.htm
SCD0304	卒業：戀愛篇	https://chiuinan.github.io/game/game/intro/ch/c22/cworld.htm
SCD0303	卒業2：	https://chiuinan.github.io/game/game/intro/ch/c33/josi2.htm
SCD2382	卒業旅行	https://chiuinan.github.io/game/game/intro/ch/c22/travel.htm
RS204	南宋英烈傳	https://chiuinan.github.io/game/game/intro/ch/c12/south.txt
SCD1868	南方公園大飆車	https://chiuinan.github.io/game/game/intro/eng/e52/sprally.htm
SCD1494	南方四賤客	https://chiuinan.github.io/game/game/intro/eng/e51/southprk.htm
SCD2655	南極冰怪	https://chiuinan.github.io/game/game/intro/ch/c21/poi.htm
	博比教你國際象棋	https://chiuinan.github.io/game/game/intro/eng/e41/bftc.htm
	三姊妹	https://chiuinan.github.io/game/game/intro/ch/c22/3sister.htm
3WG046	三界諭：邦沛之謎	https://chiuinan.github.io/game/game/intro/ch/c12/3k.htm
SCD1002	三界諭2：真愛不死	https://chiuinan.github.io/game/game/intro/ch/c12/3k2.htm
OCD0065	三國之星海風雲	https://chiuinan.github.io/game/game/intro/ch/c32/3kd.htm
SCD0282	三國之星海風雲2	https://chiuinan.github.io/game/game/intro/ch/c32/3kd2.htm
SCD2530	三國大老二	https://chiuinan.github.io/game/game/intro/ch/c41/sangbig.htm
SCD0512	三國孔明傳	https://chiuinan.github.io/game/game/intro/ch/c31/enginres.htm
SCD0988	三國封神	https://chiuinan.github.io/game/game/intro/ch/c41/soc.htm
SCD0399	三國志：風雲再起	https://chiuinan.github.io/game/game/intro/ch/c32/sanr.htm
SWE078	三國志1	https://chiuinan.github.io/game/game/intro/eng/e32/san1.htm
3WG020	三國志2	https://chiuinan.github.io/game/game/intro/ch/c32/san2.htm
	三國志3	https://chiuinan.github.io/game/game/intro/ch/c32/san3.htm
3WG100,SCD0393	三國志4	https://chiuinan.github.io/game/game/intro/ch/c32/san4.htm
SCD0394	三國志5	https://chiuinan.github.io/game/game/intro/ch/c32/san5.htm
SCD0395	三國志6	https://chiuinan.github.io/game/game/intro/ch/c32/san6.htm
SCD0396	三國志7	https://chiuinan.github.io/game/game/intro/ch/c32/san7.htm
SCD0397	三國志8	https://chiuinan.github.io/game/game/intro/ch/c32/san8.htm
SCD0954	三國志9	https://chiuinan.github.io/game/game/intro/ch/c32/san9.htm
SCD0398	三國志10	https://chiuinan.github.io/game/game/intro/ch/c32/san10.htm
OCD0074	三國志11	https://chiuinan.github.io/game/game/intro/ch/c32/san11.htm
OCD0092	三國志12	https://chiuinan.github.io/game/game/intro/ch/c32/san12.htm
	三國志13	https://chiuinan.github.io/game/game/intro/ch/c32/san13.htm
SCD2076	三國志	https://chiuinan.github.io/game/game/intro/ch/c32/sanbf.htm
	三國志之牌戰風雲	https://chiuinan.github.io/game/game/intro/ch/c42/skmj.htm
SCD0511	三國志孔明傳	https://chiuinan.github.io/game/game/intro/ch/c31/kou.htm
	三國志武將爭霸	https://chiuinan.github.io/game/game/intro/ch/c51/sangof1.htm
SCD0134	三國志武將爭霸2	https://chiuinan.github.io/game/game/intro/ch/c51/sangof2.htm
SCD0205	三國志演義：官渡篇	https://chiuinan.github.io/game/game/intro/ch/c32/guandu.htm
SCD2087	三國志英傑傳	https://chiuinan.github.io/game/game/intro/ch/c31/reko3.htm
SCD0383	三國志英雄傳	https://chiuinan.github.io/game/game/intro/ch/c32/sangoh03.htm
SCD0384	三國志蜀漢英雄傳	https://chiuinan.github.io/game/game/intro/ch/c51/3dhero.htm
SCD0127	三國戰略之十六張麻將	https://chiuinan.github.io/game/game/intro/ch/c42/skzlmj.htm
	三國演義	https://chiuinan.github.io/game/game/intro/ch/c32/as.htm
SCD0390	三國演義2	https://chiuinan.github.io/game/game/intro/ch/c32/as2.htm
SCD0059	三國演義3	https://chiuinan.github.io/game/game/intro/ch/c32/as3.htm
SCD0046	三國立志傳	https://chiuinan.github.io/game/game/intro/ch/c31/tks.htm
SCD1100	三國立志傳2	https://chiuinan.github.io/game/game/intro/ch/c31/tks2.htm
SCD0834	三國立志傳3	https://chiuinan.github.io/game/game/intro/ch/c31/tks3.htm
SCD0504	三國群英傳1	https://chiuinan.github.io/game/game/intro/ch/c32/sg1.htm
SCD0505	三國群英傳2	https://chiuinan.github.io/game/game/intro/ch/c32/sg2.htm
SCD0506	三國群英傳3	https://chiuinan.github.io/game/game/intro/ch/c32/sg3.htm
SCD0507	三國群英傳4	https://chiuinan.github.io/game/game/intro/ch/c32/sg4.htm
SCD0508	三國群英傳5	https://chiuinan.github.io/game/game/intro/ch/c32/sg5.htm
SCD0509	三國群英傳6	https://chiuinan.github.io/game/game/intro/ch/c32/sg6.htm
SCD0510	三國群英傳7	https://chiuinan.github.io/game/game/intro/ch/c32/sg7.htm
SCD0463	三國群英大富翁	https://chiuinan.github.io/game/game/intro/ch/c43/tkrich.htm
SCD0400	三國群雄傳之臥龍與鳳雛	https://chiuinan.github.io/game/game/intro/ch/c11/dandp.htm
SCD2592	三國英豪1	https://chiuinan.github.io/game/game/intro/ch/c52/sanhero.htm
SCD2593	三國英豪2	https://chiuinan.github.io/game/game/intro/ch/c52/sanhero2.htm
SCD0385	三國英雄傳	https://chiuinan.github.io/game/game/intro/ch/c31/sanguo96.htm
SCD0114	三國象棋皇	https://chiuinan.github.io/game/game/intro/ch/c41/xgxqh.htm
SCD0167	三國趙雲傳	https://chiuinan.github.io/game/game/intro/ch/c12/sgzyz.htm
OCD0051	三國趙雲傳之縱橫天下	https://chiuinan.github.io/game/game/intro/ch/c12/zyzhtx.htm
SCD1383	三國連環炮	https://chiuinan.github.io/game/game/intro/ch/c44/sgball.htm
SCD1361	三國霸業1	https://chiuinan.github.io/game/game/intro/ch/c32/sgby1.htm
SCD1362	三國霸業2	https://chiuinan.github.io/game/game/intro/ch/c32/sgby2.htm
SCD1085	三國風雲1	https://chiuinan.github.io/game/game/intro/ch/c32/sangofy.htm
SCD1086	三國風雲2	https://chiuinan.github.io/game/game/intro/ch/c32/sangofy2.htm
SCD0004	三國麻將風雲	https://chiuinan.github.io/game/game/intro/ch/c42/sanmj.htm
SCD0119	三藏棋經	https://chiuinan.github.io/game/game/intro/ch/c41/gowest.htm
SCD0184	三角洲部隊	https://chiuinan.github.io/game/game/intro/eng/e51/df1.htm
SCD0185	三角洲部隊2	https://chiuinan.github.io/game/game/intro/eng/e51/df2.htm
SCD0186	三角洲部隊3：大地勇士	https://chiuinan.github.io/game/game/intro/eng/e51/df3.htm
SCD0187	三角洲部隊5：刺刀特遣隊	https://chiuinan.github.io/game/game/intro/eng/e51/df5.htm
SCD0188	三角洲部隊6：黑鷹計劃	https://chiuinan.github.io/game/game/intro/eng/e51/df6.htm
SCD0189	三角洲部隊7：極限任務	https://chiuinan.github.io/game/game/intro/eng/e51/df7.htm
SCD0190	三角洲部隊8：極限任務2	https://chiuinan.github.io/game/game/intro/eng/e51/df8.htm
Z010	三角跳棋	https://chiuinan.github.io/game/game/intro/ch/c41/trij.htm
SCD1064	三隻眼變成	https://chiuinan.github.io/game/game/intro/ch/c22/3x3eyes.htm
SCD1065	三隻眼變成	https://chiuinan.github.io/game/game/intro/ch/c22/3x3eyes2.htm
SCD1066	三隻眼變成	https://chiuinan.github.io/game/game/intro/ch/c22/3x3eyes3.htm
Z018,SCD0730	上古卷軸1：競技場	https://chiuinan.github.io/game/game/intro/eng/e12/tes1.htm
SCD0731	上古卷軸2：匕首雨	https://chiuinan.github.io/game/game/intro/eng/e12/tes2.htm
SCD0732	上古卷軸3：魔捲晨風	https://chiuinan.github.io/game/game/intro/eng/e12/tes3.htm
SCD0733	上古卷軸4：遺忘之都	https://chiuinan.github.io/game/game/intro/eng/e12/tes4.htm
SCD0734	上古卷軸：戰鬥神塔	https://chiuinan.github.io/game/game/intro/eng/e12/batspire.htm
SCD0735	上古卷軸：紅色守衛	https://chiuinan.github.io/game/game/intro/eng/e52/redguard.htm
SCD0234	上古文明帝國	https://chiuinan.github.io/game/game/intro/eng/e33/avalon.htm
SCD1304	上古英雄傳	https://chiuinan.github.io/game/game/intro/ch/c31/kingwar.htm
SCD0172	上天下地闖通關	https://chiuinan.github.io/game/game/intro/ch/c21/earth95.htm
SCD1776	上帝	https://chiuinan.github.io/game/game/intro/ch/c32/tgod.htm
SWT037	上帝也抓狂1	https://chiuinan.github.io/game/game/intro/eng/e33/populous.htm
SWT278	上帝也抓狂2	https://chiuinan.github.io/game/game/intro/eng/e33/pop2.htm
SCD1350	上帝也抓狂3	https://chiuinan.github.io/game/game/intro/ch/c33/pop3.htm
SCD2738	上海2000	https://chiuinan.github.io/game/game/intro/ch/c42/sh2000.htm
SCD2250	上海城市賽車	https://chiuinan.github.io/game/game/intro/eng/e52/ssr.htm
SCD0467	上海大富翁1940	https://chiuinan.github.io/game/game/intro/ch/c43/1940.htm
SCD0903	上海麻將：王朝	https://chiuinan.github.io/game/game/intro/eng/e42/shd.htm
SCD0906	上海麻將：王朝2	https://chiuinan.github.io/game/game/intro/eng/e42/shd2.htm
SWT085	上海麻將2：龍之眼	https://chiuinan.github.io/game/game/intro/eng/e42/de2.htm
	中世紀	https://chiuinan.github.io/game/game/intro/eng/e32/medieva.htm
	中世紀2	https://chiuinan.github.io/game/game/intro/eng/e32/medieva2.htm
SCD0347	中世紀：全軍破敵	https://chiuinan.github.io/game/game/intro/ch/c32/mtw.htm
SCD0349	中世紀2：全軍破敵	https://chiuinan.github.io/game/game/intro/ch/c32/mtw2.htm
	中國	https://chiuinan.github.io/game/game/intro/ch/c33/china.txt
	中國棋手國際大賽回顧百局精選第二輯	https://chiuinan.github.io/game/game/intro/ch/c41/wq100.htm
SCD0584,SCD2202	中國棋王之無敵五子棋	https://chiuinan.github.io/game/game/intro/ch/c41/five990.htm
SCD0584,SCD2202	中國棋王之象棋大對決	https://chiuinan.github.io/game/game/intro/ch/c41/discchc.htm
SCD0584,SCD2202	中國棋王之黑白棋	https://chiuinan.github.io/game/game/intro/ch/c41/bwchess.htm
SCD2202	中國棋王2之暗棋大車拼	https://chiuinan.github.io/game/game/intro/ch/c41/darkches.htm
SCD2308	中國武將列傳	https://chiuinan.github.io/game/game/intro/ch/c32/cgeneral.htm
	中國象棋	https://chiuinan.github.io/game/game/intro/ch/c41/ccchess.htm
OCD0030,SCD0420	中國象棋之四子棋篇	https://chiuinan.github.io/game/game/intro/ch/c41/cfour.htm
OCD0030 SCD0420,SCD0447	中國象棋之五子棋篇	https://chiuinan.github.io/game/game/intro/ch/c41/gomoku2.htm
OCD0030 SCD0420,SCD0447	中國象棋之西洋棋篇	https://chiuinan.github.io/game/game/intro/ch/c41/chess2.htm
OCD0030	中國象棋之西洋雙陸棋篇	https://chiuinan.github.io/game/game/intro/ch/c41/gammon2.htm
OCD0030,SCD0420	中國象棋之英式西洋棋篇	https://chiuinan.github.io/game/game/intro/ch/c41/checker2.htm
OCD0030,SCD0420	中國象棋之圍棋篇	https://chiuinan.github.io/game/game/intro/ch/c41/go.htm
OCD0030 SCD0420,SCD0447	中國象棋之象棋篇	https://chiuinan.github.io/game/game/intro/ch/c41/cchess2.htm
SCD0420	中國象棋之麻將	https://chiuinan.github.io/game/game/intro/ch/c42/majan.htm
OCD0030,SCD0420	中國象棋之黑白棋篇	https://chiuinan.github.io/game/game/intro/ch/c41/othello2.htm
OCD0030 SCD0420,SCD0447	中國象棋之橋牌篇	https://chiuinan.github.io/game/game/intro/ch/c41/bridge2.htm
	中國象棋大師	https://chiuinan.github.io/game/game/intro/ch/c41/aikchess.htm
	中國象棋大師	https://chiuinan.github.io/game/game/intro/ch/c41/cchess.htm
SCD0452	中國象棋經典戰例1000例(古譜集)	https://chiuinan.github.io/game/game/intro/ch/c41/cch1000.htm
	中文輸入法練習	https://chiuinan.github.io/game/game/intro/ch/c44/cblocks.htm
SCD2101	中英快打無影手	https://chiuinan.github.io/game/game/intro/ch/c44/fasthand.htm
Z033	中英文輸入練習高手速成	https://chiuinan.github.io/game/game/intro/ch/c44/ncc4.htm
SCD1110	中華一番客棧1	https://chiuinan.github.io/game/game/intro/ch/c33/cinn.htm
SCD1111	中華一番客棧2	https://chiuinan.github.io/game/game/intro/ch/c33/cinn2.htm
SWT230,SWT266	中華職棒1	https://chiuinan.github.io/game/game/intro/ch/c52/cpb.htm
SWT294	中華職棒2	https://chiuinan.github.io/game/game/intro/ch/c52/cpb2.htm
SCD0114	中華象棋	https://chiuinan.github.io/game/game/intro/ch/c41/zhchess.htm
SWT275,SCD1762	乒乓彈珠檯	https://chiuinan.github.io/game/game/intro/eng/e44/fpinball.htm
JXD010	亂世伏魔錄	https://chiuinan.github.io/game/game/intro/ch/c11/lsking.htm
SCD1083	亂世奇緣	https://chiuinan.github.io/game/game/intro/ch/c31/ihoujin.htm
SCD0316	亂世梟雄	https://chiuinan.github.io/game/game/intro/ch/c32/lzxx.htm
SCD2489	亂世疑雲	https://chiuinan.github.io/game/game/intro/eng/e21/arcatera.htm
SCD0976	亂蝶	https://chiuinan.github.io/game/game/intro/ch/c22/rantyo.htm
SCD0977	事務女郎2	https://chiuinan.github.io/game/game/intro/ch/c33/soumu2.htm
SCD1252	二戰坦克：	https://chiuinan.github.io/game/game/intro/eng/e33/tvst.htm
SCD1250	二戰坦克指揮官	https://chiuinan.github.io/game/game/intro/eng/e51/wwiitc.htm
SCD1244	二戰士兵	https://chiuinan.github.io/game/game/intro/eng/e51/ww2gi.htm
SCD1251	二戰戰役：柏林之路	https://chiuinan.github.io/game/game/intro/eng/e51/ww2crtb.htm
SCD2355	二戰戰役：硫磺島	https://chiuinan.github.io/game/game/intro/eng/e51/ww2jima.htm
SCD1249	二戰狙擊手：勝利的召喚	https://chiuinan.github.io/game/game/intro/eng/e51/ww2snip.htm
SCD1247	二戰風雲：前線指揮官	https://chiuinan.github.io/game/game/intro/ch/c32/ww2fc.htm
	二戰風雲：沙漠之鼠	https://chiuinan.github.io/game/game/intro/eng/e51/ww2drats.htm
SCD1246	二戰風雲：血染諾曼底	https://chiuinan.github.io/game/game/intro/eng/e51/normandy.htm
SCD0212	二戰風雲：鋼鐵之爪1	https://chiuinan.github.io/game/game/intro/ch/c32/ww2.htm
SCD1248	二戰風雲：鋼鐵之爪2	https://chiuinan.github.io/game/game/intro/eng/e32/wwiipc2.htm
SCD1242	二戰風雲之勝利大逃亡	https://chiuinan.github.io/game/game/intro/ch/c21/tge.htm
SCD1245	二戰風雲之太平洋海戰	https://chiuinan.github.io/game/game/intro/eng/e51/iwojima.htm
SCD1243	二戰風雲之鐵道快砲	https://chiuinan.github.io/game/game/intro/eng/e51/wartrain.htm
	五子棋	https://chiuinan.github.io/game/game/intro/ch/c41/five.htm
	五子棋大師	https://chiuinan.github.io/game/game/intro/ch/c41/ms5.htm
OCD0112	五子棋大師2	https://chiuinan.github.io/game/game/intro/ch/c41/ms52.htm
	五子棋：宇宙幻影	https://chiuinan.github.io/game/game/intro/ch/c41/wzq.htm
SCD0114	五子爆笑棋	https://chiuinan.github.io/game/game/intro/ch/c41/fivebxq.htm
SCD0478	五小福大富翁	https://chiuinan.github.io/game/game/intro/ch/c43/cion.htm
SWZ022	大反擊	https://chiuinan.github.io/game/game/intro/eng/e52/fb.htm
SCD0953	大唐三藏	https://chiuinan.github.io/game/game/intro/ch/c11/tang.htm
SCD1114	大唐英雄傳	https://chiuinan.github.io/game/game/intro/ch/c11/lb.htm
SCD1115	大唐英雄傳	https://chiuinan.github.io/game/game/intro/ch/c11/hon.htm
SCD0614	大唐詩錄	https://chiuinan.github.io/game/game/intro/ch/c21/dtpoem.htm
SCD1112	大唐隸教傳	https://chiuinan.github.io/game/game/intro/ch/c33/dtlzz.htm
SCD1113	大唐雙龍傳	https://chiuinan.github.io/game/game/intro/ch/c11/ddragon.htm
SCD0952	大地英豪	https://chiuinan.github.io/game/game/intro/ch/c11/dadi.htm
SCD2785	大地雄獅	https://chiuinan.github.io/game/game/intro/ch/c32/under.htm
SCD2602	大宋英豪之岳飛傳	https://chiuinan.github.io/game/game/intro/ch/c31/yfz.htm
OCD0099	大家來找	https://chiuinan.github.io/game/game/intro/ch/c44/findx.htm
SCD0339	大家來找	https://chiuinan.github.io/game/game/intro/ch/c44/find2002.htm
SCD1121	大家來找	https://chiuinan.github.io/game/game/intro/ch/c44/findx2.htm
SSG010,SCD0057	大富翁1	https://chiuinan.github.io/game/game/intro/ch/c43/rich1.htm
SSG034,SCD0057	大富翁2	https://chiuinan.github.io/game/game/intro/ch/c43/rich2.htm
SSG051 SCD0054,SCD0057	大富翁3	https://chiuinan.github.io/game/game/intro/ch/c43/rich3.htm
SCD0048	大富翁4	https://chiuinan.github.io/game/game/intro/ch/c43/rich4.htm
SCD0370	大富翁5	https://chiuinan.github.io/game/game/intro/ch/c43/rich5.htm
SCD0065	大富翁6	https://chiuinan.github.io/game/game/intro/ch/c43/rich6.htm
SCD0371	大富翁7	https://chiuinan.github.io/game/game/intro/ch/c43/rich7.htm
SCD0372	大富翁8	https://chiuinan.github.io/game/game/intro/ch/c43/rich8.htm
SCD0368	大富翁8美眉	https://chiuinan.github.io/game/game/intro/ch/c43/rich8mm.htm
	大富翁10	https://chiuinan.github.io/game/game/intro/ch/c43/rich10.htm
	大富翁11	https://chiuinan.github.io/game/game/intro/ch/c43/rich11.htm
SCD0464	大富翁世界之旅1	https://chiuinan.github.io/game/game/intro/ch/c43/wealth1.htm
SCD0465	大富翁世界之旅2	https://chiuinan.github.io/game/game/intro/ch/c43/wealth2.htm
SCD0466	大富翁世界之旅3	https://chiuinan.github.io/game/game/intro/ch/c43/wealth3.htm
SCD2389	大富翁之城市英雄	https://chiuinan.github.io/game/game/intro/ch/c43/richcity.htm
SCD0495	大富翁之大唐英雄遊江南	https://chiuinan.github.io/game/game/intro/ch/c43/dtrich.htm
SCD0476	大富翁之破壞超人	https://chiuinan.github.io/game/game/intro/ch/c43/destman.htm
SCD2535	大富翁之選戰風雲	https://chiuinan.github.io/game/game/intro/ch/c43/clct.htm
	大富翁樂園	https://chiuinan.github.io/game/game/intro/ch/c43/rp.txt
	大富翁環遊世界	https://chiuinan.github.io/game/game/intro/ch/c43/richw.htm
SCD0497	大富翁總動員1：瘋狂模擬戰	https://chiuinan.github.io/game/game/intro/ch/c43/cwrich1.htm
SCD0498	大富翁總動員2：童話狗仔隊	https://chiuinan.github.io/game/game/intro/ch/c43/cwrich2.htm
SCD0468	大富翁與小富婆	https://chiuinan.github.io/game/game/intro/ch/c43/xfp1.htm
SCD0499	大富翁：升官之途	https://chiuinan.github.io/game/game/intro/ch/c43/promote.htm
SCD0496	大富翁：夢之童話大陸	https://chiuinan.github.io/game/game/intro/ch/c43/drrich.htm
HTG001	大戰略1	https://chiuinan.github.io/game/game/intro/ch/c32/war1.htm
	大戰略2：世界戰役篇	https://chiuinan.github.io/game/game/intro/ch/c32/war2.htm
SCD0579	大戰略5	https://chiuinan.github.io/game/game/intro/ch/c32/ds5.htm
SCD0580	大戰略	https://chiuinan.github.io/game/game/intro/ch/c32/dsp3.htm
	大戰略	https://chiuinan.github.io/game/game/intro/eng/e32/dsp4.htm
	大戰略	https://chiuinan.github.io/game/game/intro/ch/c32/warsp1.htm
	大戰略	https://chiuinan.github.io/game/game/intro/ch/c32/warsp2.htm
SCD0582	大戰略：大東亞興亡史2	https://chiuinan.github.io/game/game/intro/ch/c32/gea2war.htm
SCD0581	大戰略：王者之師	https://chiuinan.github.io/game/game/intro/ch/c32/dsmc.htm
SWT246	大明英雄傳：龍騰天下	https://chiuinan.github.io/game/game/intro/ch/c32/damin.htm
SWE023	大海盜	https://chiuinan.github.io/game/game/intro/eng/e21/pirates.htm
SCD0300	大海盜	https://chiuinan.github.io/game/game/intro/ch/c21/smp.htm
SWT97	大滿貫橋牌2	https://chiuinan.github.io/game/game/intro/eng/e41/bridge2.htm
Z080,SCD1727	大獎賽1／	https://chiuinan.github.io/game/game/intro/eng/e52/gprix.htm
SCD1728	大獎賽2	https://chiuinan.github.io/game/game/intro/eng/e52/gp2.htm
SCD0210	大獎賽3／	https://chiuinan.github.io/game/game/intro/eng/e52/gp3.htm
SCD1729	大獎賽4	https://chiuinan.github.io/game/game/intro/eng/e52/gp4.htm
SCD1751	大獎賽世界	https://chiuinan.github.io/game/game/intro/eng/e33/gpw.htm
SCD1752	大獎賽經理1	https://chiuinan.github.io/game/game/intro/eng/e33/gpm1.htm
SCD1753	大獎賽經理2	https://chiuinan.github.io/game/game/intro/eng/e33/gpm2.htm
OCD0108	大航海世紀1404	https://chiuinan.github.io/game/game/intro/ch/c32/anno4.htm
SCD0704	大航海世紀1503	https://chiuinan.github.io/game/game/intro/ch/c32/anno2.htm
SCD0703	大航海世紀1602	https://chiuinan.github.io/game/game/intro/eng/e32/anno1.htm
SCD0705	大航海世紀1701	https://chiuinan.github.io/game/game/intro/ch/c32/anno3.htm
SCD0707	大航海世紀2070	https://chiuinan.github.io/game/game/intro/ch/c32/anno5.htm
SCD0712	大航海家1	https://chiuinan.github.io/game/game/intro/eng/e33/patriz.htm
SCD0713	大航海家2	https://chiuinan.github.io/game/game/intro/ch/c33/p2.htm
OCD0078	大航海家3	https://chiuinan.github.io/game/game/intro/ch/c33/p3.htm
SCD0715	大航海家4	https://chiuinan.github.io/game/game/intro/ch/c33/p4.htm
3WG050	大航海時代	https://chiuinan.github.io/game/game/intro/ch/c21/koukai.htm
SCD0708	大航海時代2：新地平線	https://chiuinan.github.io/game/game/intro/ch/c21/koukai2.htm
SCD0709	大航海時代2外傳	https://chiuinan.github.io/game/game/intro/ch/c21/koukaigd.htm
SCD0710	大航海時代3：太陽海岸	https://chiuinan.github.io/game/game/intro/ch/c21/cds95.htm
SCD0711	大航海時代4	https://chiuinan.github.io/game/game/intro/ch/c21/koukai4.htm
SCD1621	大貨車極限競賽	https://chiuinan.github.io/game/game/intro/eng/e52/bigrigs.htm
SCD1070	大逆鱗2	https://chiuinan.github.io/game/game/intro/ch/c12/dk2.htm
SCD0422	大逆鱗3	https://chiuinan.github.io/game/game/intro/ch/c12/dk3.htm
	大野風雲	https://chiuinan.github.io/game/game/intro/ch/c12/daya.txt
SCD0714	大銀河物語	https://chiuinan.github.io/game/game/intro/ch/c32/galaxy.htm
SCD1456	大魔域：白鳥傳說	https://chiuinan.github.io/game/game/intro/ch/c21/amerzone.htm
SCD2618	大魔王物語	https://chiuinan.github.io/game/game/intro/ch/c31/bee.htm
SCD0682	天下無缺	https://chiuinan.github.io/game/game/intro/ch/c12/txwq.htm
Z108	天下統一	https://chiuinan.github.io/game/game/intro/ch/c32/tenka.htm
SCD0857	天下霸圖1	https://chiuinan.github.io/game/game/intro/ch/c33/mk1.htm
OCD0125	天下霸圖2	https://chiuinan.github.io/game/game/intro/ch/c33/mk2.htm
SCD0843	天使之約	https://chiuinan.github.io/game/game/intro/ch/c33/dwangel.htm
SCD0845	天使之谷	https://chiuinan.github.io/game/game/intro/ch/c31/av1.htm
SCD0846	天使之谷2：威斯貝爾的迷宮	https://chiuinan.github.io/game/game/intro/ch/c31/av2.htm
SCD0847	天使之谷新傳：艾菲梅爾島傳說	https://chiuinan.github.io/game/game/intro/ch/c31/ave.htm
SCD0844	天使之都	https://chiuinan.github.io/game/game/intro/ch/c12/angelzd.htm
	天使任務	https://chiuinan.github.io/game/game/intro/ch/c11/ang.txt
	天使們的午後1轉校生	https://chiuinan.github.io/game/game/intro/ch/c22/tsp.htm
	天使們的午後2	https://chiuinan.github.io/game/game/intro/ch/c22/tsp2.htm
SCD2694	天使協奏曲	https://chiuinan.github.io/game/game/intro/ch/c22/acencore.htm
SCD2071	天使同盟	https://chiuinan.github.io/game/game/intro/ch/c31/tenshi.htm
SCD2692	天使小夜曲	https://chiuinan.github.io/game/game/intro/ch/c22/angse.htm
SSG036	天使帝國1	https://chiuinan.github.io/game/game/intro/ch/c31/ag1.htm
SSG046	天使帝國2	https://chiuinan.github.io/game/game/intro/ch/c31/ag2.htm
SCD2231	天使帝國3	https://chiuinan.github.io/game/game/intro/ch/c31/eoa3.htm
SCD2232	天使帝國4	https://chiuinan.github.io/game/game/intro/ch/c31/eoa4.htm
SCD2693	天使戀曲	https://chiuinan.github.io/game/game/intro/ch/c22/angsy.htm
SCD2691	天使演唱會	https://chiuinan.github.io/game/game/intro/ch/c22/angelic.htm
SCD2331	天使集中營	https://chiuinan.github.io/game/game/intro/ch/c21/orgaslav.htm
SCD2695	天使鬥惡魔	https://chiuinan.github.io/game/game/intro/eng/e52/avsd.htm
OCD0127	天劍記	https://chiuinan.github.io/game/game/intro/ch/c12/skysword.htm
SCD0956	天命傳奇	https://chiuinan.github.io/game/game/intro/ch/c21/tmcq1.htm
SCD0957	天命傳奇2	https://chiuinan.github.io/game/game/intro/eng/e21/tmcq2.htm
	天命奇御	https://chiuinan.github.io/game/game/intro/ch/c12/fateseek.htm
SCD2365	天地傳說之魚美人	https://chiuinan.github.io/game/game/intro/ch/c11/ymr.htm
SCD0181	天地劫：神魔至尊傳	https://chiuinan.github.io/game/game/intro/ch/c31/sm.htm
SCD0182	天地劫序傳：幽城幻劍錄	https://chiuinan.github.io/game/game/intro/ch/c12/kalpa2.htm
SCD0183	天地劫外章	https://chiuinan.github.io/game/game/intro/ch/c12/kalpa3.htm
TTNZ005,SCD1188	天地無用！魎皇鬼	https://chiuinan.github.io/game/game/intro/ch/c22/tenchi.htm
SCD1192	天地風雲錄	https://chiuinan.github.io/game/game/intro/ch/c12/kangxi.htm
SCD2698	天堂與地獄	https://chiuinan.github.io/game/game/intro/ch/c32/hah.htm
SCD2168	天外來襲	https://chiuinan.github.io/game/game/intro/eng/e32/wow.htm
HTG018	天外劍聖錄	https://chiuinan.github.io/game/game/intro/ch/c11/sword.txt
SCD0955	天子傳奇	https://chiuinan.github.io/game/game/intro/ch/c11/sog.htm
SCD0528	天才寶寶大進擊	https://chiuinan.github.io/game/game/intro/ch/c44/genius.htm
SCD0529	天才工作坊	https://chiuinan.github.io/game/game/intro/ch/c44/inv.htm
SCD0530	天才美眉闖通關	https://chiuinan.github.io/game/game/intro/ch/c44/iqgirl.htm
	天晴傳－伏龍之章	https://chiuinan.github.io/game/game/intro/ch/c11/sky.txt
SCD0354	天河傳說	https://chiuinan.github.io/game/game/intro/ch/c11/skyriver.htm
SCD2639	天燎怒火	https://chiuinan.github.io/game/game/intro/eng/e32/outforce.htm
SCD1088	天狐16張	https://chiuinan.github.io/game/game/intro/ch/c42/th16.htm
SCD2613	天神之子：阿土	https://chiuinan.github.io/game/game/intro/ch/c52/younggu.htm
SCD2799	天神傳說	https://chiuinan.github.io/game/game/intro/ch/c44/mt.htm
SCD0587	天空之鷹：艾爾賽特任務	https://chiuinan.github.io/game/game/intro/ch/c33/asite.htm
SCD1961	天諭	https://chiuinan.github.io/game/game/intro/ch/c52/tanyu.htm
SCD1343	天賦神權：蛇女同盟	https://chiuinan.github.io/game/game/intro/eng/e32/birthrt.htm
	天路賽車	https://chiuinan.github.io/game/game/intro/eng/e52/skyroads.htm
	天頂的圍棋5	https://chiuinan.github.io/game/game/intro/ch/c41/zenith5.htm
SCD0683	天龍八部	https://chiuinan.github.io/game/game/intro/ch/c12/tl8.htm
SCD0685	天龍八部	https://chiuinan.github.io/game/game/intro/ch/c11/dragon8.htm
SCD0684	天龍八部之六脈神劍	https://chiuinan.github.io/game/game/intro/ch/c12/gds.htm
SCD0175	太子傳說	https://chiuinan.github.io/game/game/intro/ch/c11/tprince.htm
Z058	太子降魔傳	https://chiuinan.github.io/game/game/intro/ch/c21/tzxmz.htm
SCD2056	太平天國	https://chiuinan.github.io/game/game/intro/ch/c31/crisis.htm
SCD2057	太平天國：天下一統	https://chiuinan.github.io/game/game/intro/ch/c32/taipin.htm
SCD1302	太平洋戰機	https://chiuinan.github.io/game/game/intro/eng/e51/il2pf.htm
	太平洋戰爭	https://chiuinan.github.io/game/game/intro/ch/c32/witp.htm
SCD0283	太平洋戰爭之空中纏鬥	https://chiuinan.github.io/game/game/intro/eng/e51/dfight.htm
SWT176,SWT215	太平洋空戰英雄	https://chiuinan.github.io/game/game/intro/eng/e51/aces.htm
SCD0740	太極張三豐	https://chiuinan.github.io/game/game/intro/ch/c11/zsf.htm
SCD1567	太空出租車2	https://chiuinan.github.io/game/game/intro/eng/e52/sptaxi2.htm
	太空小蜜蜂	https://chiuinan.github.io/game/game/intro/eng/e51/invaders.htm
SCD2321	太空小蜜蜂	https://chiuinan.github.io/game/game/intro/eng/e51/sitog.htm
SCD2318	太空小蜜蜂	https://chiuinan.github.io/game/game/intro/eng/e51/siwin.htm
SCD2320	太空小蜜蜂	https://chiuinan.github.io/game/game/intro/eng/e51/sia.htm
	太空小蜜蜂	https://chiuinan.github.io/game/game/intro/eng/e51/bdta.htm
Z104	太空小蜜蜂	https://chiuinan.github.io/game/game/intro/eng/e51/bats.htm
SCD2319	太空小蜜蜂再臨	https://chiuinan.github.io/game/game/intro/eng/e51/rotsi.htm
SCD2622,SCD2623	太空遊俠1	https://chiuinan.github.io/game/game/intro/eng/e32/sranger1.htm
SCD2622,SCD2623	太空遊俠2：統治者	https://chiuinan.github.io/game/game/intro/eng/e32/sranger2.htm
3WG106,SCD0881	太閣立志傳1	https://chiuinan.github.io/game/game/intro/ch/c32/tk.htm
SCD0882	太閣立志傳2	https://chiuinan.github.io/game/game/intro/ch/c32/tk2.htm
SCD0883	太閣立志傳3	https://chiuinan.github.io/game/game/intro/ch/c32/tk3.htm
SCD0884	太閣立志傳4	https://chiuinan.github.io/game/game/intro/ch/c32/tk4.htm
SCD0885	太閣立志傳5	https://chiuinan.github.io/game/game/intro/ch/c32/tk5.htm
SCD0628	太陽神數學：阿波羅一號	https://chiuinan.github.io/game/game/intro/ch/c44/ascd.htm
SCD2270	小	https://chiuinan.github.io/game/game/intro/ch/c51/presidnt.htm
SCD0133	小企鵝接龍	https://chiuinan.github.io/game/game/intro/ch/c41/xpoker.htm
SCD0483	小叮噹大富翁	https://chiuinan.github.io/game/game/intro/ch/c43/doraemon.htm
SCD0469	小富婆8財篇	https://chiuinan.github.io/game/game/intro/ch/c43/xfp2.htm
SCD2100	小小探險家奧斯卡：森林歷險記	https://chiuinan.github.io/game/game/intro/ch/c44/oscar1.htm
SCD2014	小小探險家奧斯卡：農場奇遇記	https://chiuinan.github.io/game/game/intro/ch/c44/oscar2.htm
SCD2096	小小發明家：與大師相會	https://chiuinan.github.io/game/game/intro/ch/c21/smart01.htm
SCD2097	小小發明家：駭客任務	https://chiuinan.github.io/game/game/intro/ch/c44/smart02.htm
SCD2271	小小馬蓋先	https://chiuinan.github.io/game/game/intro/ch/c21/new_hart.htm
SCD0631	小小馬蓋先：叢林大冒險	https://chiuinan.github.io/game/game/intro/ch/c44/math.htm
SCD2538	小惠的性知識大百科	https://chiuinan.github.io/game/game/intro/ch/c22/sexedu.htm
	小旅鼠俄羅斯	https://chiuinan.github.io/game/game/intro/eng/e44/lemris.htm
SCD0414	小棋侶	https://chiuinan.github.io/game/game/intro/ch/c41/xql.htm
SCD0470	小燕子決戰大富翁	https://chiuinan.github.io/game/game/intro/ch/c43/richr.htm
SCD2272	小白狗庫比	https://chiuinan.github.io/game/game/intro/ch/c52/kubi.htm
SCD2273	小秘書	https://chiuinan.github.io/game/game/intro/ch/c33/lina.htm
	小精靈	https://chiuinan.github.io/game/game/intro/eng/e52/pacman.htm
SCD1510,SCD1511	小精靈1	https://chiuinan.github.io/game/game/intro/eng/e33/creature.htm
SCD1510,SCD1512	小精靈2	https://chiuinan.github.io/game/game/intro/eng/e33/creatur2.htm
SCD1510	小精靈3	https://chiuinan.github.io/game/game/intro/eng/e33/creatur3.htm
SCD1506	小精靈全明星	https://chiuinan.github.io/game/game/intro/eng/e52/pmas.htm
SCD1513	小精靈歷險記	https://chiuinan.github.io/game/game/intro/eng/e33/cradv.htm
Z070	小精靈軌道賽車	https://chiuinan.github.io/game/game/intro/eng/e44/xenoball.htm
SWE263	小鬼當家1	https://chiuinan.github.io/game/game/intro/eng/e52/ha.htm
SWT203	小鬼當家2：紐約迷途	https://chiuinan.github.io/game/game/intro/eng/e52/ha2.htm
SCD0178	小魔女	https://chiuinan.github.io/game/game/intro/ch/c52/doremi.htm
SCD1289	小魔女	https://chiuinan.github.io/game/game/intro/ch/c33/doremi2.htm
SCD0179	小魔女	https://chiuinan.github.io/game/game/intro/ch/c52/doremi3.htm
SCD1290	小魔女帕妃1：黑貓招牌的魔法店	https://chiuinan.github.io/game/game/intro/ch/c33/lwp.htm
SCD1291	小魔女帕妃2：真心的回憶	https://chiuinan.github.io/game/game/intro/ch/c33/lwp2.htm
SCD1295	小魔女琪琪：瘋狂美少女倉庫番	https://chiuinan.github.io/game/game/intro/ch/c44/staccato.htm
SCD1293	小魔女芙蘿蕾	https://chiuinan.github.io/game/game/intro/ch/c33/ffg.htm
SCD1292	小魔女蕾妮特	https://chiuinan.github.io/game/game/intro/ch/c33/lwr.htm
SCD2539	少女魔法師1	https://chiuinan.github.io/game/game/intro/ch/c33/mahou.htm
SCD2540	少女魔法師2	https://chiuinan.github.io/game/game/intro/ch/c33/mahou2.htm
SCD0653	少林十八銅人	https://chiuinan.github.io/game/game/intro/ch/c31/18man.htm
SCD2735	少林英雄：新方世玉傳奇	https://chiuinan.github.io/game/game/intro/ch/c11/herofang.htm
SCD2699	少林足球	https://chiuinan.github.io/game/game/intro/ch/c52/slsoccer.htm
SCD1089	少林麻將	https://chiuinan.github.io/game/game/intro/ch/c42/slmj.htm
SCD2471	屠龍大會	https://chiuinan.github.io/game/game/intro/eng/e21/asghan.htm
SCD2624	層疊空域：制空權	https://chiuinan.github.io/game/game/intro/eng/e32/stratosp.htm
SCD1541	山地自行車大賽	https://chiuinan.github.io/game/game/intro/eng/e52/emb.htm
SCD1077	山海經	https://chiuinan.github.io/game/game/intro/ch/c12/shj.htm
	山海經：神州戰役	https://chiuinan.github.io/game/game/intro/ch/c31/msb.htm
SWT293	工人物語1	https://chiuinan.github.io/game/game/intro/eng/e32/serfcity.htm
SCD1988	工人物語2	https://chiuinan.github.io/game/game/intro/ch/c32/settler2.htm
SCD1989	工人物語3	https://chiuinan.github.io/game/game/intro/eng/e32/settler3.htm
SCD1990	工人物語4	https://chiuinan.github.io/game/game/intro/ch/c32/settler4.htm
OCD0128	工人物語5：帝王之路	https://chiuinan.github.io/game/game/intro/ch/c32/settler5.htm
SCD1992	工人物語6：帝國的興起	https://chiuinan.github.io/game/game/intro/ch/c32/settler6.htm
SCD2788	巧克力	https://chiuinan.github.io/game/game/intro/ch/c44/chocabc.htm
SCD2752	巨人的冒險	https://chiuinan.github.io/game/game/intro/eng/e52/gigantic.htm
SCD0535	巨星大老二	https://chiuinan.github.io/game/game/intro/ch/c41/starbig2.htm
OCD0103	巨星麻將館	https://chiuinan.github.io/game/game/intro/ch/c42/starmj2.htm
SCD2640	巨獸島	https://chiuinan.github.io/game/game/intro/ch/c51/giants.htm
SCD0618	幻世錄1	https://chiuinan.github.io/game/game/intro/ch/c31/hsl.htm
SCD0619	幻世錄2：魔神戰爭	https://chiuinan.github.io/game/game/intro/ch/c31/hsl2.htm
SCD1800	幻影特攻	https://chiuinan.github.io/game/game/intro/ch/c51/hotwar.htm
SCD0025	幻想三國誌1	https://chiuinan.github.io/game/game/intro/ch/c12/fs1.htm
OCD0055	幻想三國誌2	https://chiuinan.github.io/game/game/intro/ch/c12/fs2.htm
OCD0056	幻想三國誌3	https://chiuinan.github.io/game/game/intro/ch/c12/fs3.htm
SCD0026	幻想三國誌4	https://chiuinan.github.io/game/game/intro/ch/c12/fs4.htm
SCD0027	幻想三國誌4外傳	https://chiuinan.github.io/game/game/intro/ch/c12/fs4sp.htm
	幻想三國誌5	https://chiuinan.github.io/game/game/intro/ch/c12/fs5.htm
	幻想仙緣劍2	https://chiuinan.github.io/game/game/intro/ch/c11/hxxyj2.htm
SCD0644	幻想新國度	https://chiuinan.github.io/game/game/intro/eng/e52/asterix.htm
SCD0888	幻想時空	https://chiuinan.github.io/game/game/intro/ch/c43/chance.htm
SCD0686	幻想水滸傳1	https://chiuinan.github.io/game/game/intro/ch/c11/gsd1.htm
SCD0687	幻想水滸傳2	https://chiuinan.github.io/game/game/intro/ch/c11/gsd2.htm
SWE021	幻想空間1	https://chiuinan.github.io/game/game/intro/eng/e21/lsl1.htm
SWT004	幻想空間2：尋找愛情	https://chiuinan.github.io/game/game/intro/eng/e21/lsl2.htm
SWT030	幻想空間3	https://chiuinan.github.io/game/game/intro/eng/e21/lsl3.htm
SWT127	幻想空間5	https://chiuinan.github.io/game/game/intro/eng/e21/lsl5.htm
SWT262	幻想空間6	https://chiuinan.github.io/game/game/intro/eng/e21/lsl6.htm
SCD0725	幻想空間7	https://chiuinan.github.io/game/game/intro/eng/e21/lsl7.htm
SCD0726	幻想空間8：優等生	https://chiuinan.github.io/game/game/intro/eng/e21/lsl8.htm
SCD0724	幻想紀元	https://chiuinan.github.io/game/game/intro/ch/c31/fc.htm
SCD0716	幻想西遊：佛魔重生	https://chiuinan.github.io/game/game/intro/ch/c12/westw.htm
SCD1078	幻想西遊記	https://chiuinan.github.io/game/game/intro/ch/c12/hxxyj.htm
SCD0717	幻想西遊記	https://chiuinan.github.io/game/game/intro/ch/c31/flyingsb.htm
	幻獸都市：魔法大地	https://chiuinan.github.io/game/game/intro/ch/c52/hammer.htm
SCD0981	幻界霸者	https://chiuinan.github.io/game/game/intro/ch/c32/alchemst.htm
SCD0521	幻翼傳說：露卡的魔獸教室	https://chiuinan.github.io/game/game/intro/ch/c33/luka2.htm
OCD0886	幻舞天使	https://chiuinan.github.io/game/game/intro/ch/c12/leithian.htm
SCD2762	幻象殺手	https://chiuinan.github.io/game/game/intro/ch/c21/indigo.htm
SSG040	幻象雷電	https://chiuinan.github.io/game/game/intro/ch/c51/dif.htm
SSG004	幻魔傳說	https://chiuinan.github.io/game/game/intro/ch/c52/day1.htm
SCD1801	幻魔霸主	https://chiuinan.github.io/game/game/intro/ch/c32/aox.htm
SCD2662	幽浮：末日浩劫	https://chiuinan.github.io/game/game/intro/eng/e32/ufoam.htm
SCD2663	幽浮：末日過後	https://chiuinan.github.io/game/game/intro/ch/c32/ufoas.htm
SCD2664	幽浮：末日餘暉	https://chiuinan.github.io/game/game/intro/ch/c32/ufoal.htm
3WZ006,SCD2657	幽浮1：地球防衛武力	https://chiuinan.github.io/game/game/intro/eng/e32/ufo.htm
3WZ007,SCD2658	幽浮2：深海出擊	https://chiuinan.github.io/game/game/intro/eng/e32/tftd.htm
SCD2659	幽浮3：啟示錄	https://chiuinan.github.io/game/game/intro/eng/e32/xcoma.htm
SCD2660	幽浮4：攔截者	https://chiuinan.github.io/game/game/intro/eng/e32/xci.htm
SCD2661	幽浮5：執法者	https://chiuinan.github.io/game/game/intro/eng/e51/xce.htm
	幽靈戰士1	https://chiuinan.github.io/game/game/intro/eng/e11/phanta1.htm
SWZ019	幽靈戰士3：魔神之吼	https://chiuinan.github.io/game/game/intro/eng/e11/ph3.htm
SCD0604	幽魂1	https://chiuinan.github.io/game/game/intro/eng/e21/phant1.htm
SCD0605	幽魂2	https://chiuinan.github.io/game/game/intro/eng/e21/phant2.htm
SCD1103	比基尼雀美眉	https://chiuinan.github.io/game/game/intro/ch/c42/bjn.htm
SCD0418	比基尼麻將派對	https://chiuinan.github.io/game/game/intro/ch/c42/bknmj.htm
	民主遊戲	https://chiuinan.github.io/game/game/intro/ch/c41/taiwan.htm
	民國無雙	https://chiuinan.github.io/game/game/intro/ch/c32/kowloon.htm
SCD2307	水世界	https://chiuinan.github.io/game/game/intro/eng/e32/waterw.htm
SCD1154	水之旋律1	https://chiuinan.github.io/game/game/intro/ch/c22/mizu1.htm
SCD1155	水之旋律2：緋之記憶	https://chiuinan.github.io/game/game/intro/ch/c22/mizu2.htm
SCD2306	水族天地	https://chiuinan.github.io/game/game/intro/ch/c33/aquazone.htm
SCD2787	水族小舖	https://chiuinan.github.io/game/game/intro/ch/c33/vfish.htm
	水晶之約1：夢幻假日	https://chiuinan.github.io/game/game/intro/ch/c21/dream1.htm
HTG030	水果大亨	https://chiuinan.github.io/game/game/intro/ch/c44/fruitr.htm
SWE162	水果盤	https://chiuinan.github.io/game/game/intro/ch/c44/fruit.htm
	水滸傳：天命之誓	https://chiuinan.github.io/game/game/intro/ch/c32/waterk.htm
OCD0013	水滸傳2：天導一○八星	https://chiuinan.github.io/game/game/intro/ch/c32/suiko2.htm
SCD0693	水滸傳：梁山英雄	https://chiuinan.github.io/game/game/intro/ch/c52/water.htm
SCD0694	水滸傳之梁山好漢	https://chiuinan.github.io/game/game/intro/ch/c31/shiuhu.htm
SCD0689	水滸新傳：天地之風	https://chiuinan.github.io/game/game/intro/ch/c31/winds.htm
SCD0688	水滸英雄傳：火之魂	https://chiuinan.github.io/game/game/intro/ch/c21/heroem.htm
SWE166	水管狂想曲	https://chiuinan.github.io/game/game/intro/eng/e44/pipe.htm
SCD2340	水靈仙子	https://chiuinan.github.io/game/game/intro/ch/c33/newdoll.htm
SCD1173	永恆之星	https://chiuinan.github.io/game/game/intro/ch/c31/xenoagep.htm
SCD0223	永遠的伊蘇1	https://chiuinan.github.io/game/game/intro/ch/c12/ysf1.htm
SCD0224	永遠的伊蘇2	https://chiuinan.github.io/game/game/intro/ch/c12/ysf2.htm
SCD0597	王國的興起	https://chiuinan.github.io/game/game/intro/ch/c32/ron1.htm
SCD0598	王國的興起2：傳說再現	https://chiuinan.github.io/game/game/intro/ch/c32/ron2.htm
	王國興起	https://chiuinan.github.io/game/game/intro/ch/c32/rk.htm
HTG029	王子傳奇	https://chiuinan.github.io/game/game/intro/ch/c11/prin.htm
SCD0534	王牌撲克十三張	https://chiuinan.github.io/game/game/intro/ch/c41/king13.htm
SCD1198	王牌飛行員	https://chiuinan.github.io/game/game/intro/eng/e51/crmsk.htm
SCD1937	世嘉	https://chiuinan.github.io/game/game/intro/eng/e52/segagt.htm
SCD1934	世嘉拉力賽1／	https://chiuinan.github.io/game/game/intro/eng/e52/srally1.htm
SCD1935	世嘉拉力賽2／	https://chiuinan.github.io/game/game/intro/eng/e52/srally2.htm
SCD1936	世嘉拉力賽	https://chiuinan.github.io/game/game/intro/eng/e52/srallyr.htm
SCD1134	世界名畫欣賞	https://chiuinan.github.io/game/game/intro/ch/c44/art.htm
SCD1918	世界巡迴公路賽	https://chiuinan.github.io/game/game/intro/eng/e52/roadhog.htm
	世界怪物大競賽	https://chiuinan.github.io/game/game/intro/eng/e52/gms.htm
SCD2749	世界拳擊理事會拳王爭霸	https://chiuinan.github.io/game/game/intro/eng/e51/ko.htm
SCD0082	世界棋王之可愛動物棋	https://chiuinan.github.io/game/game/intro/ch/c41/animalc.htm
SCD0082	世界棋王之圍棋大賽	https://chiuinan.github.io/game/game/intro/ch/c41/qw.htm
SCD0082	世界棋王之孔明棋	https://chiuinan.github.io/game/game/intro/ch/c41/chk1-4.htm
SCD0082	世界棋王之挑戰西洋棋	https://chiuinan.github.io/game/game/intro/ch/c41/wchess.htm
SCD0082,SCD0584	世界棋王之暗棋	https://chiuinan.github.io/game/game/intro/ch/c41/anqi.htm
SCD0082	世界棋王之決戰五子棋	https://chiuinan.github.io/game/game/intro/ch/c41/five99.htm
SCD0082	世界棋王之華容道	https://chiuinan.github.io/game/game/intro/ch/c44/chk2-3.htm
SCD0082	世界棋王之象棋大賽	https://chiuinan.github.io/game/game/intro/ch/c41/cch1-1.htm
SCD0082	世界棋王之象棋殘局經典	https://chiuinan.github.io/game/game/intro/ch/c41/endcch.htm
SCD0082	世界棋王之象棋麻將	https://chiuinan.github.io/game/game/intro/ch/c42/chk1-7.htm
SCD0082	世界棋王之跳棋高手	https://chiuinan.github.io/game/game/intro/ch/c41/jump.htm
SCD0082	世界棋王之黑白棋	https://chiuinan.github.io/game/game/intro/ch/c41/chk2-2.htm
SSG035	世界橋牌	https://chiuinan.github.io/game/game/intro/ch/c41/wbd.htm
SCD2258	世界足球競賽3	https://chiuinan.github.io/game/game/intro/eng/e52/pes3.htm
	世界足球競賽4	https://chiuinan.github.io/game/game/intro/eng/e52/pes4.htm
SCD2259	世界足球競賽5	https://chiuinan.github.io/game/game/intro/eng/e52/pes5.htm
SCD2260	世界足球競賽6	https://chiuinan.github.io/game/game/intro/eng/e52/pes6.htm
SCD2261	世界足球競賽2008	https://chiuinan.github.io/game/game/intro/eng/e52/pes2008.htm
SCD2098	世界通來旺的ㄅㄆㄇ	https://chiuinan.github.io/game/game/intro/ch/c44/lwbpm.htm
SCD2099	世界通來旺的筆劃練習簿：基礎篇	https://chiuinan.github.io/game/game/intro/ch/c44/lwbh.htm
SCD0900	世紀帝國1	https://chiuinan.github.io/game/game/intro/ch/c32/aoe1.htm
SCD0901	世紀帝國2：帝王世紀	https://chiuinan.github.io/game/game/intro/ch/c32/aoe2.htm
SCD0902	世紀帝國3	https://chiuinan.github.io/game/game/intro/ch/c32/aoe3.htm
SCD2710	世紀戰略	https://chiuinan.github.io/game/game/intro/ch/c32/tgs.htm
	世紀末商業革命	https://chiuinan.github.io/game/game/intro/ch/c33/tsc.htm
SCD1050	世紀爭霸1	https://chiuinan.github.io/game/game/intro/ch/c32/ee1.htm
SCD1051	世紀爭霸2	https://chiuinan.github.io/game/game/intro/ch/c32/ee2.htm
SCD1052	世紀爭霸3	https://chiuinan.github.io/game/game/intro/eng/e32/ee3.htm
SCD1863	世紀終極賽車	https://chiuinan.github.io/game/game/intro/eng/e52/frcs2001.htm
SCD2268	世紀職棒	https://chiuinan.github.io/game/game/intro/eng/e52/oldtime.htm
SCD1053	世紀霸業	https://chiuinan.github.io/game/game/intro/ch/c32/edmw.htm
SCD0911	世運大作戰	https://chiuinan.github.io/game/game/intro/ch/c52/qlympics.htm
SCD1588	卡丁車大賽	https://chiuinan.github.io/game/game/intro/eng/e52/kawasaki.htm
SCD1589	卡丁車大賽2004	https://chiuinan.github.io/game/game/intro/eng/e52/coronel.htm
SCD1594	卡丁車賽車	https://chiuinan.github.io/game/game/intro/eng/e52/kartrace.htm
SCD1595	卡丁車賽車手	https://chiuinan.github.io/game/game/intro/eng/e52/kartr.htm
	卡耐雞的人生指南	https://chiuinan.github.io/game/game/intro/ch/c44/kng.htm
SCD0191	卡茲之翼：拜斯維爾戰記	https://chiuinan.github.io/game/game/intro/ch/c31/garzey.htm
SWT326	卡通快打	https://chiuinan.github.io/game/game/intro/ch/c52/pee&gity.htm
	卡通快打2：歷險小精靈	https://chiuinan.github.io/game/game/intro/ch/c52/pgsp.htm
SCD0793	卡通總動員	https://chiuinan.github.io/game/game/intro/eng/e21/toonstrk.htm
SCD1938	卡通賽車	https://chiuinan.github.io/game/game/intro/eng/e52/nicktoon.htm
SCD1598	卡通風格賽車	https://chiuinan.github.io/game/game/intro/eng/e52/wacky.htm
SCD1340	印加帝國	https://chiuinan.github.io/game/game/intro/ch/c32/theocrcy.htm
Z054,SCD1341	印加帝國1	https://chiuinan.github.io/game/game/intro/eng/e44/inca.htm
SWT299,SCD1342	印加帝國2	https://chiuinan.github.io/game/game/intro/eng/e44/inca2.htm
SCD1930	印地賽車系列賽	https://chiuinan.github.io/game/game/intro/eng/e52/indycars.htm
Z090,SCD1928	印第大賽車1	https://chiuinan.github.io/game/game/intro/eng/e52/indycar.htm
SCD1929	印第大賽車2	https://chiuinan.github.io/game/game/intro/eng/e52/icr2.htm
SCD0747	印第安納瓊斯4：末日危機	https://chiuinan.github.io/game/game/intro/eng/e21/indy3d.htm
JXD008	危城爭霸	https://chiuinan.github.io/game/game/intro/ch/c32/siege.htm
SCD1253	厄夜驚悚	https://chiuinan.github.io/game/game/intro/eng/e21/nocturne.htm
SCD1758	原始人大賽車	https://chiuinan.github.io/game/game/intro/eng/e52/bcracers.htm
SCD0387	反三國志	https://chiuinan.github.io/game/game/intro/ch/c11/fsgz.htm
SCD0479	反大富翁：敗金大作戰	https://chiuinan.github.io/game/game/intro/ch/c43/dfw.htm
SCD2043	反恐精英：叢林行動	https://chiuinan.github.io/game/game/intro/eng/e51/ttco.htm
SCD0822	叛艦迷航正義之旅	https://chiuinan.github.io/game/game/intro/eng/e51/regegade.htm
JXD021	叢林戰爭	https://chiuinan.github.io/game/game/intro/ch/c31/jungle.htm
HTG006	外星大富翁	https://chiuinan.github.io/game/game/intro/ch/c43/traders.htm
SCD2141	多元智慧益智遊戲2：自然篇	https://chiuinan.github.io/game/game/intro/ch/c44/eon2.htm
SCD2142	多元智慧益智遊戲3：數學篇	https://chiuinan.github.io/game/game/intro/ch/c44/eon3.htm
SCD2276	多多筆2：森林遊樂園	https://chiuinan.github.io/game/game/intro/ch/c44/pp2.htm
SCD0202	夜想曲：妖精們的敘情詩	https://chiuinan.github.io/game/game/intro/ch/c12/eryner.htm
SCD0325	夜行偵探：零	https://chiuinan.github.io/game/game/intro/ch/c22/evezero.htm
SCD0302	夜鷹行動	https://chiuinan.github.io/game/game/intro/ch/c51/rron.htm
SCD2150	失子之城	https://chiuinan.github.io/game/game/intro/eng/e21/cite.htm
SCD2511	失落大地	https://chiuinan.github.io/game/game/intro/ch/c12/tbl.htm
SCD2510	失落的大地：亞特蘭大之謎	https://chiuinan.github.io/game/game/intro/ch/c12/atria.htm
SCD0655	失落的女神：鑽石之章	https://chiuinan.github.io/game/game/intro/ch/c33/3jewels.htm
SSG038	失落的封印	https://chiuinan.github.io/game/game/intro/ch/c11/dor.htm
SCD0632	失落的帝國：拯救古文明	https://chiuinan.github.io/game/game/intro/eng/e51/atlantbf.htm
SCD2704	失落的王冠：捉鬼大冒險	https://chiuinan.github.io/game/game/intro/ch/c21/tlcagha.htm
SCD0910	失落神話	https://chiuinan.github.io/game/game/intro/ch/c12/silverf.htm
OCD0100	正宗13張中國麻將	https://chiuinan.github.io/game/game/intro/ch/c42/mj13.htm
SCD0120	正宗中國暗棋	https://chiuinan.github.io/game/game/intro/ch/c41/dchess.htm
SCD0120	正宗中國暗棋之華容道	https://chiuinan.github.io/game/game/intro/ch/c44/road0616.htm
SCD0120	正宗中國暗棋之西瓜棋	https://chiuinan.github.io/game/game/intro/ch/c41/wm0616.htm
SCD0115	正宗中國象棋 棋王之王	https://chiuinan.github.io/game/game/intro/ch/c41/cchess11.htm
SSG042	正宗台灣十六張麻將1	https://chiuinan.github.io/game/game/intro/ch/c42/twmj.htm
SSG055,SCD0045	正宗台灣十六張麻將2	https://chiuinan.github.io/game/game/intro/ch/c42/twmj2.htm
SCD0012	正宗台灣十六張麻將3	https://chiuinan.github.io/game/game/intro/ch/c42/twmj3.htm
Z004	正宗四川省麻將	https://chiuinan.github.io/game/game/intro/ch/c42/4rw.htm
OCD0072	正宗明星麻將	https://chiuinan.github.io/game/game/intro/ch/c42/zstarmj.htm
SCD0029	正宗麻將之雍正王朝	https://chiuinan.github.io/game/game/intro/ch/c42/yzmj.htm
SCD1726	正式	https://chiuinan.github.io/game/game/intro/eng/e52/of1r.htm
	步步驚魂	https://chiuinan.github.io/game/game/intro/eng/e21/botime.htm
SCD2730	武則天	https://chiuinan.github.io/game/game/intro/ch/c33/jtwu.htm
SCD2741	武士的選擇	https://chiuinan.github.io/game/game/intro/eng/e51/tom.htm
3WZ003	武士道	https://chiuinan.github.io/game/game/intro/eng/e52/bushido.htm
Z099	武士道	https://chiuinan.github.io/game/game/intro/eng/e32/samurai.htm
SCD2654	武士魂之適者生存	https://chiuinan.github.io/game/game/intro/eng/e32/dragoni.htm
SCD2373	武姬神傳說	https://chiuinan.github.io/game/game/intro/ch/c51/vg.htm
HTG011	武林奇俠傳	https://chiuinan.github.io/game/game/intro/ch/c11/woolin.htm
SCD2344	武林盟主：決戰中原	https://chiuinan.github.io/game/game/intro/ch/c32/wlking.htm
OCD0008	武林群俠傳	https://chiuinan.github.io/game/game/intro/ch/c33/wulin.htm
	武狀元黃飛鴻	https://chiuinan.github.io/game/game/intro/ch/c12/master.txt
SCD2220	武田信玄1	https://chiuinan.github.io/game/game/intro/ch/c32/takeda1.htm
SCD2221	武田信玄2	https://chiuinan.github.io/game/game/intro/ch/c32/takeda2.htm
SCD2222	武田信玄3	https://chiuinan.github.io/game/game/intro/ch/c32/takeda3.htm
SCD0410	玉蒲團之浪史奇觀	https://chiuinan.github.io/game/game/intro/ch/c33/upt.txt
SWE158	立體俄羅斯方塊	https://chiuinan.github.io/game/game/intro/eng/e44/blockout.htm
	立體俄羅斯方塊 3-	https://chiuinan.github.io/game/game/intro/eng/e44/3dpit.htm
SCD1046	立體彈珠台1	https://chiuinan.github.io/game/game/intro/eng/e44/ftpball.htm
SCD1047	立體彈珠台2	https://chiuinan.github.io/game/game/intro/eng/e44/ftpball2.htm
	立體彈珠台：太空軍校生 3	https://chiuinan.github.io/game/game/intro/ch/c44/mspball.htm
SCD1927	立體狂飆	https://chiuinan.github.io/game/game/intro/eng/e52/slip5000.htm
SWE224	立體花式撞球	https://chiuinan.github.io/game/game/intro/eng/e52/3dpool.htm
SWE271	立體西洋棋5	https://chiuinan.github.io/game/game/intro/eng/e41/sargon5.htm
	立體賽車	https://chiuinan.github.io/game/game/intro/eng/e52/pitstop2.htm
SCD2115	童話大進擊	https://chiuinan.github.io/game/game/intro/ch/c44/kfmm.htm
SWT158,SCD2086	地下創世紀－冥河深淵	https://chiuinan.github.io/game/game/intro/eng/e12/uw.htm
SWT284,SCD2086	地下創世紀2次元之旅	https://chiuinan.github.io/game/game/intro/eng/e12/uw2.htm
Z095	地下城主1	https://chiuinan.github.io/game/game/intro/eng/e12/dm.htm
Z096,SCD2012	地下城主2	https://chiuinan.github.io/game/game/intro/eng/e12/dm2.htm
SCD1013	地城守護者1	https://chiuinan.github.io/game/game/intro/ch/c32/keeper.htm
SCD1014	地城守護者2	https://chiuinan.github.io/game/game/intro/ch/c32/keeper2.htm
SCD2341	地城英雄誌	https://chiuinan.github.io/game/game/intro/ch/c12/arxfat.htm
OCD0063	地城領主	https://chiuinan.github.io/game/game/intro/ch/c12/dlords.htm
SWT012	地心攔截	https://chiuinan.github.io/game/game/intro/eng/e32/wime.htm
SCD0560	地獄也瘋狂	https://chiuinan.github.io/game/game/intro/ch/c43/hell.htm
SCD1229	地獄怪客：夜之犬	https://chiuinan.github.io/game/game/intro/eng/e21/hellboy.htm
SCD1079	地獄門	https://chiuinan.github.io/game/game/intro/ch/c12/goh.htm
SCD2772	地面控制1	https://chiuinan.github.io/game/game/intro/ch/c32/gc.htm
SCD2773	地面控制2：大撤退	https://chiuinan.github.io/game/game/intro/ch/c32/gc2.htm
SCD1687	坎貝拉越野賽車1	https://chiuinan.github.io/game/game/intro/eng/e52/cora1.htm
SCD1688	坎貝拉越野賽車2	https://chiuinan.github.io/game/game/intro/eng/e52/cora2.htm
SCD1689	坎貝拉越野賽車3	https://chiuinan.github.io/game/game/intro/eng/e52/cora3.htm
Z097	坦克大決戰	https://chiuinan.github.io/game/game/intro/ch/c51/battle.htm
SCD2047	坦克大決戰：橘子保衛戰	https://chiuinan.github.io/game/game/intro/ch/c51/gamatank.htm
SCD1384	坦克殺手	https://chiuinan.github.io/game/game/intro/eng/e51/ktank.htm
SCD0149	城堡幻想曲2外傳：阿里哈特戰記	https://chiuinan.github.io/game/game/intro/ch/c22/cf2a.htm
SCD0148	城堡幻想曲2聖魔大戰	https://chiuinan.github.io/game/game/intro/ch/c31/cf2.htm
SCD0150	城堡幻想曲3艾倫希亞戰記	https://chiuinan.github.io/game/game/intro/ch/c31/cf3.htm
SWE154	城市大賽車	https://chiuinan.github.io/game/game/intro/eng/e52/vette.htm
SCD0758	城市百分百	https://chiuinan.github.io/game/game/intro/ch/c33/ud.htm
SCD1775	基因戰士	https://chiuinan.github.io/game/game/intro/ch/c51/ubers.htm
SCD2281	基礎日語火速上口	https://chiuinan.github.io/game/game/intro/ch/c44/sohojp.htm
SCD0389	報數！三國演義	https://chiuinan.github.io/game/game/intro/ch/c43/wss.htm
SCD1948	塔克拉瑪干：敦煌傳奇	https://chiuinan.github.io/game/game/intro/ch/c21/dunghuan.htm
SCD1135	塔羅牌占卜	https://chiuinan.github.io/game/game/intro/ch/c44/tarot.htm
SCD2080	塞派拉之核	https://chiuinan.github.io/game/game/intro/eng/e12/sepcore.htm
SCD2542	墮落天使	https://chiuinan.github.io/game/game/intro/ch/c12/fallang.htm
SCD2257	壘球大聯盟	https://chiuinan.github.io/game/game/intro/eng/e52/sbslam.htm
SCD2158	宇宙戰爭：地球突襲戰	https://chiuinan.github.io/game/game/intro/eng/e32/uawea.htm
SCD2443	宇宙特警隊	https://chiuinan.github.io/game/game/intro/eng/e51/phoenix.htm
SWT013	宇宙神風號	https://chiuinan.github.io/game/game/intro/eng/e51/silpheed.htm
SCD0292	宇宙荒舟	https://chiuinan.github.io/game/game/intro/eng/e51/sphulk.htm
SCD0293	宇宙荒舟2：聖血天使的復仇	https://chiuinan.github.io/game/game/intro/eng/e51/sphulk2.htm
SCD2249	宇宙飛行大賽車	https://chiuinan.github.io/game/game/intro/eng/e52/wraiths.htm
SCD1018	守護者之劍1	https://chiuinan.github.io/game/game/intro/ch/c12/gs.htm
SCD1019	守護者之劍2：伊格麗亞之章	https://chiuinan.github.io/game/game/intro/ch/c12/egria.htm
SCD1020	守護者之劍外傳：無盡的宿命	https://chiuinan.github.io/game/game/intro/ch/c12/gs_saga.htm
SCD2105	安安進城記：123動物園	https://chiuinan.github.io/game/game/intro/ch/c44/123math.htm
SCD1029	安安進城記：123數學城	https://chiuinan.github.io/game/game/intro/ch/c44/123mpat.htm
SCD0140	安琪莉可女王之路	https://chiuinan.github.io/game/game/intro/ch/c33/angew95.htm
SCD2315	完全失真	https://chiuinan.github.io/game/game/intro/eng/e21/totald.htm
SCD0638,SCD0636	完美撞球檯	https://chiuinan.github.io/game/game/intro/eng/e52/ppool.htm
SCD0917	官能教習	https://chiuinan.github.io/game/game/intro/ch/c33/kanno.htm
SCD1903	室內狂飆	https://chiuinan.github.io/game/game/intro/eng/e52/roomzoom.htm
SCD2124	富爾特聰明幼教：小小音樂家	https://chiuinan.github.io/game/game/intro/ch/c44/mlc.htm
	富甲天下1：三國篇	https://chiuinan.github.io/game/game/intro/ch/c43/m3k.htm
SCD0269	富甲天下2	https://chiuinan.github.io/game/game/intro/ch/c43/m3k2.htm
SCD0270	富甲天下3	https://chiuinan.github.io/game/game/intro/ch/c43/m3k3.htm
SCD0271	富甲天下4	https://chiuinan.github.io/game/game/intro/ch/c43/m3k4.htm
SCD0272	富甲天下5	https://chiuinan.github.io/game/game/intro/ch/c43/m3k5.htm
SCD0502	富貴列車：亞摩斯紀事	https://chiuinan.github.io/game/game/intro/ch/c21/golden.htm
SCD2368	寒武爭戰	https://chiuinan.github.io/game/game/intro/ch/c32/hwg.htm
SCD1865	實驗賽車	https://chiuinan.github.io/game/game/intro/eng/e52/xcar.htm
SCD0088	寫真麻將館	https://chiuinan.github.io/game/game/intro/ch/c42/xzmjg.htm
SCD1861	寵物賽車	https://chiuinan.github.io/game/game/intro/eng/e52/petracer.htm
SCD2502	寵物趴趴	https://chiuinan.github.io/game/game/intro/ch/c33/petgo.htm
SCD1104	成人方塊	https://chiuinan.github.io/game/game/intro/ch/c44/sblock.htm
SCD2091	成吉思汗	https://chiuinan.github.io/game/game/intro/ch/c31/cjsh.htm
SCD2089	成吉思汗：大漠英雄傳	https://chiuinan.github.io/game/game/intro/ch/c32/herocg.htm
SCD2769	百劍	https://chiuinan.github.io/game/game/intro/eng/e32/hswords.htm
SCD1156	百合二重奏	https://chiuinan.github.io/game/game/intro/ch/c22/solfege.htm
SCD2444	百慕達	https://chiuinan.github.io/game/game/intro/eng/e21/bermuda.htm
SCD2793	百戰天蟲：世界大戰	https://chiuinan.github.io/game/game/intro/ch/c32/wormswp.htm
SCD2798	百戰天蟲：射波	https://chiuinan.github.io/game/game/intro/eng/e44/wormsbla.htm
SCD2795	百戰天蟲：蟲堡大作戰	https://chiuinan.github.io/game/game/intro/eng/e32/wormsfus.htm
SCD2792	百戰天蟲：蟲蟲危機	https://chiuinan.github.io/game/game/intro/eng/e32/wormsarm.htm
Z127,SCD2790	百戰天蟲1	https://chiuinan.github.io/game/game/intro/eng/e32/worms.htm
SCD2791	百戰天蟲2	https://chiuinan.github.io/game/game/intro/eng/e32/worms2.htm
SCD2794	百戰天蟲3	https://chiuinan.github.io/game/game/intro/eng/e32/worms3d.htm
SCD2796	百戰天蟲4：傷害	https://chiuinan.github.io/game/game/intro/eng/e32/worms4.htm
SCD2797	百戰天蟲彈珠台	https://chiuinan.github.io/game/game/intro/eng/e44/wormspin.htm
SWE214	百戰百勝電玩篇	https://chiuinan.github.io/game/game/intro/eng/e44/fc1.htm
SWT265,SCD2013	百戰迷宮	https://chiuinan.github.io/game/game/intro/eng/e12/hack.htm
SWT052	百戰鐵翼／	https://chiuinan.github.io/game/game/intro/eng/e51/lhx.htm
SCD0355	百花物語：鏡花緣	https://chiuinan.github.io/game/game/intro/ch/c44/jhyb.htm
SCD0480	百萬大富翁	https://chiuinan.github.io/game/game/intro/ch/c44/qtbm.htm
SCD1075	百鬼夜宴	https://chiuinan.github.io/game/game/intro/ch/c33/ghostyy.htm
SCD2107	自然科學小百科	https://chiuinan.github.io/game/game/intro/ch/c44/book5.htm
SCD1540	自由式花樣自行車賽	https://chiuinan.github.io/game/game/intro/eng/e52/dmfbmx.htm
SCD1542	自由自行車大賽	https://chiuinan.github.io/game/game/intro/eng/e52/bmx.htm
SCD0744	自由與榮耀	https://chiuinan.github.io/game/game/intro/ch/c32/haf.htm
SCD1073	自由與榮耀2	https://chiuinan.github.io/game/game/intro/ch/c32/haf2.htm
SCD2442	自由計畫	https://chiuinan.github.io/game/game/intro/eng/e51/pfreedom.htm
SCD1543	自行車隊經理	https://chiuinan.github.io/game/game/intro/eng/e33/cmanage.htm
	至尊江湖	https://chiuinan.github.io/game/game/intro/ch/c31/xzzjh.htm
SCD0124	至尊麻將	https://chiuinan.github.io/game/game/intro/ch/c42/kingmaj.htm
OCD0067	至尊麻將2：麻將鐵公雞	https://chiuinan.github.io/game/game/intro/ch/c42/kingmaj2.htm
OCD0068	至尊麻將3：麻將高峰會	https://chiuinan.github.io/game/game/intro/ch/c42/kingmaj3.htm
SCD0164	致命武力	https://chiuinan.github.io/game/game/intro/ch/c31/tf1.htm
SCD0165	致命武力2重生	https://chiuinan.github.io/game/game/intro/ch/c31/tf2.htm
	致命毒藥：六人魔女	https://chiuinan.github.io/game/game/intro/ch/c41/poison.htm
SCD1906	致命車賽	https://chiuinan.github.io/game/game/intro/eng/e52/fatalrc.htm
SCD0561	致命連鎖	https://chiuinan.github.io/game/game/intro/ch/c51/ccfight.htm
SCD0177	臺語尋寶王	https://chiuinan.github.io/game/game/intro/ch/c44/tyxbw.htm
Z085	舊金山警車大賽	https://chiuinan.github.io/game/game/intro/eng/e52/cisco.htm
SCD1214	舞光十射	https://chiuinan.github.io/game/game/intro/ch/c52/crazyd.htm
SCD0702	航海大時代：海盜王	https://chiuinan.github.io/game/game/intro/ch/c21/tortuga.htm
Z098	航空大亨	https://chiuinan.github.io/game/game/intro/eng/e33/airbucks.htm
SCD2159	航空大亨1	https://chiuinan.github.io/game/game/intro/eng/e33/at.htm
SCD2160	航空大亨2	https://chiuinan.github.io/game/game/intro/ch/c33/at2.htm
3WG110,SCD1195	航空霸業2	https://chiuinan.github.io/game/game/intro/ch/c33/am2.htm
SCD0741	般若魔界	https://chiuinan.github.io/game/game/intro/ch/c52/yamaraja.htm
SCD0742	般若魔界2：帝都魔域傳	https://chiuinan.github.io/game/game/intro/ch/c12/yama2.htm
SCD2620	艦隊指揮官	https://chiuinan.github.io/game/game/intro/ch/c32/jfc.htm
SCD0367	艷鬼大富翁	https://chiuinan.github.io/game/game/intro/ch/c43/ygdfw.htm
SCD0757	血獅	https://chiuinan.github.io/game/game/intro/ch/c32/blood.htm
SCD1819	血祭1	https://chiuinan.github.io/game/game/intro/eng/e51/blood1.htm
SCD1820	血祭2：天選者	https://chiuinan.github.io/game/game/intro/eng/e51/blood2.htm
Z087,SCD1891	街機撞球	https://chiuinan.github.io/game/game/intro/eng/e52/arcpool.htm
SCD1911	街頭小撬車大賽	https://chiuinan.github.io/game/game/intro/eng/e52/luge.htm
	街頭小霸王	https://chiuinan.github.io/game/game/intro/eng/e21/ranx.htm
SCD1857	街頭拼裝賽車	https://chiuinan.github.io/game/game/intro/eng/e52/strlegal.htm
Z074	街頭鬥士	https://chiuinan.github.io/game/game/intro/eng/e52/sfm.htm
SWE172	衝鋒飛車	https://chiuinan.github.io/game/game/intro/eng/e52/dtrack.htm
SCD1828	衝鋒飛車手	https://chiuinan.github.io/game/game/intro/eng/e52/andrace.htm
SCD1959	袋鼠小天王1	https://chiuinan.github.io/game/game/intro/eng/e52/kao.htm
SCD1960	袋鼠小天王2	https://chiuinan.github.io/game/game/intro/eng/e52/kao2.htm
SCD2007	被遺忘的國度：魔之石	https://chiuinan.github.io/game/game/intro/ch/c52/demonst.htm
SWT329,SCD2067	裝甲元帥1	https://chiuinan.github.io/game/game/intro/ch/c32/pg.htm
SCD2068	裝甲元帥2	https://chiuinan.github.io/game/game/intro/eng/e32/panzer2.htm
SCD2069	裝甲元帥3：焦土作戰	https://chiuinan.github.io/game/game/intro/ch/c32/pg3.htm
SCD2070	裝甲元帥3	https://chiuinan.github.io/game/game/intro/ch/c32/pg3d.htm
SCD2490	裝甲動員令：無畏戰車	https://chiuinan.github.io/game/game/intro/eng/e51/recoil.htm
SCD2144	裝甲精英	https://chiuinan.github.io/game/game/intro/ch/c51/pe.htm
SWT038	裝甲雄師1	https://chiuinan.github.io/game/game/intro/eng/e32/m1tank.htm
SCD2062	裝甲雄師2	https://chiuinan.github.io/game/game/intro/eng/e32/m1tank2.htm
SCD2772	裝甲騎兵1	https://chiuinan.github.io/game/game/intro/ch/c32/suddenst.htm
SCD2773	裝甲騎兵2	https://chiuinan.github.io/game/game/intro/ch/c32/sudden2.htm
SCD2589	裝甲騎兵團	https://chiuinan.github.io/game/game/intro/ch/c32/pnstrife.htm
SCD0808	西楚霸王：項羽	https://chiuinan.github.io/game/game/intro/ch/c31/wking.htm
HTG013,SCD1777	西洋封神榜	https://chiuinan.github.io/game/game/intro/eng/e52/gods.htm
SCD1082	西洋棋高手8	https://chiuinan.github.io/game/game/intro/eng/e41/fritz8.htm
Z041,SCD2677	西遊記	https://chiuinan.github.io/game/game/intro/ch/c52/westadv.htm
SCD1185	西遊記：孫悟空	https://chiuinan.github.io/game/game/intro/ch/c44/pilgr.htm
SCD0358	西遊記：異世界大冒險	https://chiuinan.github.io/game/game/intro/ch/c52/westplay.htm
SCD0720	西遊記：齊天大聖篇	https://chiuinan.github.io/game/game/intro/ch/c52/ls903.htm
SCD0721	西遊記外傳	https://chiuinan.github.io/game/game/intro/ch/c11/west.htm
OCD0039	西風狂詩曲	https://chiuinan.github.io/game/game/intro/ch/c31/zephyr.htm
OCD0040	西風狂詩曲2暴風雨	https://chiuinan.github.io/game/game/intro/ch/c31/tempest.htm
SCD0314	見習天使1	https://chiuinan.github.io/game/game/intro/ch/c22/tentama.htm
SCD0315	見習天使3：黑白色	https://chiuinan.github.io/game/game/intro/ch/c22/monocrm.htm
SCD0859	解放軍之怒	https://chiuinan.github.io/game/game/intro/ch/c32/peoples.htm
SCD2143	古劍奇譚1：琴心劍魄今何在	https://chiuinan.github.io/game/game/intro/ch/c11/gujian.htm
SCD1779	古堡探險	https://chiuinan.github.io/game/game/intro/ch/c21/grackon.htm
	古墓奇兵	https://chiuinan.github.io/game/game/intro/ch/c21/tomb2013.htm
SCD0768	古墓奇兵1	https://chiuinan.github.io/game/game/intro/eng/e21/tomb.htm
SCD0769	古墓奇兵2：西安匕首	https://chiuinan.github.io/game/game/intro/eng/e21/tomb2.htm
SCD0770	古墓奇兵3：蘿拉的冒險	https://chiuinan.github.io/game/game/intro/eng/e21/tomb3.htm
SCD0771	古墓奇兵4：末世啟示錄	https://chiuinan.github.io/game/game/intro/eng/e21/tomb4.htm
SCD0772	古墓奇兵5：年代紀（回憶錄）	https://chiuinan.github.io/game/game/intro/eng/e21/tomb5.htm
SCD0773	古墓奇兵6：暗黑天使	https://chiuinan.github.io/game/game/intro/ch/c21/tomb6.htm
SCD0774	古墓奇兵7：不死傳奇	https://chiuinan.github.io/game/game/intro/ch/c21/tomb7.htm
SCD0775	古墓奇兵8：重返禁地	https://chiuinan.github.io/game/game/intro/ch/c21/tomb8.htm
SCD2035	古大陸物語：魔城戮戰 - 四個封印	https://chiuinan.github.io/game/game/intro/ch/c31/fstory12.htm
	古大陸物語1	https://chiuinan.github.io/game/game/intro/ch/c31/fstory1.htm
	古大陸物語2：雅克王的遠征	https://chiuinan.github.io/game/game/intro/ch/c31/fstory2.htm
SCD2032	古大陸物語4：銀翼傳承	https://chiuinan.github.io/game/game/intro/ch/c31/fstory4.htm
SCD2033	古大陸物語5：毀滅天境	https://chiuinan.github.io/game/game/intro/ch/c31/fstory5.htm
SCD2034	古大陸物語8：勇者鬥狂神	https://chiuinan.github.io/game/game/intro/ch/c31/fstory8.htm
SCD1145	古奇格蘭迪的十項全能賽	https://chiuinan.github.io/game/game/intro/eng/e52/xdeca.htm
SCD2780	古文明時代	https://chiuinan.github.io/game/game/intro/ch/c32/legion.htm
SCD0245	古文明霸王傳	https://chiuinan.github.io/game/game/intro/ch/c31/loak.htm
SCD2419	古神之印	https://chiuinan.github.io/game/game/intro/ch/c11/eb.htm
	古董名車賽1	https://chiuinan.github.io/game/game/intro/eng/e52/sr1.htm
	古董名車賽2	https://chiuinan.github.io/game/game/intro/eng/e52/sr2.htm
SCD1780	古靈精怪	https://chiuinan.github.io/game/game/intro/ch/c21/gift.htm
SWZ021,SCD2397	另一個世界	https://chiuinan.github.io/game/game/intro/eng/e52/world.htm
SCD2073	叮噹五福星	https://chiuinan.github.io/game/game/intro/ch/c31/yulo.htm
SCD1781	可樂米物語	https://chiuinan.github.io/game/game/intro/ch/c21/gurumin.htm
SCD1842	台北咖啡通／	https://chiuinan.github.io/game/game/intro/ch/c33/tct.htm
RS401	台北夢幻幾何	https://chiuinan.github.io/game/game/intro/ch/c21/rs401.htm
SCD0634	台北愛情故事	https://chiuinan.github.io/game/game/intro/ch/c33/loves.htm
JXD005	台海防衛戰	https://chiuinan.github.io/game/game/intro/ch/c32/twar.htm
OCD0081	台灣十六張麻將單機版	https://chiuinan.github.io/game/game/intro/ch/c42/mjsolo.htm
SCD2436	台灣辣妹16張麻將	https://chiuinan.github.io/game/game/intro/ch/c42/16mj.htm
SCD2569	台灣鐵道王：環島大作戰	https://chiuinan.github.io/game/game/intro/ch/c43/tailway.htm
SCD0078	台灣麻將全民開打	https://chiuinan.github.io/game/game/intro/ch/c42/apmj.htm
SCD1597	史卡尼：太空迷航	https://chiuinan.github.io/game/game/intro/eng/e51/lostspac.htm
SCD1597	史卡尼：拯救披薩	https://chiuinan.github.io/game/game/intro/eng/e52/savepiza.htm
SCD1597	史卡尼：沙漠突擊	https://chiuinan.github.io/game/game/intro/eng/e51/desert.htm
SCD1597	史卡尼：荒野西部	https://chiuinan.github.io/game/game/intro/eng/e52/wildwest.htm
SCD1597	史卡尼：重返森林	https://chiuinan.github.io/game/game/intro/eng/e52/backtf.htm
SCD1597	史卡尼卡丁車	https://chiuinan.github.io/game/game/intro/eng/e52/skunnykt.htm
SCD2046	史艷文－寶島囡仔王：台語‧鄉土通2	https://chiuinan.github.io/game/game/intro/ch/c44/taiwan2.htm
Z068	吃豆人	https://chiuinan.github.io/game/game/intro/eng/e52/pacem.htm
SCD1502	吃豆人世界2	https://chiuinan.github.io/game/game/intro/eng/e52/pmw2.htm
SCD1503	吃豆人世界3	https://chiuinan.github.io/game/game/intro/eng/e52/pmw3.htm
SCD1504	吃豆人世界拉力賽	https://chiuinan.github.io/game/game/intro/eng/e52/pmwr.htm
SCD1505	吃豆人女士：探索黃金迷宮	https://chiuinan.github.io/game/game/intro/eng/e52/mspmqgm.htm
Z067	吃豆夫人	https://chiuinan.github.io/game/game/intro/eng/e52/mspacem.htm
	同級生1	https://chiuinan.github.io/game/game/intro/ch/c22/dokyusei.htm
SCD2228	同級生2	https://chiuinan.github.io/game/game/intro/ch/c22/nanpa2.htm
SWT104,SCD2322	名流高爾夫	https://chiuinan.github.io/game/game/intro/eng/e52/links.htm
SWT189,SCD2323	名流高爾夫386	https://chiuinan.github.io/game/game/intro/eng/e52/links386.htm
SCD2324	名流高爾夫1997	https://chiuinan.github.io/game/game/intro/eng/e52/linksls.htm
SCD2325	名流高爾夫1998	https://chiuinan.github.io/game/game/intro/eng/e52/ls98.htm
SCD2326	名流高爾夫1999	https://chiuinan.github.io/game/game/intro/eng/e52/ls99.htm
SCD2328	名流高爾夫2000	https://chiuinan.github.io/game/game/intro/eng/e52/ls2000.htm
SCD2329	名流高爾夫2001	https://chiuinan.github.io/game/game/intro/eng/e52/link2001.htm
SCD2330	名流高爾夫2003	https://chiuinan.github.io/game/game/intro/eng/e52/link2003.htm
SCD1683	名車勒芒24小時耐力賽	https://chiuinan.github.io/game/game/intro/eng/e52/tdlm.htm
SWE019	名車大賽1	https://chiuinan.github.io/game/game/intro/eng/e52/testdriv.htm
SWE121	名車大賽2	https://chiuinan.github.io/game/game/intro/eng/e52/td2.htm
SWT070,SWE259	名車大賽3	https://chiuinan.github.io/game/game/intro/eng/e52/td3.htm
SCD1677	名車大賽4	https://chiuinan.github.io/game/game/intro/eng/e52/td4.htm
SCD1678	名車大賽5	https://chiuinan.github.io/game/game/intro/eng/e52/td5.htm
SCD1679	名車大賽6	https://chiuinan.github.io/game/game/intro/eng/e52/td6.htm
SCD1685	名車大賽	https://chiuinan.github.io/game/game/intro/eng/e52/tdo.htm
SCD1684	名車拉力賽	https://chiuinan.github.io/game/game/intro/eng/e52/tdr.htm
SCD1680	名車越野大賽1	https://chiuinan.github.io/game/game/intro/eng/e52/tdor1.htm
SCD1681	名車越野大賽2	https://chiuinan.github.io/game/game/intro/eng/e52/tdor2.htm
SCD1682	名車越野大賽3	https://chiuinan.github.io/game/game/intro/eng/e52/tdor3.htm
SCD0126	向左碰向右糊	https://chiuinan.github.io/game/game/intro/ch/c42/lrmj.htm
SCD2044	君臨天下：雍正王朝	https://chiuinan.github.io/game/game/intro/ch/c11/king.htm
SCD2725	吞噬者	https://chiuinan.github.io/game/game/intro/ch/c51/alislayer.htm
	吞豆人	https://chiuinan.github.io/game/game/intro/eng/e52/gobman.htm
SWT129	吞食天地1三國外傳	https://chiuinan.github.io/game/game/intro/ch/c11/sango.htm
SWT209	吞食天地2	https://chiuinan.github.io/game/game/intro/ch/c11/sango2.txt
SCD0401	吞食天地3	https://chiuinan.github.io/game/game/intro/ch/c31/ss3.htm
SCD0402	吞食天地4楚漢的光輝	https://chiuinan.github.io/game/game/intro/ch/c31/ss4.htm
SCD2714	吸血迷情	https://chiuinan.github.io/game/game/intro/ch/c12/vh.htm
SCD2688	吸血鬼德古拉1：魔體復活	https://chiuinan.github.io/game/game/intro/ch/c21/dracur.htm
SCD2689	吸血鬼德古拉2：最後秘密	https://chiuinan.github.io/game/game/intro/ch/c21/draculs.htm
SCD2690	吸血鬼德古拉：起源	https://chiuinan.github.io/game/game/intro/ch/c21/dracuo.htm
SCD2570	呂布與貂蟬	https://chiuinan.github.io/game/game/intro/ch/c11/lbdc.htm
	命運麻將	https://chiuinan.github.io/game/game/intro/eng/e42/mjfortun.htm
SCD2711	和平使者	https://chiuinan.github.io/game/game/intro/eng/e51/peacemk.htm
SCD2309	咕嚕一族	https://chiuinan.github.io/game/game/intro/ch/c32/gruntz.htm
SCD2567	哆啦	https://chiuinan.github.io/game/game/intro/ch/c44/dora.htm
SCD0309	哇靠轟炸雞	https://chiuinan.github.io/game/game/intro/ch/c51/chicken.htm
SCD0875	哈利波特1：神秘的魔法石	https://chiuinan.github.io/game/game/intro/ch/c21/hp1.htm
SCD0876	哈利波特2：消失的密室	https://chiuinan.github.io/game/game/intro/ch/c21/hp2.htm
SCD0877	哈利波特3：阿茲卡班的逃犯	https://chiuinan.github.io/game/game/intro/ch/c21/hp3.htm
SCD0878	哈利波特4：火盃的考驗	https://chiuinan.github.io/game/game/intro/ch/c21/hp4.htm
SCD0879	哈利波特5：鳳凰會的密令	https://chiuinan.github.io/game/game/intro/ch/c21/hp5.htm
SCD0880	哈利波特：魁地奇世界盃	https://chiuinan.github.io/game/game/intro/ch/c52/hpq.htm
SCD0156	哈姆太郎 星夜遊	https://chiuinan.github.io/game/game/intro/ch/c44/hmxyy.htm
SCD0157	哈姆太郎 星空奇緣	https://chiuinan.github.io/game/game/intro/ch/c44/hmxkqy.htm
SCD0112	哈拉麻將王	https://chiuinan.github.io/game/game/intro/ch/c42/inetmj3.htm
SCD1850	哈雷戴維森：穿越美國	https://chiuinan.github.io/game/game/intro/eng/e52/hdraa.htm
SCD1851	哈雷戴維森：自由之輪	https://chiuinan.github.io/game/game/intro/eng/e52/hdwof.htm
SCD0160	哥薩克：征服與榮耀	https://chiuinan.github.io/game/game/intro/ch/c32/dmcr.htm
SCD1854	啄木鳥賽車	https://chiuinan.github.io/game/game/intro/eng/e52/woodywr.htm
SCD2514	商場大亨1	https://chiuinan.github.io/game/game/intro/ch/c33/mt1.htm
SCD2515	商場大亨2	https://chiuinan.github.io/game/game/intro/eng/e33/mt2.htm
SCD2516	商場大亨3	https://chiuinan.github.io/game/game/intro/eng/e33/mt3.htm
SGCD2517	商業大亨1	https://chiuinan.github.io/game/game/intro/eng/e33/bbt1.htm
SGCD2518	商業大亨2	https://chiuinan.github.io/game/game/intro/eng/e33/bbt2.htm
SCD0336	問答也瘋狂1	https://chiuinan.github.io/game/game/intro/ch/c44/wf.htm
SCD2376	問答也瘋狂2	https://chiuinan.github.io/game/game/intro/ch/c44/wf2.htm
SCD0337	問答也瘋狂3：2002冠軍之路	https://chiuinan.github.io/game/game/intro/ch/c44/wf3.htm
SCD2474	善與惡1	https://chiuinan.github.io/game/game/intro/ch/c33/bnw1.htm
SCD2475	善與惡2	https://chiuinan.github.io/game/game/intro/ch/c33/bnw2.htm
SCD2472	喋血珍珠港	https://chiuinan.github.io/game/game/intro/ch/c51/airraid.htm
SCD1224	喋血街頭1	https://chiuinan.github.io/game/game/intro/eng/e51/postal.htm
SCD1225	喋血街頭2	https://chiuinan.github.io/game/game/intro/ch/c51/postal2.htm
SCD2185	喬治克隆尼之惡夜追殺令	https://chiuinan.github.io/game/game/intro/eng/e51/fdtd.htm
SCD2284	單字通：單字大補帖	https://chiuinan.github.io/game/game/intro/ch/c44/wordpow.htm
SCD2287	喵喵貓卡拉	https://chiuinan.github.io/game/game/intro/ch/c44/kalaok.htm
SCD0951	嘿咻魔法娘	https://chiuinan.github.io/game/game/intro/ch/c33/hsmfn.htm
	噗噗闖通關	https://chiuinan.github.io/game/game/intro/ch/c52/bubu.txt
SCD0736	四大名捕	https://chiuinan.github.io/game/game/intro/ch/c11/sdmb.htm
SCD0738	四大名捕之會京師	https://chiuinan.github.io/game/game/intro/ch/c11/sdmbhjs.htm
SCD0737	四大名捕之鐵手無敵	https://chiuinan.github.io/game/game/intro/ch/c52/four.htm
	四子棋終結者	https://chiuinan.github.io/game/game/intro/ch/c41/connect4.htm
SCD2102	四季花神系列：了然歷險記	https://chiuinan.github.io/game/game/intro/ch/c21/cbk.htm
SCD0109	四川省 樂園少女譚	https://chiuinan.github.io/game/game/intro/ch/c42/shisen.htm
SWT046	四川省	https://chiuinan.github.io/game/game/intro/ch/c42/4r1.htm
SWT153	四川省2	https://chiuinan.github.io/game/game/intro/ch/c42/4r2.htm
SCD0064	四川省2000	https://chiuinan.github.io/game/game/intro/ch/c42/s2000.htm
SCD1094	四川省3000	https://chiuinan.github.io/game/game/intro/ch/c42/s3000.htm
3WG058	四川省3天府之國	https://chiuinan.github.io/game/game/intro/ch/c42/4r3.htm
	四川省世界巡迴賽	https://chiuinan.github.io/game/game/intro/eng/e42/linwu.htm
	四川麻將	https://chiuinan.github.io/game/game/intro/ch/c42/4mjf.htm
SCD0650	四川麻將帝國	https://chiuinan.github.io/game/game/intro/eng/e42/mempire.htm
SCD2507	四海兄弟	https://chiuinan.github.io/game/game/intro/ch/c21/mafia.htm
	四玲瓏	https://chiuinan.github.io/game/game/intro/ch/c41/4LL.htm
SCD1381	四連環	https://chiuinan.github.io/game/game/intro/eng/e44/pusher.htm
SCD1718	四驅車大賽1	https://chiuinan.github.io/game/game/intro/eng/e52/rollcage.htm
SCD1719	四驅車大賽2	https://chiuinan.github.io/game/game/intro/eng/e52/rcs2.htm
	回到大魔域	https://chiuinan.github.io/game/game/intro/eng/e52/story2.htm
SCD2706	回聲：失落秘洞之謎	https://chiuinan.github.io/game/game/intro/ch/c21/solc.htm
Z092,SCD2001	國王密使1	https://chiuinan.github.io/game/game/intro/eng/e21/kq1.htm
Z093,SCD2001	國王密使2：皇家羅曼史	https://chiuinan.github.io/game/game/intro/eng/e21/kq2.htm
Z094,SCD2001	國王密使3：魔法生死門	https://chiuinan.github.io/game/game/intro/eng/e21/kq3.htm
Z095,SCD2001	國王密使4：蘿塞拉的冒險	https://chiuinan.github.io/game/game/intro/eng/e21/kq4.htm
SWT094,SCD2002 SCD2001	國王密使5：失城記	https://chiuinan.github.io/game/game/intro/eng/e21/kq5.htm
SWT208,SCD2003 SCD2001	國王密使6：希望之旅	https://chiuinan.github.io/game/game/intro/eng/e21/kq6.htm
SCD2004	國王密使7：沒有王子的新娘	https://chiuinan.github.io/game/game/intro/eng/e21/kq7.htm
SCD2005	國王密使8：永恆面具	https://chiuinan.github.io/game/game/intro/ch/c21/kq8.htm
	國王的恩賜	https://chiuinan.github.io/game/game/intro/eng/e32/kb.htm
SCD1782	國產凌凌漆	https://chiuinan.github.io/game/game/intro/ch/c51/gc007.htm
SCD1208	國語國民小學一年級第一冊	https://chiuinan.github.io/game/game/intro/ch/c44/chi01.htm
Z103	國際兒童話	https://chiuinan.github.io/game/game/intro/ch/c44/talk.htm
SCD1748	國際大獎賽98	https://chiuinan.github.io/game/game/intro/eng/e52/gpr98.htm
	國際象棋2003	https://chiuinan.github.io/game/game/intro/eng/e41/ches2003.htm
SCD1912	國際超級車賽	https://chiuinan.github.io/game/game/intro/eng/e52/supacars.htm
SCD1743	國際高賞金汽車錦標賽	https://chiuinan.github.io/game/game/intro/eng/e52/gpe.htm
SCD0083	圍棋傳說	https://chiuinan.github.io/game/game/intro/ch/c41/golegend.htm
	圍棋名局欣賞	https://chiuinan.github.io/game/game/intro/ch/c41/wqmj.htm
SCD1999	圍棋基礎訓練與段位測試	https://chiuinan.github.io/game/game/intro/ch/c41/sdq.htm
SWE246	圍棋大戰	https://chiuinan.github.io/game/game/intro/eng/e41/go.htm
SCD0097	圍棋習遊記	https://chiuinan.github.io/game/game/intro/ch/c41/qyj.htm
SCD2201	圍棋習遊記：初學篇	https://chiuinan.github.io/game/game/intro/ch/c41/qyj2.htm
SCD0816	圓桌武士：紅龍騎士傳說	https://chiuinan.github.io/game/game/intro/ch/c21/ak1ooe.htm
JXZ003	圓桌武士1	https://chiuinan.github.io/game/game/intro/eng/e32/excal.htm
JXZ004	圓桌武士2	https://chiuinan.github.io/game/game/intro/eng/e32/vex.htm
SCD1189	女傑	https://chiuinan.github.io/game/game/intro/ch/c33/girl.htm
SCD0133	女優火車頭	https://chiuinan.github.io/game/game/intro/ch/c41/mfjhct.htm
SCD0657	女媧補天：全家福篇	https://chiuinan.github.io/game/game/intro/ch/c44/nuwa.htm
SCD0353	女生宿舍	https://chiuinan.github.io/game/game/intro/ch/c22/nsxs.htm
SCD2712	女神天蠶變	https://chiuinan.github.io/game/game/intro/ch/c44/linegirl.htm
SCD1015	女神守護者	https://chiuinan.github.io/game/game/intro/ch/c31/g13.htm
SCD1147	女神轉生：無盡的大地	https://chiuinan.github.io/game/game/intro/ch/c11/godsloi.htm
SCD0633	好奇喬治	https://chiuinan.github.io/game/game/intro/ch/c44/cgabc.htm
SCD2277	好神旺旺來	https://chiuinan.github.io/game/game/intro/ch/c43/gsmonop.htm
SCD0066	如來神掌之宇宙爭雄	https://chiuinan.github.io/game/game/intro/ch/c11/rltr.htm
SWT151	如來金剛拳傳奇	https://chiuinan.github.io/game/game/intro/ch/c21/book.htm
SCD0416	妖塔2189	https://chiuinan.github.io/game/game/intro/ch/c22/2189.txt
SCD2778	妖姬跳跳棋	https://chiuinan.github.io/game/game/intro/ch/c41/yjjump.htm
SCD2708	妖怪與鄉巴佬	https://chiuinan.github.io/game/game/intro/ch/c32/ummv.htm
SCD2611	妖擊隊：邪神降魔錄	https://chiuinan.github.io/game/game/intro/ch/c33/ygd.htm
SSG045	妖魔道	https://chiuinan.github.io/game/game/intro/ch/c12/ymd.txt
Z034	妙探闖通關：大腳之謎	https://chiuinan.github.io/game/game/intro/eng/e21/samnmax.htm
SCD1370	妙狐神探	https://chiuinan.github.io/game/game/intro/ch/c21/ite.htm
Z056	妙賊也瘋狂1	https://chiuinan.github.io/game/game/intro/eng/e21/iuc.htm
SCD1349	妙賊也瘋狂2	https://chiuinan.github.io/game/game/intro/eng/e21/iuc2.htm
SCD2112	妮娜的願望	https://chiuinan.github.io/game/game/intro/ch/c22/ninawish.htm
	妹妹公主射擊版	https://chiuinan.github.io/game/game/intro/ch/c51/sisprig.htm
SWT131	威利奇遇記	https://chiuinan.github.io/game/game/intro/eng/e21/willy.htm
SCD2447	威力掃蕩	https://chiuinan.github.io/game/game/intro/ch/c51/expenda.htm
SCD1914	威力賽車	https://chiuinan.github.io/game/game/intro/eng/e52/power.htm
SCD2055	威爾洛克	https://chiuinan.github.io/game/game/intro/eng/e51/willrock.htm
SCD2753	嫉惡如仇	https://chiuinan.github.io/game/game/intro/eng/e32/abomb.htm
Z006	嬉笑春秋	https://chiuinan.github.io/game/game/intro/ch/c43/xi.htm
SCD1054	巫師之怒1	https://chiuinan.github.io/game/game/intro/eng/e12/rom1.htm
SCD1055	巫師之怒2	https://chiuinan.github.io/game/game/intro/ch/c12/rom2.htm
JXZ013	巫師神冠	https://chiuinan.github.io/game/game/intro/eng/e11/wc.htm
SCD1363	巫術1	https://chiuinan.github.io/game/game/intro/eng/e11/wiz1.htm
SCD1363	巫術2：鑽石騎士	https://chiuinan.github.io/game/game/intro/eng/e11/wiz2.htm
SCD1363	巫術3：萊迦買城傳奇	https://chiuinan.github.io/game/game/intro/eng/e11/wiz3.htm
SCD1363	巫術4：瓦德納的復仇	https://chiuinan.github.io/game/game/intro/eng/e11/wiz4.htm
SCD1363	巫術5：漩渦之心	https://chiuinan.github.io/game/game/intro/eng/e11/wiz5.htm
3WG032,SCD1363	巫術6：創世神筆之詛咒	https://chiuinan.github.io/game/game/intro/ch/c11/bane.htm
3WG024,SCD1363 SCD1364,SCD1365	巫術7：失落的迦地亞	https://chiuinan.github.io/game/game/intro/eng/e11/dsavant.htm
SCD1366	巫術8	https://chiuinan.github.io/game/game/intro/eng/e11/wiz8.htm
SCD1367	巫術外傳：復仇者	https://chiuinan.github.io/game/game/intro/eng/e21/nemesis.htm
	巫術對弈	https://chiuinan.github.io/game/game/intro/eng/e41/archon.htm
SCD2061	巴冷公主	https://chiuinan.github.io/game/game/intro/ch/c12/banenn.htm
	巴士帝國	https://chiuinan.github.io/game/game/intro/ch/c33/bus.htm
SCD0486	巴布工程師：公園建造記	https://chiuinan.github.io/game/game/intro/eng/e33/btb-bbp.htm
Z082,SCD1759	巴茲奧爾德林的太空競賽	https://chiuinan.github.io/game/game/intro/eng/e32/buzz.htm
SCD1190	巾幗英雄花木蘭	https://chiuinan.github.io/game/game/intro/ch/c44/fmulan.htm
SCD2627	帝國主義1	https://chiuinan.github.io/game/game/intro/eng/e32/imperial.htm
SCD2628	帝國主義2：拓荒時代	https://chiuinan.github.io/game/game/intro/ch/c32/imperia2.htm
SCD0837	帝國企業	https://chiuinan.github.io/game/game/intro/ch/c33/monopoty.htm
RS903	帝國的光榮	https://chiuinan.github.io/game/game/intro/ch/c32/rs903.htm
RS702	帝國的光榮2：帝國大反擊	https://chiuinan.github.io/game/game/intro/ch/c32/rs702.htm
SCD0346	幕府將軍：全軍破敵	https://chiuinan.github.io/game/game/intro/ch/c32/shogun.htm
SCD2728	幸福姊妹花	https://chiuinan.github.io/game/game/intro/ch/c33/smf.htm
SCD2278	我愛做頭腦體操	https://chiuinan.github.io/game/game/intro/ch/c44/iqup.htm
SCD2715	我為歌狂：夏日彩虹	https://chiuinan.github.io/game/game/intro/ch/c22/xrch.htm
SCD1233	我的夢想咖啡廳：	https://chiuinan.github.io/game/game/intro/ch/c33/iscoffee.htm
	我的女孩	https://chiuinan.github.io/game/game/intro/ch/c22/mygirls.htm
	我的女孩2	https://chiuinan.github.io/game/game/intro/ch/c22/mygirls2.htm
SCD2108	我的牛津藝術學院	https://chiuinan.github.io/game/game/intro/ch/c44/picbox.htm
SCD0630	我的第一本漫畫書	https://chiuinan.github.io/game/game/intro/ch/c44/ahabook.htm
	我的美麗天使／	https://chiuinan.github.io/game/game/intro/ch/c33/rondo.htm
SCD0013	我的野蠻麻將	https://chiuinan.github.io/game/game/intro/ch/c42/mymj.htm
	求婚365日	https://chiuinan.github.io/game/game/intro/ch/c43/365.htm
SCD2229	求婚365日2	https://chiuinan.github.io/game/game/intro/ch/c43/365-2.htm
	求愛任務	https://chiuinan.github.io/game/game/intro/eng/e21/fq.htm
SCD0405	江南才子唐伯虎	https://chiuinan.github.io/game/game/intro/ch/c12/ton.htm
SCD0806	江湖	https://chiuinan.github.io/game/game/intro/ch/c11/jh.htm
SCD0482	江湖任我行	https://chiuinan.github.io/game/game/intro/ch/c43/stalker.htm
Z043	江湖外傳	https://chiuinan.github.io/game/game/intro/ch/c12/jhrpg.htm
SCD0807	江湖後傳	https://chiuinan.github.io/game/game/intro/ch/c11/jhhz.htm
SCD0805	江湖英烈傳	https://chiuinan.github.io/game/game/intro/ch/c31/xin.htm
SCD2809	汪達爾之心：失落的古文明	https://chiuinan.github.io/game/game/intro/ch/c31/vhearts.htm
SCD0201	決勝前線	https://chiuinan.github.io/game/game/intro/eng/e32/fow.htm
SCD2572	決勝戰場	https://chiuinan.github.io/game/game/intro/ch/c32/warfare.htm
OCD0089	決勝時刻1	https://chiuinan.github.io/game/game/intro/ch/c51/cod1.htm
OCD0090	決勝時刻2	https://chiuinan.github.io/game/game/intro/ch/c51/cod2.htm
SCD0209	決勝時刻4：現代戰爭	https://chiuinan.github.io/game/game/intro/eng/e51/cod4.htm
SCD0076	決戰320：大選麻將館	https://chiuinan.github.io/game/game/intro/ch/c42/mj320.htm
	決戰中國圍棋	https://chiuinan.github.io/game/game/intro/eng/e41/weiqi.htm
SWT067	決戰中國象棋	https://chiuinan.github.io/game/game/intro/eng/e41/bchess2.htm
SCD0036	決戰中國象棋2	https://chiuinan.github.io/game/game/intro/ch/c41/bchess2c.htm
SWE232	決戰俄羅斯	https://chiuinan.github.io/game/game/intro/ch/c44/ftf.htm
SSG020	決戰台灣16張麻將	https://chiuinan.github.io/game/game/intro/ch/c42/mjf.htm
SCD2573,SCD2574	決戰大老二	https://chiuinan.github.io/game/game/intro/ch/c41/jzbig2.htm
SCD1466	決戰大魔域	https://chiuinan.github.io/game/game/intro/ch/c21/rtz.htm
SCD0133	決戰女優撲克	https://chiuinan.github.io/game/game/intro/ch/c41/avpoker.htm
SCD2445	決戰惡魔島之冒險迷城：奪寶大作戰	https://chiuinan.github.io/game/game/intro/ch/c44/mxmc.htm
SCD0207	決戰時刻：光榮戰役	https://chiuinan.github.io/game/game/intro/eng/e51/pacguner.htm
SCD0206	決戰時刻：獵虎行動	https://chiuinan.github.io/game/game/intro/eng/e51/tigerhun.htm
SCD0208	決戰時刻：鋼鐵任務	https://chiuinan.github.io/game/game/intro/eng/e51/steltide.htm
Z061	決戰泰國拳	https://chiuinan.github.io/game/game/intro/eng/e51/kick.htm
SCD2750	決戰滑鐵盧：拿破崙戰史	https://chiuinan.github.io/game/game/intro/ch/c32/waterloo.htm
HTG016	決戰皇陵	https://chiuinan.github.io/game/game/intro/ch/c21/lini.htm
SCD1123	決戰總統府	https://chiuinan.github.io/game/game/intro/ch/c51/fpresid.htm
SWE107,SCD0061	決戰西洋棋	https://chiuinan.github.io/game/game/intro/eng/e41/bchess1.htm
Z023	決戰西洋棋4000	https://chiuinan.github.io/game/game/intro/eng/e41/bc4000.htm
SCD0110	決戰陸軍棋	https://chiuinan.github.io/game/game/intro/ch/c41/junqi.htm
SCD2451	決死突擊隊1	https://chiuinan.github.io/game/game/intro/eng/e51/ddozen.htm
SCD2452	決死突擊隊2	https://chiuinan.github.io/game/game/intro/eng/e51/ddozen2.htm
SCD1821	汽車總動員	https://chiuinan.github.io/game/game/intro/eng/e52/cars.htm
SCD1822	汽車總動員：水箱溫泉歷險記	https://chiuinan.github.io/game/game/intro/eng/e52/carsrsa.htm
SCD1890	汽車零件庫：虛擬技師	https://chiuinan.github.io/game/game/intro/eng/e33/gearhead.htm
SCD1465	沉默小組1943	https://chiuinan.github.io/game/game/intro/ch/c31/ss1943.htm
SCD2625	沉默的艦隊1	https://chiuinan.github.io/game/game/intro/ch/c32/silents.htm
SCD2626	沉默的艦隊2	https://chiuinan.github.io/game/game/intro/ch/c32/silents2.htm
SCD2754	沙丘王子復仇記	https://chiuinan.github.io/game/game/intro/ch/c21/fhdune.htm
3WG015,SCD1023	沙丘魔堡	https://chiuinan.github.io/game/game/intro/ch/c32/dune.htm
3WG035	沙丘魔堡2：王朝的建立	https://chiuinan.github.io/game/game/intro/eng/e32/dune2.htm
SCD1024	沙丘魔堡2000	https://chiuinan.github.io/game/game/intro/eng/e32/dune2000.htm
SCD1025	沙丘魔堡3000	https://chiuinan.github.io/game/game/intro/ch/c32/dune3000.htm
SCD0980	沙場風暴	https://chiuinan.github.io/game/game/intro/ch/c51/msntank.htm
SWT244	沙場風雲	https://chiuinan.github.io/game/game/intro/eng/e32/line.htm
OCD0024	沙拉那之劍	https://chiuinan.github.io/game/game/intro/ch/c21/shannara.txt
SCD2643	沙皇之冠	https://chiuinan.github.io/game/game/intro/eng/e32/tzar.htm
SWE229	油龍戲縫	https://chiuinan.github.io/game/game/intro/eng/e44/oilswell.htm
SCD1706	沼澤地老車大賽	https://chiuinan.github.io/game/game/intro/eng/e52/swampbr.htm
SCD0748	法櫃奇兵：帝王之墓	https://chiuinan.github.io/game/game/intro/eng/e21/ijet.htm
SCD0706	法老	https://chiuinan.github.io/game/game/intro/ch/c33/pharaoh.htm
	泛華棋友	https://chiuinan.github.io/game/game/intro/ch/c41/fhgo.htm
SCD0649	泡泡龍	https://chiuinan.github.io/game/game/intro/eng/e44/bubblep.htm
	波動少女2	https://chiuinan.github.io/game/game/intro/ch/c33/os2.htm
SWE200	波斯王子1	https://chiuinan.github.io/game/game/intro/eng/e52/prince.htm
SCD2523	波斯王子1：時之砂	https://chiuinan.github.io/game/game/intro/eng/e21/popu1.htm
SCD2524	波斯王子2：侍魂無雙	https://chiuinan.github.io/game/game/intro/ch/c21/popu2.htm
Z114	波斯王子2：影與火	https://chiuinan.github.io/game/game/intro/eng/e52/prince2.htm
SCD2525	波斯王子3：雙刃王座	https://chiuinan.github.io/game/game/intro/eng/e21/popu3.htm
SCD2522	波斯王子3	https://chiuinan.github.io/game/game/intro/ch/c21/pop3d.htm
SCD2279	波波鼠2為什麼？恐龍篇	https://chiuinan.github.io/game/game/intro/ch/c44/pmouse2.htm
SCD2215	波霸奇兵	https://chiuinan.github.io/game/game/intro/ch/c52/vip.htm
SCD1532	泥地摩托	https://chiuinan.github.io/game/game/intro/eng/e52/motox.htm
SCD1702	泥地摩托車賽	https://chiuinan.github.io/game/game/intro/eng/e52/dbr.htm
SCD1703	泥道賽車	https://chiuinan.github.io/game/game/intro/eng/e52/dtr1.htm
SCD1704	泥道賽車：短跑車	https://chiuinan.github.io/game/game/intro/eng/e52/dtrsc.htm
SCD1705	泥道賽車2	https://chiuinan.github.io/game/game/intro/eng/e52/dtr2.htm
SCD2155	泰坦任務	https://chiuinan.github.io/game/game/intro/ch/c12/titanq.htm
SCD1117,SCD0823	洛克人1	https://chiuinan.github.io/game/game/intro/ch/c52/rm1.htm
	洛克人1	https://chiuinan.github.io/game/game/intro/eng/e52/megaman1.htm
SCD1117,SCD0823	洛克人2：威利博士之謎	https://chiuinan.github.io/game/game/intro/ch/c52/rm2.htm
SCD1117,SCD0823	洛克人3：威利博士的末期	https://chiuinan.github.io/game/game/intro/ch/c52/rm3.htm
	洛克人3：機器人起義	https://chiuinan.github.io/game/game/intro/eng/e52/megaman3.htm
SCD0823	洛克人4：新的野心	https://chiuinan.github.io/game/game/intro/ch/c52/rm4.htm
SCD0823	洛克人5：布魯斯的陷阱	https://chiuinan.github.io/game/game/intro/ch/c52/rm5.htm
SCD0823	洛克人6：史上最大戰爭	https://chiuinan.github.io/game/game/intro/ch/c52/rm6.htm
	洛克人7：宿命的對決	https://chiuinan.github.io/game/game/intro/ch/c52/rm7.htm
	洛克人8：金屬英雄們	https://chiuinan.github.io/game/game/intro/ch/c52/rm8.htm
	洛克人9：野心的復活	https://chiuinan.github.io/game/game/intro/ch/c52/rm9.htm
	洛克人10：來自宇宙的威脅	https://chiuinan.github.io/game/game/intro/ch/c52/rm10.htm
	洛克人11：命運的齒輪	https://chiuinan.github.io/game/game/intro/ch/c52/rm11.htm
SCD1118	洛克人	https://chiuinan.github.io/game/game/intro/ch/c52/rmd1.htm
SCD0829	洛克人	https://chiuinan.github.io/game/game/intro/ch/c52/rmd2.htm
SCD0827	洛克人	https://chiuinan.github.io/game/game/intro/ch/c44/rock3d.htm
SCD0830	洛克人	https://chiuinan.github.io/game/game/intro/ch/c44/rockmaiq.htm
SCD1184	洛克人	https://chiuinan.github.io/game/game/intro/ch/c52/mmx1.htm
	洛克人	https://chiuinan.github.io/game/game/intro/ch/c52/mmx2.htm
SCD0824	洛克人	https://chiuinan.github.io/game/game/intro/ch/c52/mmx3.htm
SCD0825	洛克人	https://chiuinan.github.io/game/game/intro/ch/c52/mmx4.htm
OCD0126	洛克人	https://chiuinan.github.io/game/game/intro/ch/c52/mmx5.htm
SCD0826	洛克人	https://chiuinan.github.io/game/game/intro/ch/c52/mmx6.htm
	洛克人	https://chiuinan.github.io/game/game/intro/ch/c52/mmx7.htm
OCD0117	洛克人	https://chiuinan.github.io/game/game/intro/ch/c52/mmx8.htm
SCD0831	洛克人	https://chiuinan.github.io/game/game/intro/ch/c44/rockmath.htm
	洛克人	https://chiuinan.github.io/game/game/intro/ch/c52/mmz1.htm
	洛克人	https://chiuinan.github.io/game/game/intro/ch/c52/mmz2.htm
	洛克人	https://chiuinan.github.io/game/game/intro/ch/c52/mmz3.htm
	洛克人	https://chiuinan.github.io/game/game/intro/ch/c52/mmz4.htm
	洛克人	https://chiuinan.github.io/game/game/intro/ch/c52/mmzx1.htm
	洛克人	https://chiuinan.github.io/game/game/intro/ch/c52/mmzx2.htm
SCD0832	洛克人黃金帝國	https://chiuinan.github.io/game/game/intro/ch/c43/rge.htm
Z057	洛汗騎兵	https://chiuinan.github.io/game/game/intro/eng/e32/rohan.htm
SCD0852	洪荒時代	https://chiuinan.github.io/game/game/intro/ch/c32/stx.htm
SCD0562	浣花洗劍錄	https://chiuinan.github.io/game/game/intro/ch/c11/hhxjl.htm
SCD0909	浪漫創世神話	https://chiuinan.github.io/game/game/intro/ch/c33/roman.htm
SCD2636	海商王1	https://chiuinan.github.io/game/game/intro/ch/c33/pr1.htm
SCD2637	海商王2	https://chiuinan.github.io/game/game/intro/ch/c33/pr2.htm
SCD1179	海底總動員	https://chiuinan.github.io/game/game/intro/eng/e21/nemo.htm
SCD1178	海底總動員	https://chiuinan.github.io/game/game/intro/eng/e44/nemouwf.htm
SCD1496	海洋公園大亨1	https://chiuinan.github.io/game/game/intro/eng/e33/swt1.htm
SCD1497	海洋公園大亨2	https://chiuinan.github.io/game/game/intro/eng/e33/swt2.htm
SCD2460	海灘英雄	https://chiuinan.github.io/game/game/intro/eng/e52/bksr.htm
SCD2723	海盜	https://chiuinan.github.io/game/game/intro/eng/e21/corsairs.htm
SCD2236	海盜傳奇	https://chiuinan.github.io/game/game/intro/ch/c21/max4.htm
SCD0487	海賊	https://chiuinan.github.io/game/game/intro/ch/c43/piece.htm
SCD1033	淘比當家：海洋樂園自助遊	https://chiuinan.github.io/game/game/intro/ch/c44/swtrip.htm
SCD0335	淘氣鬼闖通關	https://chiuinan.github.io/game/game/intro/ch/c43/tqdfw.htm
SCD0759	深入地心	https://chiuinan.github.io/game/game/intro/ch/c12/embrace.htm
SCD1692	深藍國際電腦象棋	https://chiuinan.github.io/game/game/intro/eng/e41/comc2003.htm
SCD1393	混沌島：失落的世界	https://chiuinan.github.io/game/game/intro/eng/e32/cisland.htm
SCD2189	混沌控制	https://chiuinan.github.io/game/game/intro/eng/e51/chaos.htm
SCD0133	清涼空當接龍	https://chiuinan.github.io/game/game/intro/ch/c41/qllong.htm
SCD0133	清涼美眉撲克	https://chiuinan.github.io/game/game/intro/ch/c41/qlpoker.htm
SCD1136	游素蘭的愛情處方箋	https://chiuinan.github.io/game/game/intro/ch/c44/tarot2.htm
SCD2483	湯姆克蘭西之間諜遊戲1	https://chiuinan.github.io/game/game/intro/eng/e52/sc1.htm
SCD2484	湯姆克蘭西之間諜遊戲2	https://chiuinan.github.io/game/game/intro/ch/c52/sc2.htm
SCD2485	湯姆克蘭西之間諜遊戲3	https://chiuinan.github.io/game/game/intro/eng/e52/sc3.htm
SCD2486	湯姆克蘭西之間諜遊戲4	https://chiuinan.github.io/game/game/intro/ch/c52/sc4.htm
SSG001	滅	https://chiuinan.github.io/game/game/intro/ch/c51/destroy.htm
	滑溜小賽車	https://chiuinan.github.io/game/game/intro/eng/e52/slicks.htm
	漁歌麻將	https://chiuinan.github.io/game/game/intro/ch/c42/majung.htm
SWE080	漢城奧運	https://chiuinan.github.io/game/game/intro/eng/e52/thegames.htm
SCD2357	漢堡戰爭	https://chiuinan.github.io/game/game/intro/ch/c32/mwar.htm
SCD1757	漫畫賽車王	https://chiuinan.github.io/game/game/intro/eng/e52/beanotr.htm
SCD2186	潘朵拉的盒子	https://chiuinan.github.io/game/game/intro/ch/c44/pandora.htm
SCD0699	潛龍紀元：龍之輓歌	https://chiuinan.github.io/game/game/intro/ch/c12/aftd.htm
SCD0454	激戰女優	https://chiuinan.github.io/game/game/intro/ch/c44/jzav.htm
SCD0455	激戰女狼2	https://chiuinan.github.io/game/game/intro/ch/c44/jzav2.htm
SCD0803	激戰足球學園	https://chiuinan.github.io/game/game/intro/ch/c52/psq.htm
SCD1344	激爆裝甲	https://chiuinan.github.io/game/game/intro/eng/e32/mfatigue.htm
SSG028	激鬥戰士	https://chiuinan.github.io/game/game/intro/ch/c51/vf.htm
SCD2801	灌籃金剛	https://chiuinan.github.io/game/game/intro/ch/c52/kk10.htm
SCD2031	亞里斯王物語	https://chiuinan.github.io/game/game/intro/ch/c31/aress.htm
SCD2147	亡命暗殺令1	https://chiuinan.github.io/game/game/intro/eng/e51/mdk.htm
SCD2148	亡命暗殺令2	https://chiuinan.github.io/game/game/intro/eng/e51/mdk2.htm
	交大六號	https://chiuinan.github.io/game/game/intro/ch/c41/nctu6.htm
SCD1297	交通英雄	https://chiuinan.github.io/game/game/intro/ch/c33/traffic.htm
SCD0517	交響樂之雨	https://chiuinan.github.io/game/game/intro/ch/c22/srain.htm
SCD0874	亨利與哈利	https://chiuinan.github.io/game/game/intro/ch/c44/handh.htm
Z116	亞紀子	https://chiuinan.github.io/game/game/intro/ch/c44/pinklady.htm
	亞特蘭提斯	https://chiuinan.github.io/game/game/intro/eng/e44/bfga1.htm
SCD0784	亞特蘭提斯1：失落的傳說	https://chiuinan.github.io/game/game/intro/ch/c21/atlant1.htm
SCD0785	亞特蘭提斯2：超越亞特蘭提斯	https://chiuinan.github.io/game/game/intro/ch/c21/atlant2.htm
SCD0786	亞特蘭提斯3：新世界	https://chiuinan.github.io/game/game/intro/ch/c21/atlant3.htm
SCD0787	亞特蘭提斯4：進化	https://chiuinan.github.io/game/game/intro/ch/c21/atlant4.htm
SCD0788	亞特蘭提斯5：神聖遺產	https://chiuinan.github.io/game/game/intro/eng/e21/atlant5.htm
	亞特蘭提斯之天空巡邏	https://chiuinan.github.io/game/game/intro/eng/e44/asp.htm
SWT166	亞特蘭提斯之謎	https://chiuinan.github.io/game/game/intro/eng/e21/atlantis.htm
Z019	亞特蘭提斯之謎動作版	https://chiuinan.github.io/game/game/intro/eng/e52/indy4a.htm
SWE184	奇中棋	https://chiuinan.github.io/game/game/intro/eng/e41/triango.htm
3WG013	奇人黑桃2	https://chiuinan.github.io/game/game/intro/ch/c41/big2.htm
SWT199,SWT264	奇妙大百科1	https://chiuinan.github.io/game/game/intro/eng/e44/tim.htm
SWT323,SCD0727	奇妙大百科2	https://chiuinan.github.io/game/game/intro/eng/e44/tim2.htm
SCD0763	奇妙大百科再現	https://chiuinan.github.io/game/game/intro/eng/e44/rim.htm
Z017,SCD0728	奇妙大百科：卡通篇	https://chiuinan.github.io/game/game/intro/eng/e44/toons.htm
SCD1071	奇妙大百科：倒水奇謀	https://chiuinan.github.io/game/game/intro/eng/e44/enigmo.htm
SCD0817	奇幻魔法暗棋	https://chiuinan.github.io/game/game/intro/ch/c41/magicch.htm
SCD1538	奇異雪橇車大賽	https://chiuinan.github.io/game/game/intro/eng/e52/snowxs.htm
SCD0306	奇蹟動物園	https://chiuinan.github.io/game/game/intro/ch/c33/zooemp.htm
SCD2342	奇蹟餐廳1	https://chiuinan.github.io/game/game/intro/ch/c33/restemp1.htm
SCD2343	奇蹟餐廳2	https://chiuinan.github.io/game/game/intro/ch/c33/restemp2.htm
SWT255,SCD2338	奇門遁甲之九五真龍	https://chiuinan.github.io/game/game/intro/ch/c11/drag.htm
SCD0425	奔馳好手	https://chiuinan.github.io/game/game/intro/eng/e52/spb.htm
SCD2019	奧德賽：尋找尤利西斯	https://chiuinan.github.io/game/game/intro/ch/c21/odyssey.htm
SCD2316	奧斯卡	https://chiuinan.github.io/game/game/intro/eng/e52/oscar.htm
SCD2381	奧林匹亞橋賽1	https://chiuinan.github.io/game/game/intro/eng/e41/bo.htm
SCD1991	奧林匹亞橋賽2	https://chiuinan.github.io/game/game/intro/ch/c41/bo2.htm
SCD1967	奪寶奇謀	https://chiuinan.github.io/game/game/intro/ch/c21/louvre.htm
SCD1917	死亡拉力賽	https://chiuinan.github.io/game/game/intro/eng/e52/drally.htm
	死亡競賽	https://chiuinan.github.io/game/game/intro/eng/e32/nexagon.htm
	死亡賽車	https://chiuinan.github.io/game/game/intro/eng/e52/dracer.htm
SCD0819	殖民爭霸戰	https://chiuinan.github.io/game/game/intro/eng/e32/enations.htm
SCD0820	殖民計劃	https://chiuinan.github.io/game/game/intro/ch/c33/aps.htm
SCD0821	殖民計劃2	https://chiuinan.github.io/game/game/intro/ch/c33/aps2.htm
OCD0009	臥虎藏龍之青冥劍	https://chiuinan.github.io/game/game/intro/ch/c11/tiger.htm
Z109	臥龍傳	https://chiuinan.github.io/game/game/intro/ch/c32/dragon.htm
SCD0573	重裝武力	https://chiuinan.github.io/game/game/intro/eng/e51/ssam1-2.htm
SCD0572	重裝武力	https://chiuinan.github.io/game/game/intro/eng/e51/ssam1-1.htm
SCD0574	重裝武力2	https://chiuinan.github.io/game/game/intro/eng/e51/ssam2.htm
SCD0350	重返中世紀	https://chiuinan.github.io/game/game/intro/eng/e52/gmedieva.htm
SCD2453	重返狼穴3：越南視線	https://chiuinan.github.io/game/game/intro/ch/c51/losv.htm
SWZ005	重金屬美女	https://chiuinan.github.io/game/game/intro/eng/e44/blueangl.htm
SCD2396	野店	https://chiuinan.github.io/game/game/intro/ch/c22/tokimeki.htm
SCD2470	野戰精英	https://chiuinan.github.io/game/game/intro/eng/e32/sl.htm
SCD0311	野戰雄獅1	https://chiuinan.github.io/game/game/intro/ch/c51/pea.htm
SCD2145	野戰雄獅2	https://chiuinan.github.io/game/game/intro/eng/e51/pea2.htm
SCD1478	野生動物園1	https://chiuinan.github.io/game/game/intro/eng/e33/wlp.htm
SCD1479	野生動物園2	https://chiuinan.github.io/game/game/intro/eng/e33/wlp2.htm
SCD2367	野蠻世紀之恐龍戰士	https://chiuinan.github.io/game/game/intro/ch/c51/crazysh.htm
SCD0141	阿凡提尋寶歷險	https://chiuinan.github.io/game/game/intro/ch/c22/aft.htm
SCD0261	阿凡達	https://chiuinan.github.io/game/game/intro/eng/e51/avatar.htm
SCD2356	阿加雷斯特戰記1	https://chiuinan.github.io/game/game/intro/ch/c31/agarest.htm
3WG067,SCD2544	阿卡尼亞傳說1	https://chiuinan.github.io/game/game/intro/eng/e31/bod.htm
SCD2545	阿卡尼亞傳說2	https://chiuinan.github.io/game/game/intro/eng/e31/roast.htm
SCD2546	阿卡尼亞傳說3	https://chiuinan.github.io/game/game/intro/eng/e31/riva.htm
SCD0147	阿嘉莎克莉絲蒂：午日奇屍	https://chiuinan.github.io/game/game/intro/eng/e22/ac3.htm
SCD0146	阿嘉莎克莉絲蒂：無人生還	https://chiuinan.github.io/game/game/intro/eng/e22/ac1.htm
SCD0153	阿帕契捍衛隊	https://chiuinan.github.io/game/game/intro/eng/e51/tapache.htm
SCD1200	阿帕契：拂曉出擊	https://chiuinan.github.io/game/game/intro/eng/e51/oaa2.htm
Z125	阿徹麥克萊恩的美式撞球	https://chiuinan.github.io/game/game/intro/eng/e52/pool.htm
SCD2280	阿拉丁之阿布歷險記	https://chiuinan.github.io/game/game/intro/eng/e52/ruckus.htm
SCD1076	阿曼尼斯傳說	https://chiuinan.github.io/game/game/intro/ch/c12/amaranth.htm
TTNZ002,SCD0237	阿曼尼斯傳說3	https://chiuinan.github.io/game/game/intro/ch/c31/amar3.htm
SCD2716	阿歷的歡樂牧場	https://chiuinan.github.io/game/game/intro/ch/c52/alex.htm
SCD0143	阿比再出擊	https://chiuinan.github.io/game/game/intro/eng/e52/abe2.htm
SCD0142	阿比逃亡記	https://chiuinan.github.io/game/game/intro/eng/e52/abe1.htm
SCD2109	阿毛家族系列：我愛恐龍	https://chiuinan.github.io/game/game/intro/ch/c21/dsafari.htm
SCD0144	阿毛的	https://chiuinan.github.io/game/game/intro/ch/c44/abc6.htm
SCD0145	阿毛的西洋繪畫之旅	https://chiuinan.github.io/game/game/intro/ch/c44/artwiz.htm
SCD0154	阿瑪迪斯戰記	https://chiuinan.github.io/game/game/intro/ch/c31/lob.htm
OCD0017	阿貓阿狗	https://chiuinan.github.io/game/game/intro/ch/c12/tuntown.htm
OCD0057	阿貓阿狗2	https://chiuinan.github.io/game/game/intro/ch/c12/tuntown2.htm
SCD0152	阿雅超時空歷險	https://chiuinan.github.io/game/game/intro/ch/c44/aya.htm
SCD1093	陪女打麻將	https://chiuinan.github.io/game/game/intro/ch/c42/pnmj.htm
SCD0659	陰陽幻境	https://chiuinan.github.io/game/game/intro/eng/e21/3di.htm
SCD0211	陸戰英豪之重回戰場	https://chiuinan.github.io/game/game/intro/ch/c51/lzyh.htm
SWT227,SWT243 SWT252,SCD2425	陸空戰將	https://chiuinan.github.io/game/game/intro/eng/e51/sc.htm
SCD0328	陸軍元帥	https://chiuinan.github.io/game/game/intro/ch/c41/spywar.htm
	陸軍棋	https://chiuinan.github.io/game/game/intro/ch/c41/army.htm
SCD1944	陽光使命	https://chiuinan.github.io/game/game/intro/eng/e21/missions.htm
Z101(缺片)	隋唐演義	https://chiuinan.github.io/game/game/intro/ch/c32/nn.htm
SCD1309	隋唐爭霸	https://chiuinan.github.io/game/game/intro/ch/c32/suitang.htm
HTG002	隋唐群雄傳	https://chiuinan.github.io/game/game/intro/ch/c32/tmark.htm
SCD1977	青少棒揚威記1／	https://chiuinan.github.io/game/game/intro/ch/c33/vrbb.htm
SCD1978	青少棒揚威記2	https://chiuinan.github.io/game/game/intro/ch/c33/ybbs2.htm
SCD0526	青澀寶貝1：星座戀愛物語	https://chiuinan.github.io/game/game/intro/ch/c22/sgw1.htm
SCD0527	青澀寶貝2	https://chiuinan.github.io/game/game/intro/ch/c22/sgw2.htm
	青澀寶貝射擊	https://chiuinan.github.io/game/game/intro/ch/c51/sgstg.htm
SWT020	青色枷詛咒	https://chiuinan.github.io/game/game/intro/eng/e11/curse.htm
SCD1193	青蛇：法海恩仇錄	https://chiuinan.github.io/game/game/intro/ch/c11/snake1.htm
SCD1194	青蛇2	https://chiuinan.github.io/game/game/intro/ch/c11/snake2.htm
SCD2647	青蛙過街1	https://chiuinan.github.io/game/game/intro/eng/e52/frogger.htm
SCD2648	青蛙過街2	https://chiuinan.github.io/game/game/intro/eng/e52/frogger2.htm
SCD0912	非常總統大富翁	https://chiuinan.github.io/game/game/intro/ch/c43/rich2000.htm
	非洲探險1	https://chiuinan.github.io/game/game/intro/ch/c43/africa.htm
SCD2394	非洲探險2	https://chiuinan.github.io/game/game/intro/ch/c43/africa2.htm
SWT213	勇士傳奇	https://chiuinan.github.io/game/game/intro/ch/c12/lov.htm
SCD0308	勇敢小伊達：童話大冒險	https://chiuinan.github.io/game/game/intro/ch/c52/ida.htm
HTG024	勇者傳說	https://chiuinan.github.io/game/game/intro/ch/c11/herol.htm
SCD2446	勇者急先鋒	https://chiuinan.github.io/game/game/intro/ch/c52/bravef.htm
SCD0089	勇者泡泡龍	https://chiuinan.github.io/game/game/intro/ch/c52/bobo.htm
SCD0513	勇者泡泡龍2	https://chiuinan.github.io/game/game/intro/ch/c52/bobo2.htm
SCD0514	勇者泡泡龍3	https://chiuinan.github.io/game/game/intro/ch/c52/bobo3.htm
SCD0515	勇者泡泡龍4電碼城大戰	https://chiuinan.github.io/game/game/intro/ch/c52/bobo4.htm
SCD0516	勇者泡泡龍夢工場	https://chiuinan.github.io/game/game/intro/ch/c33/bobom.htm
SCD0471	勇者泡泡龍大富翁	https://chiuinan.github.io/game/game/intro/ch/c43/boborich.htm
JXP300	勇者鬥惡龍1	https://chiuinan.github.io/game/game/intro/ch/c11/dq1.htm
JXP400	勇者鬥惡龍2：邪惡神官哈根	https://chiuinan.github.io/game/game/intro/ch/c11/dq2.htm
	勇者鬥惡龍3：傳說的終章	https://chiuinan.github.io/game/game/intro/ch/c11/dq3.htm
SCD2187	勇闖侏儸紀	https://chiuinan.github.io/game/game/intro/ch/c21/dinoph.htm
SCD0854	動物俄羅斯	https://chiuinan.github.io/game/game/intro/eng/e44/bakubaku.htm
SCD1481	動物園大亨1	https://chiuinan.github.io/game/game/intro/ch/c33/zootyn1.htm
SCD1482	動物園大亨2	https://chiuinan.github.io/game/game/intro/ch/c33/zootyn2.htm
SCD1477	動物天堂	https://chiuinan.github.io/game/game/intro/ch/c33/animalp.htm
SCD1160	動物奧運會	https://chiuinan.github.io/game/game/intro/ch/c33/tag.htm
	弈友	https://chiuinan.github.io/game/game/intro/ch/c41/gf.htm
	弈心	https://chiuinan.github.io/game/game/intro/ch/c41/yixin.htm
SCD2493	式神之城1	https://chiuinan.github.io/game/game/intro/eng/e51/shiki.htm
SCD2494	式神之城3	https://chiuinan.github.io/game/game/intro/eng/e51/shiki3.htm
SCD1356	改裝車大賽1：美國街頭飆車	https://chiuinan.github.io/game/game/intro/eng/e52/hrasd.htm
SCD1357	改裝車大賽2：光榮締造者	https://chiuinan.github.io/game/game/intro/eng/e52/hrgtg.htm
SCD0331	攻殼總司令	https://chiuinan.github.io/game/game/intro/ch/c32/rc.htm
SCD1673	攻擊點2	https://chiuinan.github.io/game/game/intro/eng/e32/poa2.htm
SCD0034	政治麻將2	https://chiuinan.github.io/game/game/intro/ch/c42/wmj2.htm
SCD0033	政治麻將3：凱達格蘭夜市	https://chiuinan.github.io/game/game/intro/ch/c42/wmj3.htm
OCD0080	政治麻將三缺一	https://chiuinan.github.io/game/game/intro/ch/c42/just2000.htm
SCD0406	皇后	https://chiuinan.github.io/game/game/intro/ch/c33/queen.htm
	皇室血裔1	https://chiuinan.github.io/game/game/intro/ch/c32/gemfire.htm
SCD2702	皇室血裔2	https://chiuinan.github.io/game/game/intro/ch/c32/royal2.htm
SCD2352	皇家海軍陸戰隊突擊隊	https://chiuinan.github.io/game/game/intro/eng/e51/rmc.htm
	皇家騎士團2：重生	https://chiuinan.github.io/game/game/intro/ch/c31/togre.htm
SCD0411	皇帝	https://chiuinan.github.io/game/game/intro/ch/c33/emperor.htm
SCD0413	皇帝之橫世霸業	https://chiuinan.github.io/game/game/intro/ch/c32/hsby.htm
SCD0412	皇帝：中國的崛起	https://chiuinan.github.io/game/game/intro/ch/c33/ermk.htm
SCD1997	秋之回憶：雨後／	https://chiuinan.github.io/game/game/intro/ch/c22/memoffar.htm
SCD1993	秋之回憶1	https://chiuinan.github.io/game/game/intro/ch/c22/memoff1.htm
SCD1994	秋之回憶2	https://chiuinan.github.io/game/game/intro/ch/c22/memoff2.htm
SCD1995	秋之回憶3：想君	https://chiuinan.github.io/game/game/intro/ch/c22/memoff3.htm
SCD2408	秋之回憶4	https://chiuinan.github.io/game/game/intro/ch/c22/memoff4.htm
SCD2016	秋之回憶4外傳：從今以後	https://chiuinan.github.io/game/game/intro/ch/c22/memoff4a.htm
SCD2023	秋之回憶5：中斷的影片	https://chiuinan.github.io/game/game/intro/ch/c22/memoff5.htm
SCD1996	秋之回憶5外傳：安可	https://chiuinan.github.io/game/game/intro/ch/c22/memoff5a.htm
SCD2050	秋之回憶6：	https://chiuinan.github.io/game/game/intro/ch/c22/memoff6.htm
SCD2024	秋之回憶7：打勾勾的記憶	https://chiuinan.github.io/game/game/intro/ch/c22/memoff7.htm
SCD2426	秋之回憶	https://chiuinan.github.io/game/game/intro/ch/c22/memoffdu.htm
	科學小飛俠	https://chiuinan.github.io/game/game/intro/ch/c22/flyhero.txt
	科學怪人	https://chiuinan.github.io/game/game/intro/eng/e52/fr.htm
SCD0429	科學怪人	https://chiuinan.github.io/game/game/intro/eng/e22/frankie.htm
SCD0430	科學怪人	https://chiuinan.github.io/game/game/intro/ch/c44/frank.htm
SCD1791	科林麥克雷拉力賽車1	https://chiuinan.github.io/game/game/intro/eng/e52/cmr1.htm
SCD1792	科林麥克雷拉力賽車2	https://chiuinan.github.io/game/game/intro/eng/e52/cmr2.htm
SCD1795	科林麥克雷拉力賽車2005	https://chiuinan.github.io/game/game/intro/eng/e52/cmr2005.htm
SCD1793	科林麥克雷拉力賽車3	https://chiuinan.github.io/game/game/intro/eng/e52/cmr3.htm
SCD1794	科林麥克雷拉力賽車4	https://chiuinan.github.io/game/game/intro/eng/e52/cmr4.htm
SCD0764	科隆戰記1：受咒之地	https://chiuinan.github.io/game/game/intro/ch/c12/corum.htm
SCD0765	科隆戰記2：闇黑帝降臨	https://chiuinan.github.io/game/game/intro/ch/c12/corum2.htm
SCD0766	科隆戰記3	https://chiuinan.github.io/game/game/intro/ch/c12/corum3.htm
SCD0767	科隆戰記外傳：創世啟示錄	https://chiuinan.github.io/game/game/intro/ch/c31/coruma.htm
SCD2171	秦殤	https://chiuinan.github.io/game/game/intro/ch/c12/poq.htm
SCD2172	秦殤前傳：復活	https://chiuinan.github.io/game/game/intro/ch/c12/soe.htm
SCD0137	空中司令	https://chiuinan.github.io/game/game/intro/eng/e33/aircom3.htm
SCD1199	空中突擊行動	https://chiuinan.github.io/game/game/intro/eng/e51/oaa.htm
SCD0327	空戰1945	https://chiuinan.github.io/game/game/intro/ch/c51/f1945.htm
SCD2806	空戰霸主：一戰烽火	https://chiuinan.github.io/game/game/intro/ch/c51/aoww1.htm
	突擊美少女	https://chiuinan.github.io/game/game/intro/ch/c52/ctmix.txt
SCD2188	美人魚的季節	https://chiuinan.github.io/game/game/intro/ch/c22/mermaid.htm
SCD2192,SCD2193	美國保齡球	https://chiuinan.github.io/game/game/intro/eng/e52/bowlusa.htm
	美國的惡夢	https://chiuinan.github.io/game/game/intro/ch/c32/alog.htm
SCD2740	美國空戰1918／	https://chiuinan.github.io/game/game/intro/eng/e51/acm1918.htm
SCD2547	美國職棒大聯盟97	https://chiuinan.github.io/game/game/intro/eng/e52/tplay.htm
SCD2548	美國職棒大聯盟98	https://chiuinan.github.io/game/game/intro/eng/e52/tp98.htm
SCD2549	美國職棒大聯盟99	https://chiuinan.github.io/game/game/intro/eng/e52/tp99.htm
SCD2550	美國職棒大聯盟2000	https://chiuinan.github.io/game/game/intro/eng/e52/tp2000.htm
SCD2551	美國職棒大聯盟2001	https://chiuinan.github.io/game/game/intro/eng/e52/tp2001.htm
SCD2682	美國職棒大聯盟2002	https://chiuinan.github.io/game/game/intro/eng/e52/tp2002.htm
SCD2552	美國職棒大聯盟2003	https://chiuinan.github.io/game/game/intro/eng/e52/mvp2003.htm
SCD2553	美國職棒大聯盟2004	https://chiuinan.github.io/game/game/intro/eng/e52/mvp2004.htm
SCD2554	美國職棒大聯盟2005	https://chiuinan.github.io/game/game/intro/ch/c52/mvp2005.htm
	美國陸軍後備隊汽笛車大賽	https://chiuinan.github.io/game/game/intro/eng/e52/usar.htm
SCD0359	美女快打	https://chiuinan.github.io/game/game/intro/ch/c51/mnqd.htm
	美女拳	https://chiuinan.github.io/game/game/intro/ch/c44/dreamer.htm
	美女撲克2	https://chiuinan.github.io/game/game/intro/eng/e41/spoker2.htm
SWE151	美女撲克歐洲版	https://chiuinan.github.io/game/game/intro/eng/e41/teenage.htm
SWZ011	美女梭哈	https://chiuinan.github.io/game/game/intro/ch/c41/runs.htm
RSZ002	美女水果盤	https://chiuinan.github.io/game/game/intro/ch/c44/girlss.htm
RS801	美女物語：日本風情篇	https://chiuinan.github.io/game/game/intro/ch/c21/rs801.htm
	美女終結者	https://chiuinan.github.io/game/game/intro/ch/c44/zhongjie.txt
Z009	美女綜藝大集合	https://chiuinan.github.io/game/game/intro/ch/c44/quiz.htm
SCD0133	美女速算撲克	https://chiuinan.github.io/game/game/intro/ch/c41/mfpoker.htm
SCD1159	美媚夢工廠：美形女獸的冒險故事	https://chiuinan.github.io/game/game/intro/ch/c41/pokypoky.htm
SCD0297	美少女夢工場：	https://chiuinan.github.io/game/game/intro/ch/c43/gogop.htm
SCD0380	美少女夢工場	https://chiuinan.github.io/game/game/intro/ch/c44/pmq.htm
JXD007 SCD0374,SCD0375	美少女夢工廠	https://chiuinan.github.io/game/game/intro/ch/c33/pm.htm
JXZ001,SCD0374 SCD0375,SCD0376	美少女夢工廠2	https://chiuinan.github.io/game/game/intro/ch/c33/pm2.htm
SCD0374,SCD0375 SCD0377	美少女夢工廠3：夢幻妖精	https://chiuinan.github.io/game/game/intro/ch/c33/pm3.htm
SCD0378	美少女夢工廠4	https://chiuinan.github.io/game/game/intro/ch/c33/pm4.htm
SCD0379	美少女夢工廠5	https://chiuinan.github.io/game/game/intro/ch/c33/pm5.htm
SCD0472	美少女大富翁	https://chiuinan.github.io/game/game/intro/ch/c43/sumrich.htm
SCD0415	美少女戰士麻將	https://chiuinan.github.io/game/game/intro/ch/c42/salorwar.htm
	美少女戰記	https://chiuinan.github.io/game/game/intro/ch/c43/girl.txt
SSG011	美少女撲克	https://chiuinan.github.io/game/game/intro/ch/c41/jpoker.htm
SCD0599	美少女救援隊	https://chiuinan.github.io/game/game/intro/ch/c32/warg.htm
SCD0588	美少女特勤組	https://chiuinan.github.io/game/game/intro/ch/c11/gb.htm
	美式摩托車	https://chiuinan.github.io/game/game/intro/eng/e52/achopper.htm
SCD0718	美猴王	https://chiuinan.github.io/game/game/intro/ch/c11/mkking.htm
SCD0473	美眉大富翁：魔法少女大作戰	https://chiuinan.github.io/game/game/intro/ch/c43/mir.htm
SCD0567	美麗新國度	https://chiuinan.github.io/game/game/intro/eng/e32/an1.htm
SCD0568	美麗新國度2	https://chiuinan.github.io/game/game/intro/ch/c32/an2.htm
SCD2508	義大利黑手黨	https://chiuinan.github.io/game/game/intro/eng/e52/tij.htm
SCD0490	翡翠群星大富翁	https://chiuinan.github.io/game/game/intro/ch/c43/jadestar.htm
SCD0481	老夫子大富翁	https://chiuinan.github.io/game/game/intro/ch/c43/omasterq.htm
SCD0049	音控台灣麻將王	https://chiuinan.github.io/game/game/intro/ch/c42/mjking.htm
SCD0433	音速小子3	https://chiuinan.github.io/game/game/intro/eng/e52/sonic3d.htm
SCD0431,SCD0854	音速小子3與納克魯斯	https://chiuinan.github.io/game/game/intro/ch/c52/sonic3k.htm
SCD0432	音速小子大競擊	https://chiuinan.github.io/game/game/intro/eng/e52/sonicr.htm
	音速小子狂熱	https://chiuinan.github.io/game/game/intro/eng/e52/sonicmn.htm
SCD0068	頑劣家族之搶錢任務	https://chiuinan.github.io/game/game/intro/ch/c44/family.htm
Z071	頑皮小精靈1	https://chiuinan.github.io/game/game/intro/eng/e21/gob.htm
Z072,SCD1508	頑皮小精靈2：小丑王子	https://chiuinan.github.io/game/game/intro/eng/e21/gob2.htm
Z073,SCD1509	頑皮小精靈3	https://chiuinan.github.io/game/game/intro/eng/e21/gob3.htm
SCD0578	領國大戰略	https://chiuinan.github.io/game/game/intro/ch/c32/lordmon.htm
SCD0158	頭號通緝犯	https://chiuinan.github.io/game/game/intro/ch/c31/no1.htm
SCD1662	風之探索者	https://chiuinan.github.io/game/game/intro/ch/c11/gslam.htm
HTG019	風塵三俠之金箭使者	https://chiuinan.github.io/game/game/intro/ch/c11/fs.txt
SCD1950	風暴	https://chiuinan.github.io/game/game/intro/ch/c32/madrun.htm
SCD2448	風暴行動	https://chiuinan.github.io/game/game/intro/eng/e51/raystorm.htm
SCD0277	風月寶鑒	https://chiuinan.github.io/game/game/intro/ch/c42/jhmj.htm
	風林火山	https://chiuinan.github.io/game/game/intro/ch/c11/flhs.htm
Z011	風火跳棋2	https://chiuinan.github.io/game/game/intro/ch/c41/ffh2.htm
SCD1872	風火輪：噴射機	https://chiuinan.github.io/game/game/intro/eng/e51/hwjetz.htm
SCD1875	風火輪：巴什競技場	https://chiuinan.github.io/game/game/intro/eng/e52/hwba.htm
SCD1871	風火輪：微型賽車	https://chiuinan.github.io/game/game/intro/eng/e52/hwmr.htm
SCD1878	風火輪：打敗它	https://chiuinan.github.io/game/game/intro/eng/e52/hwbt.htm
SCD0916	風火輪：撞毀	https://chiuinan.github.io/game/game/intro/eng/e44/hwcrash.htm
SCD1877	風火輪：特技賽道挑戰賽	https://chiuinan.github.io/game/game/intro/eng/e52/hwstc.htm
SCD1869	風火輪：特技賽道駕駛員1	https://chiuinan.github.io/game/game/intro/eng/e52/hwstd1.htm
SCD1870	風火輪：特技賽道駕駛員2	https://chiuinan.github.io/game/game/intro/eng/e52/hwstd2.htm
SCD1876	風火輪：環球競賽	https://chiuinan.github.io/game/game/intro/eng/e52/hwwr.htm
SCD1874	風火輪：疾速賽車	https://chiuinan.github.io/game/game/intro/eng/e52/hwvx.htm
SCD1873	風火輪：麥肯尼斯	https://chiuinan.github.io/game/game/intro/eng/e52/hwmech.htm
SCD0889	風色幻想1：魔導聖戰	https://chiuinan.github.io/game/game/intro/ch/c31/wf1.htm
OCD0077	風色幻想2：	https://chiuinan.github.io/game/game/intro/ch/c11/wf2.htm
SCD0892	風色幻想3：罪與罰的鎮魂歌	https://chiuinan.github.io/game/game/intro/ch/c31/wf3.htm
SCD0893	風色幻想4：聖戰的終焉	https://chiuinan.github.io/game/game/intro/ch/c31/wf4.htm
SCD0894	風色幻想5：赤月戰爭	https://chiuinan.github.io/game/game/intro/ch/c31/wf5.htm
SCD0895	風色幻想6：冒險奏鳴	https://chiuinan.github.io/game/game/intro/ch/c31/wf6.htm
SCD0890	風色幻想	https://chiuinan.github.io/game/game/intro/ch/c31/wfsp.htm
SCD0896	風色幻想	https://chiuinan.github.io/game/game/intro/ch/c31/wfxx.htm
SCD0079	風雅對局 本因坊	https://chiuinan.github.io/game/game/intro/ch/c41/byf.htm
SCD0192	風雲：天下會	https://chiuinan.github.io/game/game/intro/ch/c11/winc.htm
SCD0193	風雲2：七武器	https://chiuinan.github.io/game/game/intro/ch/c11/winc2.htm
SSG006	風雲麻將	https://chiuinan.github.io/game/game/intro/ch/c42/fymj.htm
	飆車小子	https://chiuinan.github.io/game/game/intro/ch/c41/card.htm
SWE109	飛向北越	https://chiuinan.github.io/game/game/intro/eng/e51/thud.htm
SWE006	飛天戰神	https://chiuinan.github.io/game/game/intro/eng/e51/thexder.htm
SWZ018	飛狼突擊1	https://chiuinan.github.io/game/game/intro/eng/e51/inf.htm
SWE016	飛狼突擊2	https://chiuinan.github.io/game/game/intro/eng/e51/inf2.htm
SWE260	飛狼突擊隊	https://chiuinan.github.io/game/game/intro/eng/e51/aa.htm
JXD015	飛翔傳說：武者之旅	https://chiuinan.github.io/game/game/intro/ch/c21/flygd.htm
	飛鷹騎士	https://chiuinan.github.io/game/game/intro/ch/c31/knight.txt
SCD1296	飛龍女戰士	https://chiuinan.github.io/game/game/intro/eng/e21/drakan.htm
SCD0867	飛龍戰士	https://chiuinan.github.io/game/game/intro/eng/e51/panzerdg.htm
SWT053	飛龍騎士	https://chiuinan.github.io/game/game/intro/eng/e52/dstrike.htm
SCD1298	餅乾夢工坊1	https://chiuinan.github.io/game/game/intro/ch/c33/cookeys1.htm
SCD1299	餅乾夢工坊2	https://chiuinan.github.io/game/game/intro/ch/c33/cookeys2.htm
SCD0122	首富麻將館	https://chiuinan.github.io/game/game/intro/ch/c42/mj8.htm
SCD2364	香港地產王	https://chiuinan.github.io/game/game/intro/ch/c43/hem.htm
SWT180	香港麻將	https://chiuinan.github.io/game/game/intro/ch/c42/hkmj.htm
SCD2391	香蕉俱樂部	https://chiuinan.github.io/game/game/intro/ch/c22/banana.htm
	人在江湖	https://chiuinan.github.io/game/game/intro/ch/c31/rzjh.htm
	人工少女2	https://chiuinan.github.io/game/game/intro/ch/c33/ai2.htm
SCD1109	人氣一番拉麵屋	https://chiuinan.github.io/game/game/intro/ch/c33/ramen.htm
SWT195,SCD1812	人車一體	https://chiuinan.github.io/game/game/intro/eng/e52/c&d.htm
SCD0968	人間道之少年燕赤霞	https://chiuinan.github.io/game/game/intro/ch/c51/tao.htm
SCD0813	人面蛾	https://chiuinan.github.io/game/game/intro/ch/c22/moth.htm
Z055,SCD1345	人類也瘋狂	https://chiuinan.github.io/game/game/intro/eng/e44/humans.htm
SCD1347	人類也瘋狂：拜見祖先	https://chiuinan.github.io/game/game/intro/eng/e44/humans4.htm
SCD1346	人類也瘋狂3：進化	https://chiuinan.github.io/game/game/intro/eng/e44/evo.htm
SCD2594	仕魂	https://chiuinan.github.io/game/game/intro/ch/c12/tahl.htm
SSG050,SCD0011	仙劍奇俠傳1	https://chiuinan.github.io/game/game/intro/ch/c11/pal.htm
OCD0002	仙劍奇俠傳2	https://chiuinan.github.io/game/game/intro/ch/c11/pal2.txt
OCD0033	仙劍奇俠傳3	https://chiuinan.github.io/game/game/intro/ch/c11/pal3.htm
OCD0031	仙劍奇俠傳3外傳：問情篇	https://chiuinan.github.io/game/game/intro/ch/c11/pal3a.txt
OCD0058	仙劍客棧	https://chiuinan.github.io/game/game/intro/ch/c33/palinn.htm
SCD0918	仙劍幻境：水晶之魂	https://chiuinan.github.io/game/game/intro/ch/c11/crystal.htm
	仙劍軒轅錄	https://chiuinan.github.io/game/game/intro/ch/c11/xjxyl.htm
SCD1546	仙狐奇緣1	https://chiuinan.github.io/game/game/intro/ch/c12/fox9.htm
SCD1548	仙狐奇緣2：情劍錄	https://chiuinan.github.io/game/game/intro/ch/c12/fox2.htm
SCD1547	仙狐奇緣前傳：水火金雷	https://chiuinan.github.io/game/game/intro/ch/c12/fox9pet.htm
SWE047	代碼：冰人	https://chiuinan.github.io/game/game/intro/eng/e21/ice.htm
SCD1460	代號：爆發	https://chiuinan.github.io/game/game/intro/eng/e51/outbreak.htm
SCD1457	代號：鋼鐵行動1	https://chiuinan.github.io/game/game/intro/ch/c32/panzers1.htm
SCD1458	代號：鋼鐵行動2	https://chiuinan.github.io/game/game/intro/ch/c32/panzers2.htm
SCD1459	代號雄鷹	https://chiuinan.github.io/game/game/intro/eng/e51/cneagle.htm
SCD0629	任你編卡通世界2：海底世界	https://chiuinan.github.io/game/game/intro/ch/c44/cartoon2.htm
SCD0839	企業霸主	https://chiuinan.github.io/game/game/intro/eng/e33/ig.htm
SCD0840	企業霸主2	https://chiuinan.github.io/game/game/intro/ch/c33/ig2.htm
SCD2274	企鵝家族1	https://chiuinan.github.io/game/game/intro/ch/c44/pingu.htm
SCD2275	企鵝家族2：	https://chiuinan.github.io/game/game/intro/ch/c44/pingu2.htm
	伊卡斯特傳說1	https://chiuinan.github.io/game/game/intro/ch/c11/icaston.htm
SCD0032	伊卡斯特傳說2聖殿詩篇	https://chiuinan.github.io/game/game/intro/ch/c31/icaston2.htm
	伊忍道	https://chiuinan.github.io/game/game/intro/ch/c11/eyd.txt
SCD1850	伊森賽車	https://chiuinan.github.io/game/game/intro/ch/c52/1nsane.htm
SCD0756	伊甸風暴	https://chiuinan.github.io/game/game/intro/ch/c32/eden.htm
SCD0225	伊蘇3：菲爾佳娜之誓	https://chiuinan.github.io/game/game/intro/ch/c12/ys3f.htm
SCD0229	伊蘇4：塞爾塞塔的樹海	https://chiuinan.github.io/game/game/intro/ch/c12/ys4c.htm
SCD0226	伊蘇6：納比斯汀的方舟	https://chiuinan.github.io/game/game/intro/ch/c12/ys6.htm
	伊蘇國	https://chiuinan.github.io/game/game/intro/eng/e12/ys.htm
SCD0227	伊蘇：始源	https://chiuinan.github.io/game/game/intro/ch/c12/ys0.htm
SCD0559	休妮亞傳說	https://chiuinan.github.io/game/game/intro/ch/c43/monf2.htm
SCD1210	作文48招	https://chiuinan.github.io/game/game/intro/ch/c44/wa48.htm
SCD1030	作曲家	https://chiuinan.github.io/game/game/intro/ch/c44/miditank.htm
SCD1389	侏儸紀公園	https://chiuinan.github.io/game/game/intro/eng/e52/jurassic.htm
SCD1390	侏儸紀公園：恐龍戰役	https://chiuinan.github.io/game/game/intro/eng/e21/jpdb.htm
SCD1391	侏儸紀公園3：恐龍防御者	https://chiuinan.github.io/game/game/intro/eng/e52/jp3dd.htm
SCD1392	侏儸紀公園之恐龍樂園	https://chiuinan.github.io/game/game/intro/ch/c33/jpop.htm
SCD0522	便利商店1	https://chiuinan.github.io/game/game/intro/ch/c33/cstore1.htm
SCD0523	便利商店2	https://chiuinan.github.io/game/game/intro/ch/c33/cstore2.htm
SCD0524	便利商店4市場制霸	https://chiuinan.github.io/game/game/intro/ch/c33/conbini4.htm
SCD0525	便利商店6	https://chiuinan.github.io/game/game/intro/ch/c33/store6.htm
	俄羅斯拼圖	https://chiuinan.github.io/game/game/intro/eng/e44/origamo.htm
	俄羅斯拼盤	https://chiuinan.github.io/game/game/intro/eng/e44/rsixpak.htm
SWE037	俄羅斯方塊	https://chiuinan.github.io/game/game/intro/eng/e44/tetris.htm
	俄羅斯方塊：成人遊戲版	https://chiuinan.github.io/game/game/intro/eng/e44/xtet.htm
SWE171	俄羅斯方塊2	https://chiuinan.github.io/game/game/intro/eng/e44/welltris.htm
Z117	俄羅斯方塊2代	https://chiuinan.github.io/game/game/intro/eng/e44/block2.htm
	俄羅斯方塊專業版	https://chiuinan.github.io/game/game/intro/eng/e44/tetrisp.htm
SCD0334	俏妞對決21點	https://chiuinan.github.io/game/game/intro/ch/c41/21dian.htm
SCD0133	俏妞對辣妹接龍	https://chiuinan.github.io/game/game/intro/ch/c41/qmlong.htm
JXZ007	保皇騎士	https://chiuinan.github.io/game/game/intro/eng/e32/dotc.htm
SCD1998	俞斌講棋：200局精選圍棋講棋	https://chiuinan.github.io/game/game/intro/ch/c41/yubin01.htm
OCD0096	俠客新傳	https://chiuinan.github.io/game/game/intro/ch/c11/aword.htm
JXD002	俠客英雄傳1	https://chiuinan.github.io/game/game/intro/ch/c11/k1.htm
OCD0022	俠客英雄傳3	https://chiuinan.github.io/game/game/intro/ch/c11/shk3.htm
SCD0856	俠客英雄傳	https://chiuinan.github.io/game/game/intro/ch/c11/shkxp.htm
	俠客遊	https://chiuinan.github.io/game/game/intro/ch/c12/luna2.htm
SCD0257	俠客遊3	https://chiuinan.github.io/game/game/intro/ch/c12/ld3.htm
SCD0259	俠客遊4	https://chiuinan.github.io/game/game/intro/ch/c12/ld4.htm
SCD0256	俠客遊：前途道標	https://chiuinan.github.io/game/game/intro/ch/c12/ld95.htm
OCD0052	俠客遊：未來之書	https://chiuinan.github.io/game/game/intro/ch/c12/lde.htm
SCD0258	俠客遊：第三之書	https://chiuinan.github.io/game/game/intro/ch/c12/lde3.htm
	俠客風雲傳	https://chiuinan.github.io/game/game/intro/ch/c11/tow.htm
	俠客風雲傳前傳	https://chiuinan.github.io/game/game/intro/ch/c11/towp.htm
SWZ001	俠影記	https://chiuinan.github.io/game/game/intro/ch/c12/xia.htm
SCD1723	俠盜獵車手：罪惡城市	https://chiuinan.github.io/game/game/intro/eng/e21/gtavc.htm
SCD1724	俠盜獵車手：聖安地列斯	https://chiuinan.github.io/game/game/intro/eng/e21/gtasa.htm
SCD1720	俠盜獵車手1	https://chiuinan.github.io/game/game/intro/eng/e21/gta1.htm
SCD1721	俠盜獵車手2	https://chiuinan.github.io/game/game/intro/eng/e21/gta2.htm
SCD1722	俠盜獵車手3	https://chiuinan.github.io/game/game/intro/eng/e21/gta3.htm
SCD1696	俠盜騎兵	https://chiuinan.github.io/game/game/intro/eng/e51/roguetr.htm
SCD1305	俠義豪情傳：禁煙風雲	https://chiuinan.github.io/game/game/intro/ch/c11/hq.htm
SCD2803	信條	https://chiuinan.github.io/game/game/intro/eng/e21/creed.htm
	信長之野望1	https://chiuinan.github.io/game/game/intro/eng/e32/nb1.htm
3WG053	信長之野望2戰國群雄傳	https://chiuinan.github.io/game/game/intro/ch/c32/nb2.htm
	信長之野望4武將風雲錄	https://chiuinan.github.io/game/game/intro/ch/c32/nb4.htm
3WG111	信長之野望5霸王傳	https://chiuinan.github.io/game/game/intro/ch/c32/nb5.htm
	信長之野望6天翔記	https://chiuinan.github.io/game/game/intro/ch/c32/nb6.htm
SCD1056	信長之野望7：將星錄	https://chiuinan.github.io/game/game/intro/ch/c32/nb7.htm
SCD1057	信長之野望8烈風傳	https://chiuinan.github.io/game/game/intro/ch/c32/nb8.htm
OCD0095	信長之野望9嵐世記	https://chiuinan.github.io/game/game/intro/ch/c32/nb9.htm
SCD0403	信長之野望10蒼天錄	https://chiuinan.github.io/game/game/intro/ch/c32/nb10.htm
OCD0079	信長之野望11天下創世	https://chiuinan.github.io/game/game/intro/ch/c32/nb11.htm
SCD1058	信長之野望12革新	https://chiuinan.github.io/game/game/intro/ch/c32/nb12.htm
SCD1059	信長之野望13天道	https://chiuinan.github.io/game/game/intro/ch/c32/nb13.htm
	信長之野望14創造	https://chiuinan.github.io/game/game/intro/ch/c32/nb14.htm
	信長之野望16新生	https://chiuinan.github.io/game/game/intro/ch/c32/nb16.htm
	倉庫世家	https://chiuinan.github.io/game/game/intro/eng/e44/boxworld.htm
SSG016	倉庫世家：精彩篇	https://chiuinan.github.io/game/game/intro/ch/c44/box.htm
SSA012	倉庫番：史上完整版	https://chiuinan.github.io/game/game/intro/ch/c44/soko.htm
SSA010	倉庫番：玩家復仇版	https://chiuinan.github.io/game/game/intro/ch/c44/soko2.htm
3WA024	倉頡輸入法	https://chiuinan.github.io/game/game/intro/ch/c44/cai.htm
SCD0984	倚天屠龍記	https://chiuinan.github.io/game/game/intro/ch/c11/etin.htm
SCD1569	倫敦瘋狂出租車2	https://chiuinan.github.io/game/game/intro/eng/e52/trl2.htm
	倫敦賽車手：全球挑戰賽	https://chiuinan.github.io/game/game/intro/eng/e52/lrwc.htm
SCD1843	倫敦賽車手1	https://chiuinan.github.io/game/game/intro/eng/e52/lracer.htm
SCD1844	倫敦賽車手2	https://chiuinan.github.io/game/game/intro/eng/e52/lracer2.htm
SCD1845	倫敦車手	https://chiuinan.github.io/game/game/intro/eng/e52/lrdm.htm
SCD1846	倫敦黑車手：警察也瘋狂	https://chiuinan.github.io/game/game/intro/eng/e52/lrpm.htm
SCD2317	偷窺狂	https://chiuinan.github.io/game/game/intro/eng/e21/voyeur.htm
SCD1856	傑夫賽車	https://chiuinan.github.io/game/game/intro/eng/e52/jeffgxr.htm
SCD1006	傭兵戰場1	https://chiuinan.github.io/game/game/intro/eng/e51/sof.htm
SCD1007	傭兵戰場2	https://chiuinan.github.io/game/game/intro/ch/c51/sof2.htm
SCD0168	傲世蒼龍之趙雲傳	https://chiuinan.github.io/game/game/intro/ch/c31/chaoyun.htm
SWT207	傲空神鷹	https://chiuinan.github.io/game/game/intro/eng/e51/birds.htm
	傳說紀元－黑暗之星	https://chiuinan.github.io/game/game/intro/ch/c11/siron.txt
SCD2041	傳送門	https://chiuinan.github.io/game/game/intro/ch/c44/portal.htm
	傷心小棧	https://chiuinan.github.io/game/game/intro/ch/c41/mshearts.htm
	傷心跳棋	https://chiuinan.github.io/game/game/intro/ch/c41/sxtq.htm
	傷心黑白棋	https://chiuinan.github.io/game/game/intro/ch/c41/sxhbq.htm
	兄弟麻雀	https://chiuinan.github.io/game/game/intro/eng/e42/kyodai.htm
SCD1133	先知的魔寶石	https://chiuinan.github.io/game/game/intro/ch/c21/jewels.htm
	光明戰史	https://chiuinan.github.io/game/game/intro/ch/c31/dforce.txt
	光明聖使團	https://chiuinan.github.io/game/game/intro/ch/c11/mission.txt
SCD0679	光榮與夢想	https://chiuinan.github.io/game/game/intro/ch/c43/gad.htm
SWT009	光芒之池	https://chiuinan.github.io/game/game/intro/eng/e11/poolrad.htm
SCD2409	光芒之池：迷斯卓諾遺跡	https://chiuinan.github.io/game/game/intro/ch/c12/por.htm
SCD1813	光速兔崽子	https://chiuinan.github.io/game/game/intro/eng/e52/jazz.htm
SCD1814	光速兔崽子2	https://chiuinan.github.io/game/game/intro/eng/e52/jazz2.htm
SCD2404	光速戰將	https://chiuinan.github.io/game/game/intro/eng/e52/mracer.htm
SCD1191	光闇紀事	https://chiuinan.github.io/game/game/intro/ch/c11/vava.htm
SCD2120	兒童	https://chiuinan.github.io/game/game/intro/ch/c44/iq200.htm
	全美卡丁車大賽	https://chiuinan.github.io/game/game/intro/eng/e52/gokart.htm
SCD0351	全面戰爭	https://chiuinan.github.io/game/game/intro/ch/c32/eow.htm
SCD1183	全面攻擊	https://chiuinan.github.io/game/game/intro/ch/c32/maas.htm
SCD1268	再戰毀滅公爵	https://chiuinan.github.io/game/game/intro/eng/e52/dnmp.htm
	再戰江湖	https://chiuinan.github.io/game/game/intro/ch/c31/zzjh.htm
SCD0222	再續紅樓夢	https://chiuinan.github.io/game/game/intro/ch/c22/honglou2.htm
SCD0519	再見吧！企鵝	https://chiuinan.github.io/game/game/intro/ch/c44/yeti.htm
SCD0790	冒牌大英雄	https://chiuinan.github.io/game/game/intro/ch/c43/fakehero.htm
	冒險奇譚1	https://chiuinan.github.io/game/game/intro/ch/c11/grandia.htm
OCD0059	冒險奇譚2	https://chiuinan.github.io/game/game/intro/ch/c11/grandia2.htm
SCD2378	冥界幻姬	https://chiuinan.github.io/game/game/intro/ch/c11/ghost.htm
SCD1387	冰風之谷1	https://chiuinan.github.io/game/game/intro/ch/c12/iwd1.htm
SCD1388	冰風之谷2	https://chiuinan.github.io/game/game/intro/ch/c12/iwd2.htm
	凍頂接龍	https://chiuinan.github.io/game/game/intro/ch/c41/777.htm
SCD2361	凝望戰士	https://chiuinan.github.io/game/game/intro/ch/c11/nwzs.htm
HTG003	夏日物語	https://chiuinan.github.io/game/game/intro/ch/c21/summer.txt
SCD2345	封神世紀	https://chiuinan.github.io/game/game/intro/ch/c31/apo.htm
	封神榜	https://chiuinan.github.io/game/game/intro/ch/c51/vmyth.htm
SCD0990	封神榜之英雄無敵	https://chiuinan.github.io/game/game/intro/ch/c32/msyx.htm
JXD014	封神演義	https://chiuinan.github.io/game/game/intro/ch/c32/gs.htm
SCD0989	封神演義	https://chiuinan.github.io/game/game/intro/ch/c12/god.htm
SWT237	射鵰英雄傳	https://chiuinan.github.io/game/game/intro/ch/c21/eagle.htm
SCD2736	專業撞球	https://chiuinan.github.io/game/game/intro/eng/e52/u8ball.htm
SCD0959	尋秦記	https://chiuinan.github.io/game/game/intro/ch/c11/xqj.htm
SCD1672	導火線	https://chiuinan.github.io/game/game/intro/ch/c51/fuse.htm
SCD2210	忍者學園	https://chiuinan.github.io/game/game/intro/ch/c43/ninj.htm
Z035	忍者龍劍傳1	https://chiuinan.github.io/game/game/intro/eng/e52/ninjag1.htm
Z036	忍者龍劍傳2：暗黑的邪神劍	https://chiuinan.github.io/game/game/intro/eng/e52/ninjag2.htm
	忍者龜：機台版	https://chiuinan.github.io/game/game/intro/eng/e52/turtles.htm
SWE055	忍者龜1	https://chiuinan.github.io/game/game/intro/eng/e52/tmnt.htm
SCD2686	忍者龜1	https://chiuinan.github.io/game/game/intro/eng/e52/tmnt2003.htm
	忍者龜2：曼哈頓任務	https://chiuinan.github.io/game/game/intro/eng/e52/tmnt2.htm
SCD2687	忍者龜2	https://chiuinan.github.io/game/game/intro/eng/e52/tmnt2004.htm
SCD2106	快打威龍	https://chiuinan.github.io/game/game/intro/ch/c44/qdwl.htm
SWE110	快打旋風1	https://chiuinan.github.io/game/game/intro/eng/e51/stf.htm
Z046,SCD1260	快打旋風2	https://chiuinan.github.io/game/game/intro/eng/e51/sf2.htm
SCD1262	快打旋風	https://chiuinan.github.io/game/game/intro/eng/e51/sfzero.htm
SCD1263	快打旋風	https://chiuinan.github.io/game/game/intro/eng/e51/sfzero2.htm
SWE116	快打磚塊1	https://chiuinan.github.io/game/game/intro/eng/e44/arka.htm
SWE148	快打磚塊2	https://chiuinan.github.io/game/game/intro/eng/e44/arka2.htm
	快打至尊	https://chiuinan.github.io/game/game/intro/ch/c51/sf.htm
SCD2571	快樂上班族	https://chiuinan.github.io/game/game/intro/ch/c33/ho.htm
SCD1895	快樂世界賽車	https://chiuinan.github.io/game/game/intro/eng/e52/livingwr.htm
SCD2556	快樂俄羅斯	https://chiuinan.github.io/game/game/intro/eng/e44/dropman.htm
SCD0173	快樂兒童遊樂園	https://chiuinan.github.io/game/game/intro/ch/c44/garden.htm
SCD0635	快樂原始人	https://chiuinan.github.io/game/game/intro/eng/e52/plodo.htm
SWT298,SCD1474	快樂天堂	https://chiuinan.github.io/game/game/intro/eng/e33/theme.htm
SCD2744	快樂足球2002	https://chiuinan.github.io/game/game/intro/ch/c52/hf2002.htm
SCD1962	快遞宅急便	https://chiuinan.github.io/game/game/intro/ch/c33/express.htm
SCD2017	怒海激戰：戰艦指揮官	https://chiuinan.github.io/game/game/intro/ch/c32/gnt.htm
SCD1158	思念百分百	https://chiuinan.github.io/game/game/intro/ch/c22/closeto.htm
SCD1896	急速傳說：維倫紐夫的賽車生涯	https://chiuinan.github.io/game/game/intro/eng/e52/speedc.htm
SCD1737	急速狂飆	https://chiuinan.github.io/game/game/intro/eng/e52/speedh.htm
SCD1514	急速狂飆500／	https://chiuinan.github.io/game/game/intro/eng/e52/gp500.htm
SCD0174	急速碰碰車	https://chiuinan.github.io/game/game/intro/eng/e52/rd.htm
SCD1675	急難先鋒1	https://chiuinan.github.io/game/game/intro/eng/e33/emergy.htm
SCD2673	急難先鋒2	https://chiuinan.github.io/game/game/intro/eng/e33/em2.htm
	急難先鋒3	https://chiuinan.github.io/game/game/intro/eng/e33/em3.htm
SCD1676	急難先鋒4	https://chiuinan.github.io/game/game/intro/ch/c33/em4.htm
	性俄羅斯	https://chiuinan.github.io/game/game/intro/eng/e44/porntris.htm
	性感俄羅斯	https://chiuinan.github.io/game/game/intro/eng/e44/sextris.htm
JXD017	性感戰士	https://chiuinan.github.io/game/game/intro/ch/c21/sexy.htm
SCD1632	怪獸大卡車	https://chiuinan.github.io/game/game/intro/eng/e52/mtrucks.htm
SCD1396	恐龍	https://chiuinan.github.io/game/game/intro/eng/e52/dinosaur.htm
	恐龍世紀	https://chiuinan.github.io/game/game/intro/ch/c31/dino.txt
SCD1128	恐龍動物園	https://chiuinan.github.io/game/game/intro/ch/c33/dinopark.htm
SCD0571	恐龍危機1	https://chiuinan.github.io/game/game/intro/ch/c21/dino1.htm
SCD1395	恐龍危機2	https://chiuinan.github.io/game/game/intro/ch/c21/dino2.htm
Z066	恐龍大戰	https://chiuinan.github.io/game/game/intro/eng/e41/dw.htm
SCD1397	恐龍快打	https://chiuinan.github.io/game/game/intro/eng/e51/rage.htm
	恐龍戰士1	https://chiuinan.github.io/game/game/intro/eng/e52/nanosaur.htm
	恐龍戰士2：龍蛋爭奪戰	https://chiuinan.github.io/game/game/intro/eng/e52/nanosa2.htm
SCD2182	恐龍星探奇	https://chiuinan.github.io/game/game/intro/ch/c21/dinoisle.htm
SCD1394	恐龍公園大亨	https://chiuinan.github.io/game/game/intro/eng/e33/dpt.htm
	恐龍物語之回到未來	https://chiuinan.github.io/game/game/intro/eng/e52/wereback.htm
SCD1221	恐龍獵人1	https://chiuinan.github.io/game/game/intro/eng/e51/turok.htm
SCD1222	恐龍獵人2	https://chiuinan.github.io/game/game/intro/eng/e51/turok2.htm
SCD1223	恐龍獵人4	https://chiuinan.github.io/game/game/intro/eng/e51/turok4.htm
SCD0617	恰哥與肥佬	https://chiuinan.github.io/game/game/intro/ch/c52/chago.htm
SCD0021	悅樂之學園	https://chiuinan.github.io/game/game/intro/ch/c22/school.htm
	悲戀湖殺人事件	https://chiuinan.github.io/game/game/intro/ch/c21/sadlake.txt
	悶絕－性技王傳說	https://chiuinan.github.io/game/game/intro/ch/c41/monf.htm
SCD0855	惑星戰將	https://chiuinan.github.io/game/game/intro/ch/c32/hxwar.htm
SCD1816	惡煞車手1	https://chiuinan.github.io/game/game/intro/eng/e52/carma1.htm
SCD1817	惡煞車手2	https://chiuinan.github.io/game/game/intro/eng/e52/carma2.htm
SCD1818	惡煞車手3	https://chiuinan.github.io/game/game/intro/eng/e52/carma2000.htm
SCD0312	惡靈	https://chiuinan.github.io/game/game/intro/ch/c21/zaphie.htm
SCD1043	惡靈古堡：生存遊戲	https://chiuinan.github.io/game/game/intro/ch/c51/gunbio.htm
SCD1038	惡靈古堡1	https://chiuinan.github.io/game/game/intro/ch/c21/horr.htm
SCD1039	惡靈古堡2	https://chiuinan.github.io/game/game/intro/ch/c21/bio2.htm
SCD1040	惡靈古堡3	https://chiuinan.github.io/game/game/intro/ch/c21/bio3.htm
SCD1041	惡靈古堡4	https://chiuinan.github.io/game/game/intro/ch/c21/bio4.htm
SCD1042	惡靈古堡5	https://chiuinan.github.io/game/game/intro/ch/c21/bio5.htm
SCD2078	惡魔使者	https://chiuinan.github.io/game/game/intro/eng/e51/infernal.htm
Z037,SCD1045	惡魔城1	https://chiuinan.github.io/game/game/intro/eng/e52/cvania.htm
SCD1045	惡魔城2：詛咒的封印	https://chiuinan.github.io/game/game/intro/eng/e52/cvania2.htm
SCD1045	惡魔城傳說	https://chiuinan.github.io/game/game/intro/eng/e52/cvania3.htm
	惡魔禁地	https://chiuinan.github.io/game/game/intro/ch/c12/veil.txt
	愛之物語	https://chiuinan.github.io/game/game/intro/ch/c22/if1.htm
SCD0544	愛情圓周率	https://chiuinan.github.io/game/game/intro/ch/c22/loverate.htm
	愛情方程式	https://chiuinan.github.io/game/game/intro/ch/c22/if3.htm
	愛琴日記	https://chiuinan.github.io/game/game/intro/ch/c33/g3.htm
SCD0576	愛神餐館1	https://chiuinan.github.io/game/game/intro/ch/c33/cb1.htm
SCD0577	愛神餐館2	https://chiuinan.github.io/game/game/intro/ch/c33/cb2.htm
SCD1168	愛麗絲奏鳴曲1：命運之輪	https://chiuinan.github.io/game/game/intro/ch/c11/gxth1.htm
SCD1169	愛麗絲奏鳴曲2：衝擊代碼	https://chiuinan.github.io/game/game/intro/ch/c11/gxth2.htm
SCD1170	愛麗絲奏鳴曲3：真相終章	https://chiuinan.github.io/game/game/intro/ch/c11/gxth3.htm
SCD0615	愛麗絲驚魂記	https://chiuinan.github.io/game/game/intro/eng/e52/amalice.htm
SCD0616	愛麗絲驚魂記2：瘋狂再臨	https://chiuinan.github.io/game/game/intro/ch/c52/alice2.htm
OCD0116	慾空間	https://chiuinan.github.io/game/game/intro/ch/c41/ykj.htm
OCD0036	撼天神塔1：復活邪魔	https://chiuinan.github.io/game/game/intro/ch/c12/br1.htm
SCD1328	撼天神塔2：魔界重現	https://chiuinan.github.io/game/game/intro/ch/c12/br2.htm
SCD1329	撼天神塔3：魔誡	https://chiuinan.github.io/game/game/intro/ch/c12/br3.htm
SCD1330	撼天神塔4：長眠之塔	https://chiuinan.github.io/game/game/intro/ch/c12/br4.htm
SCD1331	撼天神塔	https://chiuinan.github.io/game/game/intro/ch/c12/brvt.htm
SCD0492	戀愛大富翁：唐伯虎點秋香	https://chiuinan.github.io/game/game/intro/ch/c43/loverich.htm
SCD0263	戀愛物語	https://chiuinan.github.io/game/game/intro/ch/c33/eberouge.htm
SCD0264	戀愛物語：魔法學園	https://chiuinan.github.io/game/game/intro/ch/c33/ebesp.htm
SCD0265	戀愛物語2	https://chiuinan.github.io/game/game/intro/ch/c33/ebe2.htm
	戀愛白皮書	https://chiuinan.github.io/game/game/intro/ch/c22/if2.htm
Z015	戀愛試驗場	https://chiuinan.github.io/game/game/intro/ch/c22/LL.htm
SCD0077	戀愛麻將館：夏日寫真	https://chiuinan.github.io/game/game/intro/ch/c42/lovemj.htm
SCD2084	益智電玩大合集第一集	https://chiuinan.github.io/game/game/intro/ch/c44/ulike.htm
SCD2085	益智電玩大合集第二集	https://chiuinan.github.io/game/game/intro/ch/c44/ulike2.htm
OCD0091	真‧三國無雙3	https://chiuinan.github.io/game/game/intro/ch/c12/sm3h.htm
SCD0162	真‧三國無雙4	https://chiuinan.github.io/game/game/intro/ch/c12/sm4s.htm
SCD0163	真‧三國無雙5	https://chiuinan.github.io/game/game/intro/ch/c12/sm5.htm
	真‧三國無雙6	https://chiuinan.github.io/game/game/intro/ch/c12/sm6dx.htm
	真‧三國無雙7	https://chiuinan.github.io/game/game/intro/ch/c12/sm7x.htm
SCD0986	真‧倚天屠龍記	https://chiuinan.github.io/game/game/intro/ch/c12/tetin.htm
SCD2048	真人美女拳：台灣美少女版	https://chiuinan.github.io/game/game/intro/ch/c44/girl97.htm
SCD2597	真侍魂	https://chiuinan.github.io/game/game/intro/ch/c51/samurai2.htm
SCD2461	真命龍子	https://chiuinan.github.io/game/game/intro/eng/e12/gorasul.htm
SCD1090	真情色麻將	https://chiuinan.github.io/game/game/intro/ch/c42/tmj.htm
SCD0620	真愛密碼1	https://chiuinan.github.io/game/game/intro/ch/c22/replay1.htm
SCD0621	真愛密碼2	https://chiuinan.github.io/game/game/intro/ch/c22/replay2.htm
	真武群俠傳	https://chiuinan.github.io/game/game/intro/ch/c31/zwqxz.htm
SCD2418	真神秘島3	https://chiuinan.github.io/game/game/intro/eng/e21/realmyst.htm
JXD012	真紅的殺意	https://chiuinan.github.io/game/game/intro/ch/c21/kono.txt
Z119	眼鏡蛇任務	https://chiuinan.github.io/game/game/intro/ch/c21/cobra.htm
SCD0800	睡美人芭比	https://chiuinan.github.io/game/game/intro/eng/e21/bbasb.htm
SCD0606	神劍傳說	https://chiuinan.github.io/game/game/intro/ch/c12/protocos.htm
SCD0607	神劍傳說2	https://chiuinan.github.io/game/game/intro/ch/c12/liar.htm
SWT084	神劍封魔	https://chiuinan.github.io/game/game/intro/eng/e12/zeliard.htm
SCD0087	神劍遊俠傳	https://chiuinan.github.io/game/game/intro/ch/c11/sg.htm
SCD0488	神奇	https://chiuinan.github.io/game/game/intro/ch/c43/magical.htm
SCD2025,SCD2027	神奇傳說1	https://chiuinan.github.io/game/game/intro/ch/c31/farland1.htm
SCD2026,SCD2027	神奇傳說2：時空道標	https://chiuinan.github.io/game/game/intro/ch/c31/farland2.htm
SCD2028	神奇傳說3：遠征奧德賽	https://chiuinan.github.io/game/game/intro/ch/c31/farland3.htm
SCD2029	神奇傳說4：遠征奧德賽2 - 永恆的小夜曲	https://chiuinan.github.io/game/game/intro/ch/c11/farland4.htm
SCD1031	神奇堆堆樂：動感積木	https://chiuinan.github.io/game/game/intro/ch/c44/zoiblock.htm
SCD2300	神奇大冒險	https://chiuinan.github.io/game/game/intro/ch/c21/gj.htm
SWT092	神州八劍	https://chiuinan.github.io/game/game/intro/ch/c11/8sword.htm
OCD0062	神戒	https://chiuinan.github.io/game/game/intro/ch/c12/htbg.htm
SWZ009	神戒傳奇	https://chiuinan.github.io/game/game/intro/eng/e12/zilfin.htm
SCD1004	神探傑克	https://chiuinan.github.io/game/game/intro/ch/c21/jack.htm
SCD2132	神氣普雷特學習營：遊戲學英語	https://chiuinan.github.io/game/game/intro/ch/c44/ddcate.htm
Z042	神示錄：背叛與毀滅	https://chiuinan.github.io/game/game/intro/ch/c11/jcgs.htm
SCD2411	神秘島1	https://chiuinan.github.io/game/game/intro/ch/c21/rtmi.htm
SCD2412	神秘島2	https://chiuinan.github.io/game/game/intro/eng/e21/rtmi2.htm
SCD2558	神秘的俄羅斯方塊	https://chiuinan.github.io/game/game/intro/eng/e44/ttworlds.htm
OCD0118	神話世紀	https://chiuinan.github.io/game/game/intro/ch/c32/aom.htm
SCD0442	神諭	https://chiuinan.github.io/game/game/intro/ch/c11/deng.htm
SCD0440	神諭	https://chiuinan.github.io/game/game/intro/ch/c12/div.htm
SCD0441	神諭2	https://chiuinan.github.io/game/game/intro/ch/c12/div2.htm
OCD0027	神諭外傳	https://chiuinan.github.io/game/game/intro/ch/c12/bdiv.htm
SCD0804	神鏢闖江湖	https://chiuinan.github.io/game/game/intro/ch/c33/tba.htm
SCD2441	神風手	https://chiuinan.github.io/game/game/intro/ch/c44/windhand.htm
SCD2465	神鬼寓言	https://chiuinan.github.io/game/game/intro/eng/e21/fable.htm
SCD2464	神鬼寓言：失落之章	https://chiuinan.github.io/game/game/intro/ch/c12/fabletlc.htm
SCD0435	神魔決：千年之約	https://chiuinan.github.io/game/game/intro/ch/c31/identity.htm
SCD0006	神鵰俠侶	https://chiuinan.github.io/game/game/intro/ch/c11/eagle1.htm
SCD0796	神鷹突擊隊	https://chiuinan.github.io/game/game/intro/ch/c32/magiceag.htm
	神龍快打	https://chiuinan.github.io/game/game/intro/ch/c51/df.htm
SCD0698	神龍紀元	https://chiuinan.github.io/game/game/intro/eng/e21/drcop.htm
	禁忌	https://chiuinan.github.io/game/game/intro/ch/c33/taboo.txt
Z059	禁忌蛇姬	https://chiuinan.github.io/game/game/intro/ch/c44/dbsj.htm
	禁忌遊戲	https://chiuinan.github.io/game/game/intro/ch/c44/ladylove.txt
SCD1674	禁斷之血族1	https://chiuinan.github.io/game/game/intro/ch/c22/gloria.htm
SCD2370	禁斷之血族2	https://chiuinan.github.io/game/game/intro/ch/c22/gloria2.htm
SWT226	福爾摩斯探案：開膛手傑克	https://chiuinan.github.io/game/game/intro/ch/c21/holmes.htm
SCD2137	福爾摩斯探案2：玫瑰紋身案件	https://chiuinan.github.io/game/game/intro/ch/c21/holmes2.htm
	福爾摩斯探案集之銀耳環	https://chiuinan.github.io/game/game/intro/ch/c21/shsse.htm
	福爾摩莎：本國地理篇	https://chiuinan.github.io/game/game/intro/ch/c21/formosa.htm
SCD1886	福特名車賽1	https://chiuinan.github.io/game/game/intro/eng/e52/fordr1.htm
SCD1887	福特名車賽2	https://chiuinan.github.io/game/game/intro/eng/e52/fordr2.htm
SCD1888	福特名車賽3	https://chiuinan.github.io/game/game/intro/eng/e52/fordr3.htm
SCD1860	福特街頭賽車	https://chiuinan.github.io/game/game/intro/eng/e52/fsr.htm
HTG010	福祿雙霸天1	https://chiuinan.github.io/game/game/intro/eng/e52/blues.htm
	福祿雙霸天2	https://chiuinan.github.io/game/game/intro/eng/e52/blues2.htm
SCD0695	笑傲江湖	https://chiuinan.github.io/game/game/intro/ch/c12/s.htm
SCD0696	笑傲江湖2五嶽劍派	https://chiuinan.github.io/game/game/intro/ch/c11/sman2.htm
SCD0697	笑傲江湖2外傳：東方再起	https://chiuinan.github.io/game/game/intro/ch/c11/sman2a.htm
OCD0026	笑傲江湖之日月神教	https://chiuinan.github.io/game/game/intro/ch/c11/swordman.htm
SCD1048	軒轅伏魔錄	https://chiuinan.github.io/game/game/intro/ch/c31/swdrslg.htm
SSG018,SCD0891	軒轅劍1	https://chiuinan.github.io/game/game/intro/ch/c11/sw.htm
SSG043,SCD0891	軒轅劍2	https://chiuinan.github.io/game/game/intro/ch/c11/swd2.htm
SSG048,SCD0891	軒轅劍2外傳：楓之舞	https://chiuinan.github.io/game/game/intro/ch/c11/swda.htm
OCD0003	軒轅劍3：雲和山的彼端	https://chiuinan.github.io/game/game/intro/ch/c11/swd3.htm
OCD0004	軒轅劍3外傳：天之痕	https://chiuinan.github.io/game/game/intro/ch/c11/swd3e.htm
OCD0005	軒轅劍4：黑龍舞兮雲飛揚	https://chiuinan.github.io/game/game/intro/ch/c11/swd4.htm
OCD0006	軒轅劍4外傳：蒼之濤	https://chiuinan.github.io/game/game/intro/ch/c11/swdmd.htm
OCD0007	軒轅劍5：一劍凌雲山海情	https://chiuinan.github.io/game/game/intro/ch/c11/swd5.htm
OCD0109	軒轅劍5外傳1：漢之雲	https://chiuinan.github.io/game/game/intro/ch/c11/swdhc.htm
SCD0123	軒轅劍5外傳2：雲之遙	https://chiuinan.github.io/game/game/intro/ch/c11/swdcf.htm
SCD1060	軒轅劍6：鳳凌長空千載雲	https://chiuinan.github.io/game/game/intro/ch/c12/swd6.htm
SCD1061	軒轅劍6外傳：穹之扉	https://chiuinan.github.io/game/game/intro/ch/c12/swd6e.htm
	軒轅劍7	https://chiuinan.github.io/game/game/intro/ch/c12/swd7.htm
SCD1049	軒轅聖戰錄	https://chiuinan.github.io/game/game/intro/ch/c32/shenwen.htm
SCD2022	輪迴	https://chiuinan.github.io/game/game/intro/ch/c52/unknown.htm
	轉校生	https://chiuinan.github.io/game/game/intro/ch/c22/tenkou.htm
	轟炸超人	https://chiuinan.github.io/game/game/intro/eng/e52/dyna.htm
SCD2595	引魂者	https://chiuinan.github.io/game/game/intro/ch/c12/soulbrin.htm
SWE104	強棒再出擊	https://chiuinan.github.io/game/game/intro/eng/e52/peterose.htm
SCD2077	強棒麻將	https://chiuinan.github.io/game/game/intro/ch/c42/hrmj.htm
SCD0084	彩虹麻將新樂園	https://chiuinan.github.io/game/game/intro/ch/c42/rbmj.htm
SCD0795	彪馬街頭足球	https://chiuinan.github.io/game/game/intro/ch/c52/pss.htm
SWZ013,SCD1810	影之嶽	https://chiuinan.github.io/game/game/intro/eng/e12/shadow.htm
SCD1219	影子兵團	https://chiuinan.github.io/game/game/intro/eng/e32/shadowco.htm
	殺人執照 007	https://chiuinan.github.io/game/game/intro/eng/e51/bond.htm
SCD2767	殺人月	https://chiuinan.github.io/game/game/intro/ch/c21/killmoon.htm
SCD1806	殺氣沖天	https://chiuinan.github.io/game/game/intro/ch/c12/shq.htm
SCD0904,SCD0907	殺無赦1	https://chiuinan.github.io/game/game/intro/eng/e32/myth1.htm
SCD0905,SCD0907	殺無赦2	https://chiuinan.github.io/game/game/intro/eng/e32/myth2.htm
OCD0113	殺無赦3：狼世紀	https://chiuinan.github.io/game/game/intro/ch/c32/myth3.htm
Z048,SCD1266	毀滅公爵1	https://chiuinan.github.io/game/game/intro/eng/e52/dn1.htm
Z049,SCD1266	毀滅公爵2	https://chiuinan.github.io/game/game/intro/eng/e52/duke2.htm
SCD1266,SCD1267	毀滅公爵3	https://chiuinan.github.io/game/game/intro/eng/e51/duke3d.htm
SCD1840	毀滅大賽車1	https://chiuinan.github.io/game/game/intro/eng/e52/derby.htm
SCD1841	毀滅大賽車2	https://chiuinan.github.io/game/game/intro/eng/e52/derby2.htm
	毀滅巫師	https://chiuinan.github.io/game/game/intro/eng/e51/heretic.htm
SCD0457	毀滅巫師2	https://chiuinan.github.io/game/game/intro/eng/e51/heretic2.htm
SWZ008	毀滅戰士	https://chiuinan.github.io/game/game/intro/eng/e52/oblit.htm
	毀滅戰士1	https://chiuinan.github.io/game/game/intro/eng/e51/doom.htm
	毀滅戰士2人間地獄	https://chiuinan.github.io/game/game/intro/eng/e51/doom2.htm
SCD0647	毀滅戰士2終結版	https://chiuinan.github.io/game/game/intro/eng/e51/doom2f.htm
SCD0456	毀滅戰士3	https://chiuinan.github.io/game/game/intro/eng/e51/doom3.htm
SCD0281	毀滅戰神	https://chiuinan.github.io/game/game/intro/eng/e51/erad.htm
SCD1230	毀滅戰警	https://chiuinan.github.io/game/game/intro/eng/e51/ext.htm
SCD0238	生化兵器	https://chiuinan.github.io/game/game/intro/ch/c12/knite.htm
SCD2403	生死之間1	https://chiuinan.github.io/game/game/intro/ch/c32/lod1.htm
SCD0762	生死之間2：末日傳說	https://chiuinan.github.io/game/game/intro/ch/c32/lod2.htm
SCD2152	生化悍將	https://chiuinan.github.io/game/game/intro/eng/e21/bioforge.htm
SCD2153	生化悍將1	https://chiuinan.github.io/game/game/intro/eng/e21/cyberia.htm
SCD2154	生化悍將2	https://chiuinan.github.io/game/game/intro/eng/e21/cyberia2.htm
SCD0743	生死賽車／	https://chiuinan.github.io/game/game/intro/ch/c52/podeath.htm
SCD2130	生活美語1：新	https://chiuinan.github.io/game/game/intro/ch/c44/playkk.htm
SCD2131	生活美語5：遊戲式題庫綜合版	https://chiuinan.github.io/game/game/intro/ch/c44/just5.htm
SCD0117	用多媒體學中國象棋	https://chiuinan.github.io/game/game/intro/ch/c41/cchessv.htm
SCD0448	用多媒體學國際象棋	https://chiuinan.github.io/game/game/intro/ch/c41/lchess.htm
SCD2104	用電腦學數學系列：探索ㄆㄨㄆㄨ山的數字秘密(1)	https://chiuinan.github.io/game/game/intro/ch/c44/pupu1.htm
SCD0092	用多媒體學圍棋	https://chiuinan.github.io/game/game/intro/ch/c41/godoc.htm
	異域之門	https://chiuinan.github.io/game/game/intro/eng/e11/gateway.txt
Z014	異域奇兵：諸神的狙殺	https://chiuinan.github.io/game/game/intro/ch/c11/topy.htm
SCD0997	異域狂想曲	https://chiuinan.github.io/game/game/intro/ch/c31/foolish.htm
SCD0161	異域鎮魂曲	https://chiuinan.github.io/game/game/intro/ch/c12/pst.htm
SCD1334	異塵餘生1	https://chiuinan.github.io/game/game/intro/eng/e31/fallout.htm
SCD1335	異塵餘生2	https://chiuinan.github.io/game/game/intro/ch/c31/fallout2.htm
SCD1336	異塵餘生3	https://chiuinan.github.io/game/game/intro/ch/c51/fallout3.htm
SCD1337	異塵餘生戰略版	https://chiuinan.github.io/game/game/intro/ch/c32/falloutt.htm
SCD1139	異形之緊急動員	https://chiuinan.github.io/game/game/intro/eng/e32/ae.htm
SCD0159	異形地球	https://chiuinan.github.io/game/game/intro/ch/c21/alien.htm
SSG009	異形方塊	https://chiuinan.github.io/game/game/intro/ch/c44/ablock.txt
SCD2560	異星搜奇	https://chiuinan.github.io/game/game/intro/ch/c21/dig.htm
Z028,SCD0320	異次元之旅	https://chiuinan.github.io/game/game/intro/ch/c12/maan.htm
SCD2761	異次元啟示錄	https://chiuinan.github.io/game/game/intro/eng/e32/perimetr.htm
SCD2450	異界傳奇：異象轉生	https://chiuinan.github.io/game/game/intro/ch/c12/relics.htm
SCD1803	異界英豪	https://chiuinan.github.io/game/game/intro/ch/c12/hkti.htm
SCD0590	第一次的親密接觸	https://chiuinan.github.io/game/game/intro/ch/c22/first.htm
SCD2379	第七封印：魔神甦醒	https://chiuinan.github.io/game/game/intro/ch/c12/7seal.htm
SCD2653	第三地球	https://chiuinan.github.io/game/game/intro/ch/c11/cain.htm
	第六感之戀	https://chiuinan.github.io/game/game/intro/ch/c22/rev.htm
SWT116,SCD1365	築城大師1	https://chiuinan.github.io/game/game/intro/eng/e33/castles.htm
SWT194	築城大師2：王位爭奪戰	https://chiuinan.github.io/game/game/intro/eng/e33/castles2.htm
JXD009	聊齋誌異之幽谷傳奇	https://chiuinan.github.io/game/game/intro/ch/c12/uk.txt
SWT201	雀之塔	https://chiuinan.github.io/game/game/intro/ch/c42/tomj.htm
SCD0100	雀王傳－絕色麻將	https://chiuinan.github.io/game/game/intro/ch/c42/jsmj.htm
SCD0080	雀美眉寫真館	https://chiuinan.github.io/game/game/intro/ch/c42/mmmj.htm
OCD0071	雀美眉寫真館：真人辣妹版	https://chiuinan.github.io/game/game/intro/ch/c42/lmmj.htm
Z052	雄霸天下：三國篇	https://chiuinan.github.io/game/game/intro/ch/c31/3hero.htm
SCD0155	雍正傳奇	https://chiuinan.github.io/game/game/intro/ch/c11/lqe.htm
SWE094	雙截龍1	https://chiuinan.github.io/game/game/intro/eng/e52/dd.htm
SWE176	雙截龍2：復仇	https://chiuinan.github.io/game/game/intro/eng/e52/dd2.htm
Z075	雙截龍3：羅塞塔之石	https://chiuinan.github.io/game/game/intro/eng/e52/dd3.htm
SCD1131	雙星物語1	https://chiuinan.github.io/game/game/intro/ch/c12/zwei.htm
SCD1132	雙星物語2	https://chiuinan.github.io/game/game/intro/ch/c12/zwei2.htm
	雙點醫院	https://chiuinan.github.io/game/game/intro/ch/c33/tph.htm
SCD2122	雞蛋糕樂園	https://chiuinan.github.io/game/game/intro/ch/c44/jdgly.htm
SCD0664	鱷魚中隊／	https://chiuinan.github.io/game/game/intro/eng/e51/ka52.htm
SCD0278	鱷魚冒險記1	https://chiuinan.github.io/game/game/intro/eng/e52/croc.htm
SCD0279	鱷魚冒險記2	https://chiuinan.github.io/game/game/intro/eng/e52/croc2.htm
SCD2420	鴉片戰爭：禁煙風雲	https://chiuinan.github.io/game/game/intro/ch/c32/ypzz.htm
SCD1282	鷹戰	https://chiuinan.github.io/game/game/intro/eng/e51/tchawx.htm
SCD2290	鹹蛋超人	https://chiuinan.github.io/game/game/intro/ch/c44/ultrak.htm
SCD0491	鹹蛋超人大富翁	https://chiuinan.github.io/game/game/intro/ch/c43/ultraman.htm
SCD0722	鹿鼎記	https://chiuinan.github.io/game/game/intro/ch/c11/ldz.htm
SCD0723	鹿鼎記1：皇城爭霸	https://chiuinan.github.io/game/game/intro/ch/c11/ludin.htm
OCD0023	鹿鼎記2	https://chiuinan.github.io/game/game/intro/ch/c11/ld2.htm
SCD2685	鹿鼎記2：神龍教	https://chiuinan.github.io/game/game/intro/ch/c11/sanlong.htm
SCD1211	麥奇小子多媒體幼教評量光碟	https://chiuinan.github.io/game/game/intro/ch/c44/magickid.htm
SCD2282	麥當勞快樂學英語	https://chiuinan.github.io/game/game/intro/ch/c44/maceng.htm
SCD2208	麻將	https://chiuinan.github.io/game/game/intro/ch/c42/mmmh.htm
OCD0106	麻將之東方不敗	https://chiuinan.github.io/game/game/intro/ch/c42/mjeast.htm
SCD0030	麻將夢幻國1	https://chiuinan.github.io/game/game/intro/ch/c42/mjmh1.htm
SCD0043	麻將夢幻國2	https://chiuinan.github.io/game/game/intro/ch/c42/mjmh2.htm
OCD101	麻將大師	https://chiuinan.github.io/game/game/intro/ch/c42/s16mj.htm
SCD0037	麻將大師2：實戰台灣麻將	https://chiuinan.github.io/game/game/intro/ch/c42/ctmj.htm
SCD0330	麻將學園	https://chiuinan.github.io/game/game/intro/ch/c42/mmj.htm
SCD2680	麻將小魔女	https://chiuinan.github.io/game/game/intro/ch/c42/mjxmn.htm
SCD0651	麻將巨作	https://chiuinan.github.io/game/game/intro/eng/e42/mjgg.htm
SCD0007	麻將巨星	https://chiuinan.github.io/game/game/intro/ch/c42/starmaj.htm
	麻將情趣屋	https://chiuinan.github.io/game/game/intro/ch/c42/mjq.htm
TTNZ001,SCD0111	麻將情趣屋2	https://chiuinan.github.io/game/game/intro/ch/c42/mj2.htm
SCD1069	麻將探秘	https://chiuinan.github.io/game/game/intro/eng/e42/mjquest.htm
SCD0276	麻將探秘2	https://chiuinan.github.io/game/game/intro/eng/e42/mjquest2.htm
SCD0652	麻將探秘3	https://chiuinan.github.io/game/game/intro/eng/e42/mjquest3.htm
SCD0565	麻將旗艦	https://chiuinan.github.io/game/game/intro/ch/c42/jackymj.htm
SCD0075	麻將爭霸：公園銅像爭奪戰	https://chiuinan.github.io/game/game/intro/ch/c42/mjzb.htm
SCD0108	麻將皇	https://chiuinan.github.io/game/game/intro/ch/c42/mjh.htm
SCD1087	麻將鐵公雞2	https://chiuinan.github.io/game/game/intro/ch/c42/topmj2.htm
SCD0132	麻將高手 連線挑戰賽	https://chiuinan.github.io/game/game/intro/ch/c42/mjkh.htm
SCD0107	麻辣四川省4	https://chiuinan.github.io/game/game/intro/ch/c42/4r4c.htm
SCD0474	麻辣大富翁：爆笑江湖	https://chiuinan.github.io/game/game/intro/ch/c43/mlrich.htm
SCD1294	麻辣小魔女	https://chiuinan.github.io/game/game/intro/ch/c51/shooting.htm
SWE281	麻雀俄羅斯	https://chiuinan.github.io/game/game/intro/ch/c44/mjtetris.htm
SCD0022	麻雀奇緣金瓶梅	https://chiuinan.github.io/game/game/intro/ch/c42/sjpm.htm
SWE236	麻雀學園	https://chiuinan.github.io/game/game/intro/ch/c42/mja.htm
SCD0063	麻雀幻想曲2	https://chiuinan.github.io/game/game/intro/ch/c42/98mj2.htm
SCD0067	麻雀幻想曲2 2001重製版	https://chiuinan.github.io/game/game/intro/ch/c42/98mj2001.htm
	麻雀幻想曲3	https://chiuinan.github.io/game/game/intro/ch/c42/98mj3.htm
SCD0388	征天風舞傳：三國誌異	https://chiuinan.github.io/game/game/intro/ch/c12/swd.htm
SCD1499	征服：邊境戰爭	https://chiuinan.github.io/game/game/intro/ch/c32/cfw.htm
SCD1157	征服	https://chiuinan.github.io/game/game/intro/ch/c33/zfhoney.htm
SCD2719	征服狂牛	https://chiuinan.github.io/game/game/intro/eng/e52/ebride.htm
SCD1922	復仇者競賽	https://chiuinan.github.io/game/game/intro/eng/e52/rracers.htm
Z088	微型賽車1	https://chiuinan.github.io/game/game/intro/eng/e52/microm.htm
SCD1909	微型賽車2	https://chiuinan.github.io/game/game/intro/eng/e52/microm2.htm
SCD1910	微型賽車3	https://chiuinan.github.io/game/game/intro/eng/e52/mmv3.htm
Z044	微軟模擬飛行5	https://chiuinan.github.io/game/game/intro/eng/e33/fltsim5.htm
SCD1204	微軟模擬飛行2000	https://chiuinan.github.io/game/game/intro/eng/e33/fs2000.htm
Z105,SCD2332	微軟高爾夫1.0	https://chiuinan.github.io/game/game/intro/eng/e52/msgolf.htm
Z106,SCD2333	微軟高爾夫2.0	https://chiuinan.github.io/game/game/intro/eng/e52/msgolf2.htm
SCD2334	微軟高爾夫3.0	https://chiuinan.github.io/game/game/intro/eng/e52/msgolf3.htm
SCD2335	微軟高爾夫1998	https://chiuinan.github.io/game/game/intro/eng/e52/msgolf98.htm
SCD2336	微軟高爾夫1999	https://chiuinan.github.io/game/game/intro/eng/e52/msgolf99.htm
SCD2337	微軟高爾夫2001	https://chiuinan.github.io/game/game/intro/eng/e52/msg2001.htm
SCD0266	德川家康	https://chiuinan.github.io/game/game/intro/ch/c32/dx5.htm
	德州撲克	https://chiuinan.github.io/game/game/intro/eng/e41/pokerth.htm
	德軍總部	https://chiuinan.github.io/game/game/intro/eng/e51/cwolf.htm
	德軍總部2超越德軍總部	https://chiuinan.github.io/game/game/intro/eng/e51/bcw.htm
JXD020	德軍總部3	https://chiuinan.github.io/game/game/intro/eng/e51/wolf3d.htm
	德軍總部3	https://chiuinan.github.io/game/game/intro/eng/e51/sod.htm
SCD0221	紅樓夢	https://chiuinan.github.io/game/game/intro/ch/c22/honglou.htm
SCD0219	紅樓夢之十二金釵	https://chiuinan.github.io/game/game/intro/ch/c33/red12.htm
SCD0091	紅樓夢之玲瓏彩玉	https://chiuinan.github.io/game/game/intro/ch/c44/red.htm
SCD0220	紅樓續夢之京華風雲	https://chiuinan.github.io/game/game/intro/ch/c33/red2.htm
SCD2641	紅淚	https://chiuinan.github.io/game/game/intro/ch/c33/ctear.htm
SCD1905	紅線	https://chiuinan.github.io/game/game/intro/eng/e51/redline.htm
3WG036	紅色帝國警示錄：克里姆林宮的危機	https://chiuinan.github.io/game/game/intro/eng/e32/kremlin.htm
SCD1201	紅色獵鷹	https://chiuinan.github.io/game/game/intro/eng/e51/redjets.htm
	紅色誘惑	https://chiuinan.github.io/game/game/intro/ch/c21/redyh.htm
SCD1714	紅色越野拉力賽	https://chiuinan.github.io/game/game/intro/eng/e52/bigred.htm
SCD1897	紐約拉力賽	https://chiuinan.github.io/game/game/intro/eng/e52/nyr.htm
SCD1570	紐約瘋狂出租車2	https://chiuinan.github.io/game/game/intro/eng/e52/trny2.htm
SCD1062	純愛手札	https://chiuinan.github.io/game/game/intro/ch/c33/tmemo.htm
SCD1063	純愛手札	https://chiuinan.github.io/game/game/intro/ch/c22/yourh.htm
SCD0361	紙莎草書1：輪迴千年的呼喚	https://chiuinan.github.io/game/game/intro/ch/c33/zscs1.htm
OCD0097	紙莎草書2：蠍之封印	https://chiuinan.github.io/game/game/intro/ch/c33/zscs2.htm
SCD0445	級位檢定六千題	https://chiuinan.github.io/game/game/intro/ch/c41/gotest.htm
SCD1766	終極3	https://chiuinan.github.io/game/game/intro/eng/e44/3dup1.htm
SCD1767	終極3	https://chiuinan.github.io/game/game/intro/eng/e44/3dup2.htm
SCD1768	終極3	https://chiuinan.github.io/game/game/intro/eng/e44/3dup3.htm
SCD1769	終極3	https://chiuinan.github.io/game/game/intro/eng/e44/3dup4.htm
SCD1770	終極3	https://chiuinan.github.io/game/game/intro/eng/e44/3dup5.htm
SCD0776,SCD0778	終極動員令1	https://chiuinan.github.io/game/game/intro/ch/c32/c&c.htm
SCD0777,SCD0778	終極動員令2：泰伯倫之日	https://chiuinan.github.io/game/game/intro/eng/e32/sun.htm
SCD0779	終極動員令3：泰伯倫戰爭	https://chiuinan.github.io/game/game/intro/ch/c32/cnc3.htm
SCD0780,SCD0778	終極動員令：叛國者	https://chiuinan.github.io/game/game/intro/ch/c51/renegade.htm
SCD0783,SCD0778	終極動員令：將軍	https://chiuinan.github.io/game/game/intro/ch/c32/general.htm
SCD0781,SCD0778	終極動員令：紅色警戒1	https://chiuinan.github.io/game/game/intro/ch/c32/ra1.htm
SCD0782,SCD0778	終極動員令：紅色警戒2	https://chiuinan.github.io/game/game/intro/ch/c32/ra2.htm
OCD0084	終極動員令：紅色警戒3	https://chiuinan.github.io/game/game/intro/ch/c32/ra3.htm
SCD2327	終極名流高爾夫	https://chiuinan.github.io/game/game/intro/eng/e52/linksext.htm
SCD1264	終極戰區1：戰爭地帶	https://chiuinan.github.io/game/game/intro/ch/c32/bzone.htm
SCD1265	終極戰區2：戰鬥指揮官	https://chiuinan.github.io/game/game/intro/eng/e32/bzone2.htm
SCD0870	終極戰士	https://chiuinan.github.io/game/game/intro/ch/c51/mars3d.htm
	終極戰士2	https://chiuinan.github.io/game/game/intro/eng/e51/predat2.htm
SCD2578	終極殺陣	https://chiuinan.github.io/game/game/intro/eng/e52/brkneck.htm
SCD2579	終極殺陣	https://chiuinan.github.io/game/game/intro/eng/e52/spdthief.htm
SCD2580	終極殺陣之瘋狂計程車美國篇	https://chiuinan.github.io/game/game/intro/eng/e52/usataxi.htm
SCD2768	終極火力	https://chiuinan.github.io/game/game/intro/eng/e51/finalg.htm
SCD0589	終極生化少女	https://chiuinan.github.io/game/game/intro/ch/c22/weare.htm
SCD1855	終極破壞賽車	https://chiuinan.github.io/game/game/intro/eng/e52/udd.htm
Z122	終極航艦	https://chiuinan.github.io/game/game/intro/eng/e32/carrier.htm
SCD2482	終極警探	https://chiuinan.github.io/game/game/intro/eng/e51/dhnp.htm
SWE101	終極警探	https://chiuinan.github.io/game/game/intro/eng/e52/ocs.htm
SCD2480	終極警探三部曲1	https://chiuinan.github.io/game/game/intro/eng/e51/dht1.htm
SCD2480	終極警探三部曲2	https://chiuinan.github.io/game/game/intro/eng/e51/dht2.htm
SWE174	終極警探電影版	https://chiuinan.github.io/game/game/intro/eng/e52/diehard.htm
SCD1483	終極遊樂園	https://chiuinan.github.io/game/game/intro/eng/e33/uride.htm
SCD2665	終極遊樂園：迪士尼雲霄飛車	https://chiuinan.github.io/game/game/intro/eng/e33/urdc.htm
	終極雙陸棋	https://chiuinan.github.io/game/game/intro/eng/e41/ugam.htm
SCD1574	組裝搖滾	https://chiuinan.github.io/game/game/intro/ch/c33/popstar.htm
SCD0680	絕代雙驕	https://chiuinan.github.io/game/game/intro/ch/c11/db.htm
	絕代雙驕前傳之十大惡人	https://chiuinan.github.io/game/game/intro/ch/c11/ten.txt
SCD1258,SCD1259	絕冬城之夜1	https://chiuinan.github.io/game/game/intro/ch/c12/nwn.htm
SCD1824,SCD1259	絕冬城之夜2	https://chiuinan.github.io/game/game/intro/ch/c12/nwn2.htm
SCD2582	絕命淒殺	https://chiuinan.github.io/game/game/intro/ch/c21/ezero.htm
SCD0850	絕地：眾神之詛咒	https://chiuinan.github.io/game/game/intro/ch/c21/heavenjd.htm
SCD1966	絕地任務	https://chiuinan.github.io/game/game/intro/ch/c21/missionc.htm
SCD1965	絕地任務	https://chiuinan.github.io/game/game/intro/eng/e51/alcatraz.htm
3WG085	絕地戰士	https://chiuinan.github.io/game/game/intro/eng/e51/extremis.htm
SCD2473	絕地戰士	https://chiuinan.github.io/game/game/intro/eng/e32/mayhem.htm
SCD2174	絕地風暴1	https://chiuinan.github.io/game/game/intro/ch/c32/kknd.htm
SCD2175	絕地風暴2：風起雲湧	https://chiuinan.github.io/game/game/intro/ch/c32/kknd2.htm
SCD2042	絕對武力	https://chiuinan.github.io/game/game/intro/ch/c51/cs.htm
SCD2038	絕對武力：次世代	https://chiuinan.github.io/game/game/intro/ch/c51/css.htm
SCD0366	絕色大老二	https://chiuinan.github.io/game/game/intro/ch/c41/jsbig2.htm
SCD1092	絕色天堂	https://chiuinan.github.io/game/game/intro/ch/c44/heaven.htm
	絕音魔琴	https://chiuinan.github.io/game/game/intro/ch/c11/hope.txt
SCD1943	絶命摧毀	https://chiuinan.github.io/game/game/intro/eng/e51/massdest.htm
3WG017	經典俄羅斯方塊	https://chiuinan.github.io/game/game/intro/eng/e44/tetrisc.htm
SWT223,SCD1386	經典明星撲克	https://chiuinan.github.io/game/game/intro/eng/e41/hoyle4.htm
SCD1815	經典英式車賽	https://chiuinan.github.io/game/game/intro/eng/e52/cbmr.htm
SCD0485	綜藝大富翁	https://chiuinan.github.io/game/game/intro/ch/c43/richt.htm
	綜藝大進擊	https://chiuinan.github.io/game/game/intro/ch/c44/ctquiz.htm
OCD0105	綜藝麻將天王	https://chiuinan.github.io/game/game/intro/ch/c42/mjstars.htm
SCD0444	綜藝麻將王	https://chiuinan.github.io/game/game/intro/ch/c42/starmj.htm
SCD2362	綠巨人浩克	https://chiuinan.github.io/game/game/intro/ch/c52/hulk.htm
SCD2638	綠色奇蹟	https://chiuinan.github.io/game/game/intro/ch/c21/lonep.htm
SCD2123	綠色小英雄：叢林探險	https://chiuinan.github.io/game/game/intro/ch/c21/diy.htm
SCD2555	網戰俄羅斯	https://chiuinan.github.io/game/game/intro/ch/c44/netris.htm
SCD2557	網球大師系列	https://chiuinan.github.io/game/game/intro/eng/e52/tmseries.htm
SCD2666	網球大師系列2003	https://chiuinan.github.io/game/game/intro/eng/e52/tms2003.htm
	網球巨人	https://chiuinan.github.io/game/game/intro/eng/e52/tennistt.htm
SCD2591	網路三國	https://chiuinan.github.io/game/game/intro/ch/c12/sangonet.htm
SCD0484	網錢商店大富翁	https://chiuinan.github.io/game/game/intro/ch/c43/wqrich.htm
	綿羊拉力冠軍賽	https://chiuinan.github.io/game/game/intro/eng/e52/csheepr.htm
SCD2347	緊縛之館	https://chiuinan.github.io/game/game/intro/ch/c33/kinbaku.htm
SCD0056	緋王傳2	https://chiuinan.github.io/game/game/intro/ch/c12/hio2.htm
SSG033	縱橫七海	https://chiuinan.github.io/game/game/intro/ch/c21/7sea.txt
OCD0070	縱橫四海麻將	https://chiuinan.github.io/game/game/intro/ch/c42/dhsh.htm
SCD1119	總統之路	https://chiuinan.github.io/game/game/intro/ch/c41/sohare.htm
SCD2529	總統大選之雀戰風雲	https://chiuinan.github.io/game/game/intro/ch/c42/summitmj.htm
SCD1124	總統萬歲	https://chiuinan.github.io/game/game/intro/ch/c33/tropico.htm
SCD1125	總統萬歲2	https://chiuinan.github.io/game/game/intro/ch/c33/tropico2.htm
SCD1126	總統萬歲3	https://chiuinan.github.io/game/game/intro/ch/c33/tropico3.htm
SCD1127	總統萬歲4	https://chiuinan.github.io/game/game/intro/ch/c33/tropico4.htm
SCD2289	繽紛故事王國1：三隻小豬	https://chiuinan.github.io/game/game/intro/ch/c44/3pigs.htm
	象棋	https://chiuinan.github.io/game/game/intro/eng/e41/cchess.htm
SCD2526	象棋世家	https://chiuinan.github.io/game/game/intro/ch/c41/xqsj.htm
OCD0098	象棋之路：西天大戰	https://chiuinan.github.io/game/game/intro/ch/c41/disccht.htm
Z002	象棋俄羅斯	https://chiuinan.github.io/game/game/intro/ch/c44/chetris.htm
OCD0093	象棋兵法1：單提馬篇	https://chiuinan.github.io/game/game/intro/ch/c41/cch1.htm
OCD0082	象棋兵法2：反攻馬篇	https://chiuinan.github.io/game/game/intro/ch/c41/cch2.htm
OCD0083	象棋兵法3：順炮篇	https://chiuinan.github.io/game/game/intro/ch/c41/cch3.htm
OCD0111	象棋兵法4：列炮篇	https://chiuinan.github.io/game/game/intro/ch/c41/cch4.htm
SCD0449	象棋兵法5：屏風馬篇	https://chiuinan.github.io/game/game/intro/ch/c41/cch5.htm
OCD0094	象棋兵法6：仙人指路篇	https://chiuinan.github.io/game/game/intro/ch/c41/cch6.htm
SCD2200	象棋兵法7：飛相局	https://chiuinan.github.io/game/game/intro/ch/c41/cch7.htm
	象棋大師	https://chiuinan.github.io/game/game/intro/eng/e41/cch-game.htm
SCD0446	象棋大師3將族	https://chiuinan.github.io/game/game/intro/ch/c41/cch.htm
	象棋巫師	https://chiuinan.github.io/game/game/intro/ch/c41/xqwizard.htm
	象棋旋風	https://chiuinan.github.io/game/game/intro/ch/c41/xgxf.htm
SCD0094	象棋武林帖	https://chiuinan.github.io/game/game/intro/ch/c41/gocch.htm
SCD0118 SCD0584,SCD2202	象棋殘局經典：腦筋急轉彎	https://chiuinan.github.io/game/game/intro/ch/c41/cch3lite.htm
SCD0016	象棋水滸戰	https://chiuinan.github.io/game/game/intro/ch/c41/discch.htm
SCD1068	象棋水滸戰2	https://chiuinan.github.io/game/game/intro/ch/c41/discch2.htm
SCD2207	象棋習遊記	https://chiuinan.github.io/game/game/intro/ch/c41/dxcch.htm
SCD0005	象棋路邊攤	https://chiuinan.github.io/game/game/intro/ch/c41/street.htm
SCD2206	象棋追擊戰	https://chiuinan.github.io/game/game/intro/ch/c41/chsarest.htm
SCD1564	豪華遙控賽車	https://chiuinan.github.io/game/game/intro/eng/e52/rcracers.htm
SCD2302	豬兔大戰	https://chiuinan.github.io/game/game/intro/eng/e32/swine.htm
SCD1954	貓女	https://chiuinan.github.io/game/game/intro/ch/c21/catwoman.htm
SCD0543	超世紀戰警：殺出屠夫灣	https://chiuinan.github.io/game/game/intro/eng/e51/ridefbb.htm
SWT188	超人戰記	https://chiuinan.github.io/game/game/intro/ch/c11/mars.htm
SCD0287	超擬真撞球1	https://chiuinan.github.io/game/game/intro/eng/e52/vpool.htm
SCD0288	超擬真撞球2	https://chiuinan.github.io/game/game/intro/eng/e52/vpool2.htm
SCD0290	超擬真撞球3	https://chiuinan.github.io/game/game/intro/eng/e52/vpool3.htm
SCD0289	超擬真撞球：司諾克	https://chiuinan.github.io/game/game/intro/eng/e52/vpools.htm
SCD0291	超擬真桌球1	https://chiuinan.github.io/game/game/intro/eng/e52/rpool.htm
	超擬真桌球2	https://chiuinan.github.io/game/game/intro/eng/e52/rpool2.htm
SCD1523	超擬真機車爭霸戰	https://chiuinan.github.io/game/game/intro/eng/e52/cyclem.htm
SCD1202	超擬真飛行	https://chiuinan.github.io/game/game/intro/eng/e33/fly.htm
SCD2487	超新星戰記	https://chiuinan.github.io/game/game/intro/eng/e51/tnova.htm
SCD1097	超時空	https://chiuinan.github.io/game/game/intro/ch/c22/qr.htm
SCD0246	超時空英雄傳說	https://chiuinan.github.io/game/game/intro/ch/c31/super.htm
SCD0247	超時空英雄傳說2復仇魔神	https://chiuinan.github.io/game/game/intro/ch/c31/super2.htm
SCD0248	超時空英雄傳說2外傳：北方密使	https://chiuinan.github.io/game/game/intro/ch/c31/supersp.htm
SCD0249	超時空英雄傳說3狂神降世	https://chiuinan.github.io/game/game/intro/ch/c31/super3.htm
	超時空要塞	https://chiuinan.github.io/game/game/intro/ch/c31/mac.txt
RS404	超時空麻將－魔石神姬傳	https://chiuinan.github.io/game/game/intro/ch/c42/rs404.htm
	超未來少女	https://chiuinan.github.io/game/game/intro/ch/c33/dolly.txt
SCD1859	超未來極速獵車	https://chiuinan.github.io/game/game/intro/eng/e52/safarib.htm
OCD0069	超炫3	https://chiuinan.github.io/game/game/intro/ch/c44/gdmj.htm
SCD1771	超立體彈珠台	https://chiuinan.github.io/game/game/intro/eng/e44/3dvcr.htm
SCD0019	超級五子棋	https://chiuinan.github.io/game/game/intro/ch/c41/sfive.htm
	超級五子棋	https://chiuinan.github.io/game/game/intro/ch/c41/fivech.htm
SCD2777	超級任務2001	https://chiuinan.github.io/game/game/intro/ch/c21/superm.htm
SCD0450	超級俄羅斯	https://chiuinan.github.io/game/game/intro/ch/c44/ntetris.htm
3WG018	超級俄羅斯方塊	https://chiuinan.github.io/game/game/intro/eng/e44/supertet.htm
	超級俄羅斯方塊	https://chiuinan.github.io/game/game/intro/eng/e44/sretriss.htm
SCD1571	超級出租車	https://chiuinan.github.io/game/game/intro/eng/e52/std.htm
SCD1596	超級卡丁車	https://chiuinan.github.io/game/game/intro/eng/e52/skarts.htm
SCD1629	超級卡車競技1	https://chiuinan.github.io/game/game/intro/eng/e52/mtm1.htm
SCD1630	超級卡車競技2	https://chiuinan.github.io/game/game/intro/eng/e52/mtm2.htm
SCD0103	超級台灣麻將	https://chiuinan.github.io/game/game/intro/ch/c42/stmj.htm
SCD2528	超級四川省	https://chiuinan.github.io/game/game/intro/ch/c42/4mj.htm
SCD0329	超級四川省2001	https://chiuinan.github.io/game/game/intro/ch/c42/sscs.htm
	超級拖拉機	https://chiuinan.github.io/game/game/intro/ch/c41/cjtlj.htm
SCD1522	超級摩托王	https://chiuinan.github.io/game/game/intro/eng/e52/sck.htm
SCD1536	超級摩托車2000	https://chiuinan.github.io/game/game/intro/eng/e52/sbk2000.htm
SCD1537	超級摩托車2001	https://chiuinan.github.io/game/game/intro/eng/e52/sbk2001.htm
SCD1535	超級摩托魂	https://chiuinan.github.io/game/game/intro/eng/e52/sbkwc.htm
SWT072	超級星式七號	https://chiuinan.github.io/game/game/intro/eng/e51/st7.htm
SWT144	超級星式九號	https://chiuinan.github.io/game/game/intro/eng/e51/n9.htm
	超級國際象棋	https://chiuinan.github.io/game/game/intro/eng/e41/ccs1.htm
	超級國際象棋2	https://chiuinan.github.io/game/game/intro/eng/e41/ccs2.htm
	超級大戰略／	https://chiuinan.github.io/game/game/intro/ch/c32/superwar.htm
Z029	超級天九	https://chiuinan.github.io/game/game/intro/ch/c44/add9.htm
Z076	超級學園麻雀	https://chiuinan.github.io/game/game/intro/ch/c42/scmc.htm
	超級學園麻雀2海外版	https://chiuinan.github.io/game/game/intro/ch/c42/scmc2.htm
Z045	超級小蜜蜂	https://chiuinan.github.io/game/game/intro/eng/e51/ssinvade.htm
SWT295	超級巫術對弈	https://chiuinan.github.io/game/game/intro/eng/e41/archonu.htm
SCD1763	超級彈子台	https://chiuinan.github.io/game/game/intro/eng/e44/epinball.htm
SCD1760	超級彈珠王	https://chiuinan.github.io/game/game/intro/eng/e44/pw2000.htm
SCD1261	超級快打旋風2：絕世高人	https://chiuinan.github.io/game/game/intro/eng/e51/ssf2t.htm
SCD0794	超級怪精靈	https://chiuinan.github.io/game/game/intro/ch/c52/dokebi.htm
SSG019	超級橋牌	https://chiuinan.github.io/game/game/intro/ch/c41/sbd.htm
SWE020	超級機車賽	https://chiuinan.github.io/game/game/intro/eng/e52/sbkc.htm
SCD2286	超級比一比：絕色經典	https://chiuinan.github.io/game/game/intro/ch/c44/jsjd.htm
SCD1900	超級特技賽車	https://chiuinan.github.io/game/game/intro/eng/e52/sss.htm
SCD2720	超級磚塊	https://chiuinan.github.io/game/game/intro/eng/e44/rapanui.htm
SCD1839	超級競速大賽／	https://chiuinan.github.io/game/game/intro/eng/e52/extreme.htm
	超級賽車	https://chiuinan.github.io/game/game/intro/eng/e52/sspeed.htm
Z089	超級超越競速	https://chiuinan.github.io/game/game/intro/eng/e52/trout.htm
SCD1711	超級越野賽車	https://chiuinan.github.io/game/game/intro/eng/e52/rallyc.htm
SCD1712	超級越野賽車1	https://chiuinan.github.io/game/game/intro/eng/e52/rally.htm
SCD1713	超級越野賽車2	https://chiuinan.github.io/game/game/intro/eng/e52/rally2.htm
Z113	超級運動員	https://chiuinan.github.io/game/game/intro/eng/e52/lr.htm
SCD2520	超級運動員2	https://chiuinan.github.io/game/game/intro/eng/e52/lr2.htm
SCD1562	超級遙控名車賽	https://chiuinan.github.io/game/game/intro/eng/e52/bsr.htm
SCD0913	超級酒店大亨	https://chiuinan.github.io/game/game/intro/ch/c43/htp.htm
SCD0914	超級酒店大亨2	https://chiuinan.github.io/game/game/intro/ch/c43/htp2.htm
SCD1338	超級醫生3	https://chiuinan.github.io/game/game/intro/ch/c33/dr3.htm
SCD0760	超級鬥球王	https://chiuinan.github.io/game/game/intro/ch/c52/ballking.htm
Z038,SCD1045	超級魂斗羅	https://chiuinan.github.io/game/game/intro/eng/e52/superc.htm
SCD0114	超級麻將磚塊	https://chiuinan.github.io/game/game/intro/ch/c44/mjbrick.htm
SCD1891	超速駕駛	https://chiuinan.github.io/game/game/intro/eng/e52/over.htm
SCD0960	超魔法大戰	https://chiuinan.github.io/game/game/intro/ch/c33/crosshm.htm
SCD1518	越野摩托大獎賽	https://chiuinan.github.io/game/game/intro/eng/e52/shmgp.htm
SCD1582	越野摩托王	https://chiuinan.github.io/game/game/intro/eng/e52/sx1.htm
SCD1521	越野摩托賽事	https://chiuinan.github.io/game/game/intro/eng/e52/saer.htm
SCD2245	越野滑雪賽車2000	https://chiuinan.github.io/game/game/intro/eng/e52/snowmc2k.htm
SCD1707	越野競速錦標賽2005	https://chiuinan.github.io/game/game/intro/eng/e52/crc2005.htm
SCD2244	越野腳踏車	https://chiuinan.github.io/game/game/intro/eng/e52/maxxis.htm
SCD1715	越野英雄1	https://chiuinan.github.io/game/game/intro/eng/e52/vrally1.htm
SCD1716	越野英雄2	https://chiuinan.github.io/game/game/intro/eng/e52/vrally2.htm
SCD1717	越野英雄3	https://chiuinan.github.io/game/game/intro/eng/e52/vrally3.htm
SCD1708	越野車拉力賽	https://chiuinan.github.io/game/game/intro/eng/e52/atvr.htm
SCD1709	越野鄉巴佬賽車	https://chiuinan.github.io/game/game/intro/eng/e52/redneck.htm
SCD0060	趣味四川麻將	https://chiuinan.github.io/game/game/intro/ch/c42/marjin.htm
SCD0114	趣味四川麻將	https://chiuinan.github.io/game/game/intro/ch/c42/marjinq.htm
Z062	足球小子	https://chiuinan.github.io/game/game/intro/eng/e52/kid.htm
SCD2254	足球總動員2000	https://chiuinan.github.io/game/game/intro/eng/e52/ts2000.htm
	跳棋	https://chiuinan.github.io/game/game/intro/eng/e41/tiaochi.htm
SCD0121	跳棋小精靈	https://chiuinan.github.io/game/game/intro/ch/c41/g99.htm
	跳跳車	https://chiuinan.github.io/game/game/intro/eng/e52/upndown.htm
	踩地雷	https://chiuinan.github.io/game/game/intro/eng/e44/minerva.htm
	踩地雷	https://chiuinan.github.io/game/game/intro/ch/c44/winmine.htm
SCD2617	黃金傳奇	https://chiuinan.github.io/game/game/intro/ch/c21/treasure.htm
SCD1804	黃金印象	https://chiuinan.github.io/game/game/intro/ch/c21/monet.htm
SCD1784	黃金島	https://chiuinan.github.io/game/game/intro/ch/c21/goldruin.htm
SCD1907	黃金賽車年代	https://chiuinan.github.io/game/game/intro/eng/e52/gaor.htm
SCD2301	黃金鼠歷險記	https://chiuinan.github.io/game/game/intro/ch/c52/hamster.htm
	黃飛鴻－鐵雞鬥蜈蚣	https://chiuinan.github.io/game/game/intro/ch/c52/hwong.txt
SCD1146	黎明之砧	https://chiuinan.github.io/game/game/intro/ch/c12/anvil.htm
SCD0280	黎明聖記	https://chiuinan.github.io/game/game/intro/ch/c11/harlem2.htm
SCD0099	黑之斷章：神探明日香	https://chiuinan.github.io/game/game/intro/ch/c22/kuro.htm
	黑山群俠傳	https://chiuinan.github.io/game/game/intro/ch/c31/hsqxz.htm
SCD1945	黑幫教父	https://chiuinan.github.io/game/game/intro/ch/c32/gangland.htm
SWZ017	黑旋風	https://chiuinan.github.io/game/game/intro/eng/e52/zool.htm
SWT157	黑暗之池	https://chiuinan.github.io/game/game/intro/eng/e11/pod.htm
SWZ007	黑暗之蠱	https://chiuinan.github.io/game/game/intro/ch/c21/darkseed.htm
SCD0610	黑暗之蠱2	https://chiuinan.github.io/game/game/intro/ch/c21/darksed2.htm
SCD2527	黑暗天使	https://chiuinan.github.io/game/game/intro/ch/c12/darks.htm
SCD1557	黑暗帝國1	https://chiuinan.github.io/game/game/intro/eng/e32/dkreign.htm
SCD1558	黑暗帝國2	https://chiuinan.github.io/game/game/intro/eng/e32/dkreign2.htm
	黑暗王座	https://chiuinan.github.io/game/game/intro/ch/c12/lands.htm
OCD0042	黑暗王座2天命守護者	https://chiuinan.github.io/game/game/intro/eng/e12/lolg.htm
SCD0169	黑暗王座3	https://chiuinan.github.io/game/game/intro/eng/e12/lol3.htm
SCD0961	黑暗聖戰錄	https://chiuinan.github.io/game/game/intro/ch/c31/hasjl.htm
SWE264	黑武士	https://chiuinan.github.io/game/game/intro/eng/e21/blade.htm
	黑石	https://chiuinan.github.io/game/game/intro/eng/e41/bs37.htm
Z025,SCD1368 SCD1365	黑色荊棘	https://chiuinan.github.io/game/game/intro/eng/e52/bthorne.htm
SCD0608	黑金企業1	https://chiuinan.github.io/game/game/intro/ch/c33/mobrule.htm
SCD0609	黑金企業2	https://chiuinan.github.io/game/game/intro/ch/c33/sw2.htm
SCD1807	黑鷹傳奇	https://chiuinan.github.io/game/game/intro/ch/c12/hawk.htm
SCD1783	鼓惑人心	https://chiuinan.github.io/game/game/intro/ch/c52/drumbeat.htm
SCD0180	救世英豪1	https://chiuinan.github.io/game/game/intro/ch/c12/gothic.htm
SCD0575	救世英豪2	https://chiuinan.github.io/game/game/intro/ch/c12/gothic2.htm
SCD0586	救世英豪3	https://chiuinan.github.io/game/game/intro/ch/c12/gothic3.htm
SCD2304	救火貓1	https://chiuinan.github.io/game/game/intro/ch/c51/firecats.htm
SCD2305	救火貓2：摩天任務	https://chiuinan.github.io/game/game/intro/ch/c51/cats2.htm
Z091	教父	https://chiuinan.github.io/game/game/intro/eng/e52/godf.htm
SCD1963	教父	https://chiuinan.github.io/game/game/intro/ch/c21/tgtg.htm
SCD1032	教育實習：女子校生慾望之激狂	https://chiuinan.github.io/game/game/intro/ch/c22/maniax2.htm
SCD0313	散碎的原色	https://chiuinan.github.io/game/game/intro/ch/c22/shearts.htm
SCD1949	敦煌：大漠傳奇	https://chiuinan.github.io/game/game/intro/ch/c12/dhgb5.htm
SCD2760	敵對水域	https://chiuinan.github.io/game/game/intro/ch/c32/hostilew.htm
SCD2054	數字歡樂園	https://chiuinan.github.io/game/game/intro/ch/c44/hnl.htm
SCD2052	數字王國歷險記	https://chiuinan.github.io/game/game/intro/ch/c44/ainl.htm
SCD2053	數字翹家記	https://chiuinan.github.io/game/game/intro/ch/c44/mnam.htm
SCD2051	數學小玩家：探索篇／	https://chiuinan.github.io/game/game/intro/ch/c44/eon.htm
SCD2119	數學拍檔闖通關2：奇幻樂園	https://chiuinan.github.io/game/game/intro/ch/c44/mathlnd2.htm
SCD0639	數碼寶貝02	https://chiuinan.github.io/game/game/intro/ch/c44/smbb2.htm
SCD2049	數碼寶貝03：馴獸師之王	https://chiuinan.github.io/game/game/intro/ch/c52/dig03.htm
3WG016	文明帝國1	https://chiuinan.github.io/game/game/intro/eng/e33/civ.htm
SCD0230	文明帝國2	https://chiuinan.github.io/game/game/intro/ch/c33/civ2.htm
SCD0231	文明帝國3	https://chiuinan.github.io/game/game/intro/ch/c33/civ3.htm
SCD0232	文明帝國4	https://chiuinan.github.io/game/game/intro/ch/c33/civ4.htm
	文明帝國5	https://chiuinan.github.io/game/game/intro/ch/c33/civ5.htm
	文明帝國6	https://chiuinan.github.io/game/game/intro/ch/c33/civ6.htm
SCD0233	文明帝國：權傾天下1	https://chiuinan.github.io/game/game/intro/ch/c33/civctp.htm
SCD1641	文明帝國：權傾天下2	https://chiuinan.github.io/game/game/intro/ch/c33/ctp2.htm
	斑馬	https://chiuinan.github.io/game/game/intro/ch/c41/wzebra.htm
SCD2395	新	https://chiuinan.github.io/game/game/intro/eng/e32/zss.htm
SCD2116	新ㄅㄆㄇ動物園	https://chiuinan.github.io/game/game/intro/ch/c44/nbpman.htm
SCD0391	新三國演義99	https://chiuinan.github.io/game/game/intro/ch/c32/sam99.htm
SCD0603	新世紀福音戰士：機密檔案	https://chiuinan.github.io/game/game/intro/ch/c22/ngesoe.htm
SCD0602	新世紀福音戰士：綾波育成計劃	https://chiuinan.github.io/game/game/intro/ch/c33/ngearp.htm
SCD0601	新世紀福音戰士：鋼鐵	https://chiuinan.github.io/game/game/intro/ch/c22/ngeim.htm
SCD0453	新世紀興亡史	https://chiuinan.github.io/game/game/intro/ch/c31/deadf.htm
SCD0008	新仙劍奇俠傳	https://chiuinan.github.io/game/game/intro/ch/c11/palgame.htm
	新仙劍奇俠傳－靈兒續傳	https://chiuinan.github.io/game/game/intro/ch/c11/pal1b.txt
SCD0622	新俄羅斯方塊	https://chiuinan.github.io/game/game/intro/eng/e44/tnt.htm
SCD0985	新倚天屠龍記	https://chiuinan.github.io/game/game/intro/ch/c11/newetin.htm
SCD0974	新劍俠情緣	https://chiuinan.github.io/game/game/intro/ch/c12/newsword.htm
	新台灣十六張麻將	https://chiuinan.github.io/game/game/intro/ch/c42/mjnsolo.htm
SCD1584	新同居時代	https://chiuinan.github.io/game/game/intro/ch/c33/forever.htm
SCD1585	新同居時代1	https://chiuinan.github.io/game/game/intro/ch/c33/singles1.htm
SCD1586	新同居時代2：3	https://chiuinan.github.io/game/game/intro/ch/c33/singles2.htm
SCD2230	新天使帝國	https://chiuinan.github.io/game/game/intro/ch/c31/nagl.htm
SCD0362	新官能教習1	https://chiuinan.github.io/game/game/intro/ch/c33/nst1.htm
OCD0087	新官能教習2：女奴俱樂部	https://chiuinan.github.io/game/game/intro/ch/c33/nst2.htm
OCD0075	新官能教習3：女奴調教	https://chiuinan.github.io/game/game/intro/ch/c33/nst3.htm
OCD0088	新官能教習4：黑獄	https://chiuinan.github.io/game/game/intro/ch/c33/nst4.htm
SWT122	新幻想空間	https://chiuinan.github.io/game/game/intro/eng/e21/nlsl1.htm
SCD2088	新成吉思汗：帝國霸業	https://chiuinan.github.io/game/game/intro/ch/c31/cgk.htm
	新接龍	https://chiuinan.github.io/game/game/intro/ch/c41/freecell.htm
OCD0054	新毀滅巫師	https://chiuinan.github.io/game/game/intro/eng/e51/hexen.htm
SCD0458	新毀滅巫師2	https://chiuinan.github.io/game/game/intro/eng/e51/hexen2.htm
SCD2059	新無敵炸彈超人1	https://chiuinan.github.io/game/game/intro/ch/c52/ibomber.htm
SCD2060	新無敵炸彈超人2：巴冷公主篇	https://chiuinan.github.io/game/game/intro/ch/c52/ibomber2.htm
SCD0836	新狼人摩天樓	https://chiuinan.github.io/game/game/intro/ch/c52/wman.htm
SCD2030	新神奇傳說3	https://chiuinan.github.io/game/game/intro/ch/c31/farsym.htm
OCD0043	新神鵰俠侶	https://chiuinan.github.io/game/game/intro/ch/c12/shendiao.htm
OCD0044	新神鵰俠侶完結篇	https://chiuinan.github.io/game/game/intro/ch/c12/eagle2.htm
SCD0285	新立體桌球 3	https://chiuinan.github.io/game/game/intro/eng/e52/pwz3dpol.htm
OCD0032	新絕代雙驕	https://chiuinan.github.io/game/game/intro/ch/c11/tth.htm
OCD0034	新絕代雙驕2	https://chiuinan.github.io/game/game/intro/ch/c11/tth2.htm
OCD0016	新絕代雙驕3	https://chiuinan.github.io/game/game/intro/ch/c11/tth3.htm
OCD0015	新絕代雙驕前傳	https://chiuinan.github.io/game/game/intro/ch/c11/tthz.htm
SCD0681	新絕代雙驕：魚戲江湖	https://chiuinan.github.io/game/game/intro/ch/c12/yxjh.htm
RSZ001	新美女拳	https://chiuinan.github.io/game/game/intro/ch/c44/beauty.htm
SCD0151	新聖魔大戰	https://chiuinan.github.io/game/game/intro/ch/c31/cf2r.htm
SWT174	新英雄傳奇1	https://chiuinan.github.io/game/game/intro/eng/e21/qfg1.htm
Z051	新英雄傳說	https://chiuinan.github.io/game/game/intro/eng/e31/heroques.htm
SCD1317	新英雄傳說1	https://chiuinan.github.io/game/game/intro/ch/c11/ed1_win.htm
SCD1318	新英雄傳說3：白髮魔女	https://chiuinan.github.io/game/game/intro/ch/c12/ed3_win.htm
SCD1319	新英雄傳說4：朱紅之淚	https://chiuinan.github.io/game/game/intro/ch/c11/ed4_win.htm
SCD0991	新蜀山劍俠	https://chiuinan.github.io/game/game/intro/ch/c11/legend2.htm
SCD0992	新蜀山劍俠傳：劍仙玄易錄	https://chiuinan.github.io/game/game/intro/ch/c12/shusan.htm
SWT308,SCD2521	新超級運動員	https://chiuinan.github.io/game/game/intro/eng/e52/loderunn.htm
SCD0024	新金瓶梅	https://chiuinan.github.io/game/game/intro/ch/c33/njpm.htm
SCD0023	新金瓶梅真人版	https://chiuinan.github.io/game/game/intro/ch/c33/njpml.htm
SCD2162	新鐵路大亨	https://chiuinan.github.io/game/game/intro/ch/c33/ttt.htm
SCD0583	新阿貓阿狗	https://chiuinan.github.io/game/game/intro/eng/e52/catdog.htm
SCD0983	新龍門客棧	https://chiuinan.github.io/game/game/intro/ch/c31/newlm.htm
SWE266	方塊	https://chiuinan.github.io/game/game/intro/eng/e44/wordtris.htm
SWT191	方塊奧運	https://chiuinan.github.io/game/game/intro/ch/c44/olympic.htm
SCD2251	方程式挑戰賽	https://chiuinan.github.io/game/game/intro/eng/e52/fc2004.htm
SWE168	方程式機車賽	https://chiuinan.github.io/game/game/intro/eng/e52/cycles.htm
OCD0020	日劫	https://chiuinan.github.io/game/game/intro/ch/c12/zj1.htm
SCD1037	日劫2：烈日奇俠傳	https://chiuinan.github.io/game/game/intro/ch/c12/zj2.htm
SCD1206	日文狂飆50音：魔力速記	https://chiuinan.github.io/game/game/intro/ch/c44/jpn50.htm
SCD1577	日蝕：沙巴卡瓦之役	https://chiuinan.github.io/game/game/intro/ch/c31/ecp.htm
SCD2456	旭日東昇1	https://chiuinan.github.io/game/game/intro/eng/e32/uprising.htm
SCD2457	旭日東昇2	https://chiuinan.github.io/game/game/intro/eng/e32/uprisin2.htm
SWT319,SCD2748	昆蟲大戰	https://chiuinan.github.io/game/game/intro/eng/e32/bugs.htm
SCD2766	昆蟲霸主	https://chiuinan.github.io/game/game/intro/ch/c33/ik.htm
SCD1022	昇剛：機器人大戰	https://chiuinan.github.io/game/game/intro/eng/e51/shogo.htm
Z102	明日之星1	https://chiuinan.github.io/game/game/intro/ch/c33/star.htm
SCD2242	明日之星2	https://chiuinan.github.io/game/game/intro/ch/c33/star2.htm
SCD1583	明日的世界	https://chiuinan.github.io/game/game/intro/ch/c22/soshite.htm
SCD0069	明星三缺一	https://chiuinan.github.io/game/game/intro/ch/c42/igsmj.htm
SCD2729	明星之夢	https://chiuinan.github.io/game/game/intro/ch/c33/photowin.htm
SCD0540	明星便利商店	https://chiuinan.github.io/game/game/intro/ch/c33/sub.htm
SCD1825	明星夢工廠	https://chiuinan.github.io/game/game/intro/ch/c33/psa.htm
SCD0539	明星對戰梭哈	https://chiuinan.github.io/game/game/intro/ch/c41/starsoha.htm
SSG049,SCD2786	明星志願1	https://chiuinan.github.io/game/game/intro/ch/c33/stardom.htm
SCD0213	明星志願2	https://chiuinan.github.io/game/game/intro/ch/c33/stardom2.htm
SCD0214	明星志願2000	https://chiuinan.github.io/game/game/intro/ch/c33/star2000.htm
SCD0215	明星志願3	https://chiuinan.github.io/game/game/intro/ch/c33/stardom3.htm
SCD0197	明星志願闖通關	https://chiuinan.github.io/game/game/intro/ch/c44/stargame.htm
SCD2782	明星手札	https://chiuinan.github.io/game/game/intro/ch/c33/poplife.htm
SWT023	明星撲克	https://chiuinan.github.io/game/game/intro/eng/e41/hoyle.htm
SWT126	明星職棒1	https://chiuinan.github.io/game/game/intro/eng/e52/ultimate.htm
SWT211,SWT220	明星職棒2	https://chiuinan.github.io/game/game/intro/eng/e52/tony2.htm
SCD2614	明星賭城1	https://chiuinan.github.io/game/game/intro/ch/c44/sgamble1.htm
SCD2615	明星賭城2	https://chiuinan.github.io/game/game/intro/ch/c44/sgamble2.htm
SCD0541	明星餐廳	https://chiuinan.github.io/game/game/intro/ch/c33/starres.htm
	星城：綠洲計畫	https://chiuinan.github.io/game/game/intro/ch/c33/oasis.htm
SCD1207	星座	https://chiuinan.github.io/game/game/intro/ch/c44/stardna.htm
SCD0102	星座美少女 麻將日記	https://chiuinan.github.io/game/game/intro/ch/c42/hbmj.htm
SCD2541	星月奇緣	https://chiuinan.github.io/game/game/intro/ch/c31/moon.htm
SCD2454	星海梟雄1	https://chiuinan.github.io/game/game/intro/eng/e51/iwar.htm
SCD2455	星海梟雄2	https://chiuinan.github.io/game/game/intro/eng/e51/iwar2.htm
SCD0254	星海爭霸1	https://chiuinan.github.io/game/game/intro/eng/e32/starc.htm
SCD0255	星海爭霸2：自由之翼	https://chiuinan.github.io/game/game/intro/ch/c32/starc2.htm
SCD1660	星海風暴	https://chiuinan.github.io/game/game/intro/ch/c32/finalody.htm
SCD2181	星際反抗軍之資源爭奪戰	https://chiuinan.github.io/game/game/intro/eng/e32/tone.htm
Z013	星際大亨	https://chiuinan.github.io/game/game/intro/ch/c43/tctycoon.htm
	星際大戰西洋棋	https://chiuinan.github.io/game/game/intro/eng/e41/swchess.htm
Z078,SCD1693	星際大戰：	https://chiuinan.github.io/game/game/intro/eng/e51/xwing.htm
SCD1695	星際大戰：俠盜中隊	https://chiuinan.github.io/game/game/intro/eng/e51/roguesq.htm
Z079,SCD1694	星際大戰：鈦戰機	https://chiuinan.github.io/game/game/intro/eng/e51/tie.htm
SCD2576	星際大爭霸	https://chiuinan.github.io/game/game/intro/ch/c51/zeit.htm
SWZ016	星際密探	https://chiuinan.github.io/game/game/intro/eng/e21/batvga.htm
SCD1773	星際彈珠台	https://chiuinan.github.io/game/game/intro/eng/e44/starball.htm
SCD0928	星際爭霸彈子台	https://chiuinan.github.io/game/game/intro/eng/e44/stpin.htm
SWT161,SCD0922	星際爭霸戰	https://chiuinan.github.io/game/game/intro/eng/e21/startrek.htm
SCD0938	星際爭霸戰	https://chiuinan.github.io/game/game/intro/eng/e22/klingon.htm
SCD0939	星際爭霸戰	https://chiuinan.github.io/game/game/intro/eng/e22/borg.htm
SCD0930	星際爭霸戰	https://chiuinan.github.io/game/game/intro/eng/e32/stnw.htm
SCD0934	星際爭霸戰	https://chiuinan.github.io/game/game/intro/eng/e51/sgens.htm
SCD0925	星際爭霸戰	https://chiuinan.github.io/game/game/intro/eng/e32/sfc.htm
SCD0926	星際爭霸戰	https://chiuinan.github.io/game/game/intro/eng/e32/sfc2.htm
SCD0927	星際爭霸戰	https://chiuinan.github.io/game/game/intro/eng/e32/sfc3.htm
SCD0940	星際爭霸戰	https://chiuinan.github.io/game/game/intro/eng/e33/sscreate.htm
SCD0941	星際爭霸戰	https://chiuinan.github.io/game/game/intro/eng/e33/warp2.htm
SCD0946	星際爭霸戰	https://chiuinan.github.io/game/game/intro/eng/e51/eforce.htm
SCD0947	星際爭霸戰	https://chiuinan.github.io/game/game/intro/eng/e51/eforce2.htm
SCD0949	星際爭霸戰	https://chiuinan.github.io/game/game/intro/eng/e33/stbc.htm
SCD0944	星際爭霸戰	https://chiuinan.github.io/game/game/intro/eng/e32/armada.htm
SCD0945	星際爭霸戰	https://chiuinan.github.io/game/game/intro/eng/e32/armada2.htm
SCD0942	星際爭霸戰	https://chiuinan.github.io/game/game/intro/eng/e44/trektriv.htm
SCD0948	星際爭霸戰	https://chiuinan.github.io/game/game/intro/eng/e32/stat.htm
SCD0950	星際爭霸戰	https://chiuinan.github.io/game/game/intro/eng/e33/stlegacy.htm
SCD0943	星際爭霸戰	https://chiuinan.github.io/game/game/intro/eng/e21/sthe.htm
SCD0929	星際爭霸戰	https://chiuinan.github.io/game/game/intro/eng/e32/ka.htm
Z031,SCD0923	星際爭霸戰	https://chiuinan.github.io/game/game/intro/ch/c21/rites.htm
Z030	星際爭霸戰5	https://chiuinan.github.io/game/game/intro/eng/e52/trek5.htm
SCD0924	星際神鷹	https://chiuinan.github.io/game/game/intro/eng/e33/sfa.htm
SSG026	春秋爭霸傳1	https://chiuinan.github.io/game/game/intro/ch/c32/hf1.htm
SSG053	春秋爭霸傳2問鼎天下	https://chiuinan.github.io/game/game/intro/ch/c32/ch2.htm
SCD1307	春秋英雄傳	https://chiuinan.github.io/game/game/intro/ch/c12/spdragon.htm
SCD1501	時空小精靈	https://chiuinan.github.io/game/game/intro/eng/e52/pacit.htm
SCD1172	時空幻境	https://chiuinan.github.io/game/game/intro/ch/c31/messiah.htm
	時空幻境：緋夜傳奇	https://chiuinan.github.io/game/game/intro/ch/c12/tob.htm
SCD1971	時空戰士	https://chiuinan.github.io/game/game/intro/ch/c32/mobius.htm
SWE146	時空戰士	https://chiuinan.github.io/game/game/intro/eng/e51/sharrier.htm
	時空異變	https://chiuinan.github.io/game/game/intro/ch/c11/bruce.txt
SCD1549	時空英豪	https://chiuinan.github.io/game/game/intro/eng/e21/outcast.htm
OCD0542	時空魔域	https://chiuinan.github.io/game/game/intro/ch/c12/ww.htm
	時鐘塔	https://chiuinan.github.io/game/game/intro/ch/c21/ct.htm
SCD0434	時間機器	https://chiuinan.github.io/game/game/intro/ch/c21/timeq.htm
	智商180	https://chiuinan.github.io/game/game/intro/ch/c44/iq180.htm
SCD2285	智高推推樂	https://chiuinan.github.io/game/game/intro/ch/c44/boxpush.htm
	暗棋	https://chiuinan.github.io/game/game/intro/eng/e41/home.htm
SCD0035	暗棋三國志	https://chiuinan.github.io/game/game/intro/ch/c41/chess3.htm
SCD0073	暗棋大師	https://chiuinan.github.io/game/game/intro/ch/c41/chess.htm
SCD0017	暗棋王	https://chiuinan.github.io/game/game/intro/ch/c41/kod.htm
	暗棋侏儸紀	https://chiuinan.github.io/game/game/intro/ch/c41/jchess.htm
SCD0050	暗棋總動員	https://chiuinan.github.io/game/game/intro/ch/c41/piecez.htm
Z005	暗棋聖手	https://chiuinan.github.io/game/game/intro/ch/c41/chessg.htm
SCD0095	暗藏棋機	https://chiuinan.github.io/game/game/intro/ch/c41/anchess.htm
SCD0745	暗黑拳王	https://chiuinan.github.io/game/game/intro/eng/e52/dj.htm
SCD0818	暗黑殖民地	https://chiuinan.github.io/game/game/intro/eng/e32/dc.htm
OCD0045	暗黑破壞神1	https://chiuinan.github.io/game/game/intro/eng/e12/diablo.htm
OCD0046	暗黑破壞神2	https://chiuinan.github.io/game/game/intro/ch/c12/diablo2.htm
	暗黑破壞神2：獄火重生	https://chiuinan.github.io/game/game/intro/ch/c12/d2r.htm
SCD2621	暗黑秘石	https://chiuinan.github.io/game/game/intro/ch/c12/darkston.htm
SCD1528	暴力摩托	https://chiuinan.github.io/game/game/intro/eng/e52/roadrash.htm
SCD1525	暴力機車	https://chiuinan.github.io/game/game/intro/eng/e52/jacked.htm
SCD1568	暴走出租車	https://chiuinan.github.io/game/game/intro/eng/e52/tr.htm
SCD1524	暴走機車世界	https://chiuinan.github.io/game/game/intro/eng/e52/ducati.htm
SCD1889	暴走汽車大賽	https://chiuinan.github.io/game/game/intro/eng/e52/sprintcr.htm
SCD0323	曙光特攻	https://chiuinan.github.io/game/game/intro/ch/c51/aurora.htm
SCD2248	曼哈頓獵車傳奇	https://chiuinan.github.io/game/game/intro/eng/e21/csm.htm
SSG022	最後武力	https://chiuinan.github.io/game/game/intro/ch/c32/final.htm
SCD2079	最後生機	https://chiuinan.github.io/game/game/intro/ch/c51/apgm.htm
SCD0871	最後一戰	https://chiuinan.github.io/game/game/intro/ch/c51/halo.htm
	最終幻想1	https://chiuinan.github.io/game/game/intro/ch/c11/ff1.htm
	最終幻想2	https://chiuinan.github.io/game/game/intro/ch/c11/ff2.htm
	最終幻想3	https://chiuinan.github.io/game/game/intro/ch/c11/ff3.htm
	最終幻想4	https://chiuinan.github.io/game/game/intro/ch/c12/ff4.htm
	最終幻想4後傳	https://chiuinan.github.io/game/game/intro/ch/c12/ff4a.htm
	最終幻想5	https://chiuinan.github.io/game/game/intro/ch/c12/ff5.htm
	最終幻想6	https://chiuinan.github.io/game/game/intro/ch/c12/ff6.htm
OCD0038	最終幻想7	https://chiuinan.github.io/game/game/intro/ch/c12/ff7.htm
SCD0262	最終幻想8	https://chiuinan.github.io/game/game/intro/ch/c12/ff8.htm
	最終幻想9	https://chiuinan.github.io/game/game/intro/ch/c12/ff9.htm
	最終幻想10	https://chiuinan.github.io/game/game/intro/ch/c11/ff10.htm
	最終幻想12	https://chiuinan.github.io/game/game/intro/ch/c12/ff12.htm
	最終幻想13	https://chiuinan.github.io/game/game/intro/ch/c12/ff13.htm
	最終幻想13-2	https://chiuinan.github.io/game/game/intro/ch/c12/ff13-2.htm
	最終幻想13續傳	https://chiuinan.github.io/game/game/intro/ch/c12/ff13-3.htm
	最終幻想	https://chiuinan.github.io/game/game/intro/ch/c11/ffw.htm
	最終幻想	https://chiuinan.github.io/game/game/intro/ch/c12/fft0.htm
SCD2247	最速傳說之街道制霸	https://chiuinan.github.io/game/game/intro/ch/c52/taxi3.htm
SCD2283	最酷的酷企鵝：瘋狂	https://chiuinan.github.io/game/game/intro/ch/c44/xo.htm
SCD1144	最高指揮官	https://chiuinan.github.io/game/game/intro/ch/c32/supcom.htm
SCD1151	月狐傳說：小狐仙	https://chiuinan.github.io/game/game/intro/ch/c33/fox.htm
	石器時代	https://chiuinan.github.io/game/game/intro/eng/e44/stoneage.htm
SSG023	破壞神傳說	https://chiuinan.github.io/game/game/intro/ch/c11/zyca.txt
SCD1613	硬卡車：啟示錄	https://chiuinan.github.io/game/game/intro/eng/e51/htrucka.htm
SCD1610	硬卡車1	https://chiuinan.github.io/game/game/intro/eng/e52/htruck.htm
SCD1611	硬卡車2	https://chiuinan.github.io/game/game/intro/eng/e33/htruck2.htm
SCD1612	硬卡車3：18鋼輪	https://chiuinan.github.io/game/game/intro/eng/e33/ht18wos.htm
SCD1700	硬核4	https://chiuinan.github.io/game/game/intro/eng/e52/hc4x4.htm
Z123,SCD1601	碟形世界1	https://chiuinan.github.io/game/game/intro/eng/e21/discwld.htm
SCD1602	碟形世界2：死亡字節	https://chiuinan.github.io/game/game/intro/eng/e21/discw2.htm
SCD0503	碧雪情天外傳：冰雪傳奇	https://chiuinan.github.io/game/game/intro/ch/c12/bxqta.htm
OCD0029	碧雪情天之俠侶情緣	https://chiuinan.github.io/game/game/intro/ch/c12/bxqt.htm
	碰撞精靈	https://chiuinan.github.io/game/game/intro/ch/c52/bw.txt
SCD1798	碰撞飛車	https://chiuinan.github.io/game/game/intro/eng/e52/crashday.htm
	碰龍美戰士	https://chiuinan.github.io/game/game/intro/ch/c44/sunnyna.txt
SCD1399	聖劍啟示錄	https://chiuinan.github.io/game/game/intro/eng/e21/cots.htm
SCD0809	聖劍大陸：霸王騎士傳	https://chiuinan.github.io/game/game/intro/ch/c31/jelly.htm
SWT138	聖域傳說	https://chiuinan.github.io/game/game/intro/ch/c11/may.htm
SCD0967	聖域爭輝	https://chiuinan.github.io/game/game/intro/ch/c31/whero.htm
OCD0061	聖域破壞神	https://chiuinan.github.io/game/game/intro/ch/c12/sacred.htm
SCD2536	聖域破壞神2	https://chiuinan.github.io/game/game/intro/ch/c12/sacred2.htm
SCD2534	聖天使學園	https://chiuinan.github.io/game/game/intro/ch/c22/parapara.htm
SCD0536	聖女之歌1：人魚的新娘	https://chiuinan.github.io/game/game/intro/ch/c12/ha1.htm
SCD0537	聖女之歌2：撒雷母天使	https://chiuinan.github.io/game/game/intro/ch/c12/ha2.htm
SCD0538	聖女之歌	https://chiuinan.github.io/game/game/intro/ch/c44/haxp.htm
	聖女之歌零	https://chiuinan.github.io/game/game/intro/ch/c52/ha0.htm
SCD2808	聖女傳說	https://chiuinan.github.io/game/game/intro/ch/c31/tri.htm
	聖女貞德	https://chiuinan.github.io/game/game/intro/eng/e32/joan.htm
SCD0545	聖少女學園：水晶組	https://chiuinan.github.io/game/game/intro/ch/c31/ccc.htm
Z064	聖少女戰隊1	https://chiuinan.github.io/game/game/intro/ch/c31/lake1.htm
Z065	聖少女戰隊2	https://chiuinan.github.io/game/game/intro/ch/c31/lake2.htm
SCD2375	聖少女戰隊3	https://chiuinan.github.io/game/game/intro/ch/c31/lake3.htm
SCD1369	聖戰奇兵	https://chiuinan.github.io/game/game/intro/ch/c12/trinity.htm
SWT021	聖戰奇兵冒險版	https://chiuinan.github.io/game/game/intro/eng/e21/indy256.htm
SWE163	聖戰奇兵動作版	https://chiuinan.github.io/game/game/intro/eng/e52/indya.htm
	聖戰錄	https://chiuinan.github.io/game/game/intro/ch/c22/ash.txt
SCD2488	聖殿武士	https://chiuinan.github.io/game/game/intro/eng/e52/kothic.htm
SCD1785	聖焰騎士傳	https://chiuinan.github.io/game/game/intro/ch/c33/geo.htm
SCD0838	聖眼之翼	https://chiuinan.github.io/game/game/intro/ch/c32/sainteye.htm
OCD0011	聖石傳說	https://chiuinan.github.io/game/game/intro/ch/c12/sstone.htm
	聖經啟示錄	https://chiuinan.github.io/game/game/intro/ch/c44/bb.htm
SCD1257	聖誕任務	https://chiuinan.github.io/game/game/intro/ch/c52/msxmas.htm
SCD2599	聖靈騎士	https://chiuinan.github.io/game/game/intro/ch/c11/sslayers.htm
SCD1129	聖魔戰記1：艾拉降臨	https://chiuinan.github.io/game/game/intro/ch/c32/sforce.htm
SCD1130	聖魔戰記2：永遠的奇蹟	https://chiuinan.github.io/game/game/intro/ch/c32/sforce2.htm
	迪士尼奪寶奇兵	https://chiuinan.github.io/game/game/intro/eng/e21/ducktale.htm
SCD0802	迪士尼星際寶貝夏威夷冒險	https://chiuinan.github.io/game/game/intro/eng/e21/dlasha.htm
SCD2757	迪士尼泰山	https://chiuinan.github.io/game/game/intro/eng/e52/tarzan.htm
SCD2758	迪士尼泰山：活動中心	https://chiuinan.github.io/game/game/intro/eng/e52/tzac.htm
SCD2756	迪士尼泰山叢林大冒險	https://chiuinan.github.io/game/game/intro/eng/e52/tzjt.htm
SCD0801	迪士尼神奇藝術卡通製作家	https://chiuinan.github.io/game/game/intro/eng/e44/dmac.htm
SCD1853	迪斯尼卡通賽車	https://chiuinan.github.io/game/game/intro/eng/e52/wdwq.htm
SCD2193	迴力鏢破壞者	https://chiuinan.github.io/game/game/intro/eng/e44/boombrk.htm
SCD2110	迷你咖哩1：兒童安全指南室內篇	https://chiuinan.github.io/game/game/intro/ch/c21/mini1.htm
SCD2111	迷你咖哩2：兒童安全指南室外篇	https://chiuinan.github.io/game/game/intro/ch/c21/mini2.htm
SCD0216	迷城國度	https://chiuinan.github.io/game/game/intro/ch/c12/xanadu.htm
SWE262	迷宮動動腦	https://chiuinan.github.io/game/game/intro/eng/e44/chips.htm
SWZ015	迷宮探險	https://chiuinan.github.io/game/game/intro/eng/e52/montez.htm
SCD0459	迷幻俄羅斯	https://chiuinan.github.io/game/game/intro/ch/c44/terprj.htm
SCD2384	迷走都市	https://chiuinan.github.io/game/game/intro/ch/c22/mei.htm
SCD2413	迷霧之島1	https://chiuinan.github.io/game/game/intro/eng/e21/myst1.htm
SCD2414	迷霧之島2	https://chiuinan.github.io/game/game/intro/ch/c21/myst2.htm
SCD2415	迷霧之島3	https://chiuinan.github.io/game/game/intro/ch/c21/myst3.htm
SCD2416	迷霧之島4	https://chiuinan.github.io/game/game/intro/eng/e21/myst4.htm
SCD2417	迷霧之島5	https://chiuinan.github.io/game/game/intro/eng/e21/myst5.htm
TTNZ007,SCD2406	逆玉王	https://chiuinan.github.io/game/game/intro/ch/c11/we.htm
SSG003	逆襲	https://chiuinan.github.io/game/game/intro/ch/c51/attack.htm
	逆轉時空	https://chiuinan.github.io/game/game/intro/ch/c51/rts.htm
	逆轉霹靂	https://chiuinan.github.io/game/game/intro/ch/c21/nzpili.htm
	逐夢江湖行	https://chiuinan.github.io/game/game/intro/ch/c31/zmjhx.htm
SCD1310	逐鹿中原之隋唐群英傳	https://chiuinan.github.io/game/game/intro/ch/c32/zlzy.htm
SCD1633	通卡怪獸大卡車	https://chiuinan.github.io/game/game/intro/eng/e52/tonkamt.htm
SCD0663	通用汽車越野拉力賽	https://chiuinan.github.io/game/game/intro/ch/c52/gmrally.htm
	連珠妙手	https://chiuinan.github.io/game/game/intro/ch/c41/fiver6.htm
	連珠終結者	https://chiuinan.github.io/game/game/intro/ch/c41/rs2008.htm
	連環新接龍	https://chiuinan.github.io/game/game/intro/ch/c41/spider.htm
SCD1382	連環殺手	https://chiuinan.github.io/game/game/intro/eng/e52/killloop.htm
SWE254	連環泡	https://chiuinan.github.io/game/game/intro/eng/e44/pnp.htm
SCD2398	遁入黑暗	https://chiuinan.github.io/game/game/intro/eng/e51/f2b.htm
SCD0500	遊戲之王：夢指引	https://chiuinan.github.io/game/game/intro/ch/c43/kog.htm
SCD1484	遊樂園夢工廠1	https://chiuinan.github.io/game/game/intro/eng/e33/rcf.htm
SCD1485	遊樂園夢工廠2	https://chiuinan.github.io/game/game/intro/eng/e33/rcf2.htm
SCD1486	遊樂園夢工廠3	https://chiuinan.github.io/game/game/intro/eng/e33/rcf3.htm
SCD1805	遊牧王朝	https://chiuinan.github.io/game/game/intro/eng/e32/horde.htm
Z118,SCD2584	運輸大亨	https://chiuinan.github.io/game/game/intro/eng/e33/trans.htm
	運鏢天下之四大鏢局	https://chiuinan.github.io/game/game/intro/ch/c33/dart.txt
SCD1492	過山車設計師	https://chiuinan.github.io/game/game/intro/eng/e33/hr.htm
SCD2802	達摩	https://chiuinan.github.io/game/game/intro/ch/c12/damo.htm
SCD1566	遙控特技賽車	https://chiuinan.github.io/game/game/intro/eng/e52/sgp.htm
SCD1565	遙控車橫行天下	https://chiuinan.github.io/game/game/intro/eng/e52/rccars.htm
	選舉風雲	https://chiuinan.github.io/game/game/intro/ch/c33/vote.htm
SCD0919	邊緣戰區	https://chiuinan.github.io/game/game/intro/eng/e51/sideline.htm
SCD0381	邪惡天才	https://chiuinan.github.io/game/game/intro/ch/c32/evilg.htm
SWZ006	邪神傳說	https://chiuinan.github.io/game/game/intro/ch/c12/evilgod.htm
	邪神大地	https://chiuinan.github.io/game/game/intro/ch/c11/eviland.htm
SCD1899	都市極限飆車	https://chiuinan.github.io/game/game/intro/eng/e52/urbanex.htm
	鄉民闖江湖	https://chiuinan.github.io/game/game/intro/ch/c31/xmcjh.htm
SCD0386	鄭問之三國誌	https://chiuinan.github.io/game/game/intro/ch/c32/chenuen.htm
SCD2117	酷酷龍：輕輕鬆鬆學數學	https://chiuinan.github.io/game/game/intro/ch/c44/putm02.htm
	醫生也瘋狂1	https://chiuinan.github.io/game/game/intro/eng/e33/lnd.htm
SWT100	醫生也瘋狂2：腦科篇	https://chiuinan.github.io/game/game/intro/eng/e33/lnd2.htm
SCD1520	雪上摩托冠軍賽	https://chiuinan.github.io/game/game/intro/eng/e52/whiteout.htm
SCD1799	雪佛萊極品跑車賽	https://chiuinan.github.io/game/game/intro/eng/e52/corvette.htm
SCD0792	雪山尋寶	https://chiuinan.github.io/game/game/intro/ch/c44/tms.htm
SCD1412	雪樂山21點	https://chiuinan.github.io/game/game/intro/eng/e41/hbjs.htm
SCD1413	雪樂山傷心小棧與黑桃	https://chiuinan.github.io/game/game/intro/eng/e41/hrtsspds.htm
SCD1439	雪樂山兒童遊戲大全1	https://chiuinan.github.io/game/game/intro/eng/e44/hkg1.htm
SCD1440	雪樂山兒童遊戲大全2	https://chiuinan.github.io/game/game/intro/eng/e44/hkg2.htm
SCD1435	雪樂山單字遊戲大全1	https://chiuinan.github.io/game/game/intro/eng/e44/hword1.htm
SCD1436	雪樂山單字遊戲大全2	https://chiuinan.github.io/game/game/intro/eng/e44/hword2.htm
SCD1437	雪樂山單字遊戲大全3	https://chiuinan.github.io/game/game/intro/eng/e44/hword3.htm
SCD1434	雪樂山填字遊戲	https://chiuinan.github.io/game/game/intro/eng/e44/hxwords.htm
SCD1433	雪樂山戰艦與戰爭	https://chiuinan.github.io/game/game/intro/eng/e41/battlwar.htm
SCD1415	雪樂山接龍	https://chiuinan.github.io/game/game/intro/eng/e41/hsol.htm
SCD1416	雪樂山接龍與四川麻將	https://chiuinan.github.io/game/game/intro/eng/e41/soltiles.htm
SCD1406,SCD1414	雪樂山撲克	https://chiuinan.github.io/game/game/intro/eng/e41/hfnp.htm
SCD1400	雪樂山撲克遊戲大全2	https://chiuinan.github.io/game/game/intro/eng/e41/hccg2.htm
SCD1404	雪樂山撲克遊戲大全2003	https://chiuinan.github.io/game/game/intro/eng/e41/hcg2003.htm
SCD1405	雪樂山撲克遊戲大全2004	https://chiuinan.github.io/game/game/intro/eng/e41/hcg2004.htm
SCD1406	雪樂山撲克遊戲大全2005	https://chiuinan.github.io/game/game/intro/eng/e41/hcg2005.htm
SCD1407	雪樂山撲克遊戲大全2008	https://chiuinan.github.io/game/game/intro/eng/e41/hcg2008.htm
SCD1408	雪樂山撲克遊戲大全2009	https://chiuinan.github.io/game/game/intro/eng/e41/hcg2009.htm
SCD1401	雪樂山撲克遊戲大全3	https://chiuinan.github.io/game/game/intro/eng/e41/hcg3.htm
SCD1402	雪樂山撲克遊戲大全4	https://chiuinan.github.io/game/game/intro/eng/e41/hcg4.htm
SCD1403	雪樂山撲克遊戲大全5	https://chiuinan.github.io/game/game/intro/eng/e41/hcg5.htm
SCD1438	雪樂山桌遊大全2004	https://chiuinan.github.io/game/game/intro/eng/e44/htg2004.htm
SCD1409	雪樂山橋牌	https://chiuinan.github.io/game/game/intro/eng/e41/hoyleb.htm
SCD1410	雪樂山橋牌與龍克牌	https://chiuinan.github.io/game/game/intro/eng/e41/brdgeuch.htm
SCD1427	雪樂山益智遊戲大全2003	https://chiuinan.github.io/game/game/intro/eng/e44/hbg2003.htm
SCD1428	雪樂山益智遊戲大全2005	https://chiuinan.github.io/game/game/intro/eng/e44/hbg2005.htm
SCD1424	雪樂山益智遊戲大全3	https://chiuinan.github.io/game/game/intro/eng/e44/hbg3.htm
SCD1425	雪樂山益智遊戲大全4	https://chiuinan.github.io/game/game/intro/eng/e44/hbg4.htm
SCD1426	雪樂山益智遊戲大全5	https://chiuinan.github.io/game/game/intro/eng/e44/hbg5.htm
SCD1423	雪樂山經典益智遊戲大全	https://chiuinan.github.io/game/game/intro/eng/e44/hcbg.htm
SCD1451	雪樂山經典賭博遊戲	https://chiuinan.github.io/game/game/intro/eng/e44/hcc.htm
SCD1420	雪樂山經典遊戲集1	https://chiuinan.github.io/game/game/intro/eng/e41/hoylecg.htm
SCD1421	雪樂山經典遊戲集2	https://chiuinan.github.io/game/game/intro/eng/e44/hoylecg2.htm
SCD0096	雪樂山西洋棋	https://chiuinan.github.io/game/game/intro/eng/e41/mjchess.htm
SCD1455	雪樂山角子機系列全集	https://chiuinan.github.io/game/game/intro/eng/e44/hss.htm
SCD1453	雪樂山角子機與視頻撲克1	https://chiuinan.github.io/game/game/intro/eng/e44/hsvp1.htm
SCD1454	雪樂山角子機與視頻撲克3	https://chiuinan.github.io/game/game/intro/eng/e44/hsvp3.htm
SCD1452	雪樂山角子機遊戲3	https://chiuinan.github.io/game/game/intro/eng/e44/hs3.htm
SCD1432	雪樂山解謎與益智遊戲全集	https://chiuinan.github.io/game/game/intro/eng/e44/hpbg.htm
SCD1429	雪樂山解謎遊戲大全2003	https://chiuinan.github.io/game/game/intro/eng/e44/hpg2003.htm
SCD1430	雪樂山解謎遊戲大全2004	https://chiuinan.github.io/game/game/intro/eng/e44/hpg2004.htm
SCD1431	雪樂山解謎遊戲大全2005	https://chiuinan.github.io/game/game/intro/eng/e44/hpg2005.htm
SCD1441	雪樂山賭博遊戲大全1	https://chiuinan.github.io/game/game/intro/eng/e44/hcasino.htm
SCD1442	雪樂山賭博遊戲大全2	https://chiuinan.github.io/game/game/intro/eng/e44/hc2.htm
SCD1446	雪樂山賭博遊戲大全2003	https://chiuinan.github.io/game/game/intro/eng/e44/hc2003.htm
SCD1447	雪樂山賭博遊戲大全2004	https://chiuinan.github.io/game/game/intro/eng/e44/hc2004.htm
SCD1448	雪樂山賭博遊戲大全2006	https://chiuinan.github.io/game/game/intro/eng/e44/hc2006.htm
SCD1449	雪樂山賭博遊戲大全2009	https://chiuinan.github.io/game/game/intro/eng/e44/hc2009.htm
SCD1450	雪樂山賭博遊戲大全2010	https://chiuinan.github.io/game/game/intro/eng/e44/hc2010.htm
SCD1443	雪樂山賭博遊戲大全3	https://chiuinan.github.io/game/game/intro/eng/e44/hc3.htm
SCD1444	雪樂山賭博遊戲大全4	https://chiuinan.github.io/game/game/intro/eng/e44/hc4.htm
SCD1445	雪樂山賭博遊戲大全5	https://chiuinan.github.io/game/game/intro/eng/e44/hc5.htm
SCD1411	雪樂山雙陸棋	https://chiuinan.github.io/game/game/intro/eng/e41/hb2007.htm
SCD2339	雪貓	https://chiuinan.github.io/game/game/intro/ch/c22/csetu.htm
	雲國小精靈	https://chiuinan.github.io/game/game/intro/eng/e52/cloudk.htm
SCD1650	雲斯頓2000	https://chiuinan.github.io/game/game/intro/eng/e52/nc2000.htm
SCD1653	雲斯頓賽車1	https://chiuinan.github.io/game/game/intro/eng/e52/nascar1.htm
SCD1657	雲斯頓賽車1999年版	https://chiuinan.github.io/game/game/intro/eng/e52/nr1999.htm
SCD1654	雲斯頓賽車2	https://chiuinan.github.io/game/game/intro/eng/e52/nascar2.htm
SCD1658	雲斯頓賽車2002	https://chiuinan.github.io/game/game/intro/eng/e52/nr2002.htm
SCD1659	雲斯頓賽車2003	https://chiuinan.github.io/game/game/intro/eng/e52/nr2003.htm
SCD1655	雲斯頓賽車3	https://chiuinan.github.io/game/game/intro/eng/e52/nascar3.htm
SCD1656	雲斯頓賽車4	https://chiuinan.github.io/game/game/intro/eng/e52/nascar4.htm
SCD1637	雲斯頓賽車傳奇	https://chiuinan.github.io/game/game/intro/eng/e52/nclegend.htm
SCD1638	雲斯頓賽車熱力	https://chiuinan.github.io/game/game/intro/eng/e52/ncheat.htm
SCD1636	雲斯頓賽車進化	https://chiuinan.github.io/game/game/intro/eng/e52/ncrevol.htm
SSG025	雷射坦克	https://chiuinan.github.io/game/game/intro/eng/e51/diflt.htm
SCD0862	雷射超人1	https://chiuinan.github.io/game/game/intro/ch/c52/rayman.htm
SCD0863	雷射超人2	https://chiuinan.github.io/game/game/intro/eng/e52/rayman2.htm
SCD0864	雷射超人3	https://chiuinan.github.io/game/game/intro/eng/e52/rayman3.htm
SCD0865	雷射超人大亂鬥	https://chiuinan.github.io/game/game/intro/eng/e52/raymanm.htm
SCD1951	雷射超人英語闖通關	https://chiuinan.github.io/game/game/intro/ch/c44/quiztg.htm
SCD1215	雷峰塔	https://chiuinan.github.io/game/game/intro/ch/c12/tower.htm
SCD2669	雷神之鎚1	https://chiuinan.github.io/game/game/intro/eng/e51/quake.htm
SCD2670	雷神之鎚2	https://chiuinan.github.io/game/game/intro/eng/e51/quake2.htm
SCD2671	雷神之鎚3：競技場	https://chiuinan.github.io/game/game/intro/eng/e51/quake3.htm
SCD2672	雷神之鎚4	https://chiuinan.github.io/game/game/intro/eng/e51/quake4.htm
SCD1958	雷神小組	https://chiuinan.github.io/game/game/intro/ch/c51/layersec.htm
SCD1690	雷電1	https://chiuinan.github.io/game/game/intro/eng/e51/raiden.htm
SCD0062	雷電2	https://chiuinan.github.io/game/game/intro/ch/c51/raiden2.htm
SCD0072	雷電3	https://chiuinan.github.io/game/game/intro/eng/e51/raiden3.htm
	雷電5	https://chiuinan.github.io/game/game/intro/ch/c51/raiden5.htm
Z024	雷電威龍	https://chiuinan.github.io/game/game/intro/eng/e51/raptor.htm
SCD0591	雷電小天使	https://chiuinan.github.io/game/game/intro/eng/e51/baroque.htm
SCD0437	雷霆戰機	https://chiuinan.github.io/game/game/intro/eng/e51/xtom3d.htm
SCD2581	雷霆殺陣	https://chiuinan.github.io/game/game/intro/eng/e52/roadwar.htm
SCD1651	雷霆雲斯頓賽車2003	https://chiuinan.github.io/game/game/intro/eng/e52/nt2003.htm
SCD1652	雷霆雲斯頓賽車2004	https://chiuinan.github.io/game/game/intro/eng/e52/nt2004.htm
Z121	電光人	https://chiuinan.github.io/game/game/intro/eng/e52/electro.htm
SCD0842	電影夢工廠	https://chiuinan.github.io/game/game/intro/ch/c33/themovie.htm
SCD0841	電影大亨	https://chiuinan.github.io/game/game/intro/ch/c33/mmaster.htm
SCD1756	電擊車	https://chiuinan.github.io/game/game/intro/eng/e52/buzzingc.htm
SCD1231	電梯大作戰	https://chiuinan.github.io/game/game/intro/ch/c52/elevator.htm
SCD1148	電腦奇幻屋	https://chiuinan.github.io/game/game/intro/ch/c44/cwg.htm
SWE179	電腦病毒防衛戰	https://chiuinan.github.io/game/game/intro/eng/e44/qix.htm
3WZ001	電腦跳棋專家	https://chiuinan.github.io/game/game/intro/eng/e41/home2.htm
SSG024	電腦魔域	https://chiuinan.github.io/game/game/intro/ch/c11/computer.htm
SCD1976	電視夢工廠／	https://chiuinan.github.io/game/game/intro/ch/c33/tvdw.htm
SCD1551	霸刀	https://chiuinan.github.io/game/game/intro/ch/c31/bado.htm
SCD0810	霸王	https://chiuinan.github.io/game/game/intro/ch/c12/overlord.htm
SCD0811	霸王別姬	https://chiuinan.github.io/game/game/intro/ch/c11/bwbj.htm
SCD1866	霸王賽車	https://chiuinan.github.io/game/game/intro/eng/e52/sracer.htm
SCD0812	霸王迷魂車	https://chiuinan.github.io/game/game/intro/ch/c52/carwar.htm
SCD0493	霹靂大富翁1：霹靂武林大對決	https://chiuinan.github.io/game/game/intro/ch/c43/plrich1.htm
SCD0494	霹靂大富翁2：武林亂鬥	https://chiuinan.github.io/game/game/intro/ch/c43/plrich2.htm
OCD0012	霹靂奇俠傳	https://chiuinan.github.io/game/game/intro/ch/c11/pilistr.htm
SCD2214	霹靂嬌娃	https://chiuinan.github.io/game/game/intro/ch/c22/dies.htm
SCD0623	霹靂小子	https://chiuinan.github.io/game/game/intro/ch/c52/gubble.htm
OCD0014	霹靂幽靈箭	https://chiuinan.github.io/game/game/intro/ch/c11/pili.htm
	霹靂磚塊	https://chiuinan.github.io/game/game/intro/ch/c44/sb.htm
SCD0556	霹靂英雄榜	https://chiuinan.github.io/game/game/intro/ch/c11/plhero.htm
	霹靂連連看	https://chiuinan.github.io/game/game/intro/ch/c42/pilillk.htm
SCD0558	霹靂酷樂貓	https://chiuinan.github.io/game/game/intro/ch/c52/kurocat.htm
SCD0557	霹靂風暴	https://chiuinan.github.io/game/game/intro/ch/c31/g12.htm
	霹靂飛狼	https://chiuinan.github.io/game/game/intro/eng/e33/tc.htm
SWE069	霹靂飛車	https://chiuinan.github.io/game/game/intro/eng/e51/fnf.htm
SCD0014	霹靂麻將	https://chiuinan.github.io/game/game/intro/ch/c42/pilimaj.htm
SCD0055	霹靂麻將2	https://chiuinan.github.io/game/game/intro/ch/c42/pilimaj2.htm
SCD1001	靈劍傳奇	https://chiuinan.github.io/game/game/intro/ch/c11/swordpro.htm
SCD0243	夢幻一夜	https://chiuinan.github.io/game/game/intro/ch/c22/fon.htm
	夢幻俄羅斯方塊	https://chiuinan.github.io/game/game/intro/eng/e44/fintris.htm
	夢幻俄羅斯方塊1	https://chiuinan.github.io/game/game/intro/eng/e44/metris.htm
	夢幻俄羅斯方塊2	https://chiuinan.github.io/game/game/intro/eng/e44/metris2.htm
SCD2559	夢幻俄羅斯方塊3	https://chiuinan.github.io/game/game/intro/eng/e44/metris3.htm
SCD1072	夢幻咖啡屋	https://chiuinan.github.io/game/game/intro/ch/c33/coffee.htm
SCD1116	夢幻咖啡屋：咖啡驛站	https://chiuinan.github.io/game/game/intro/ch/c33/coffee2.htm
SCD0998	夢幻四驅車	https://chiuinan.github.io/game/game/intro/ch/c52/4wd.htm
SCD0475	夢幻大富翁：魔法大亂鬥	https://chiuinan.github.io/game/game/intro/ch/c43/mhrich.htm
	夢幻天使	https://chiuinan.github.io/game/game/intro/ch/c31/fanc.htm
SCD0204	夢幻天使之女神戰記	https://chiuinan.github.io/game/game/intro/ch/c52/athena.htm
SCD0761	夢幻妖精	https://chiuinan.github.io/game/game/intro/ch/c33/pixy.htm
SCD2739	夢幻小坦克	https://chiuinan.github.io/game/game/intro/eng/e51/gromada.htm
SCD1764	夢幻彈珠台3	https://chiuinan.github.io/game/game/intro/eng/e44/dp3d.htm
SWT287	夢幻彈珠檯	https://chiuinan.github.io/game/game/intro/eng/e44/dreams.htm
Z083	夢幻彈珠檯2	https://chiuinan.github.io/game/game/intro/eng/e44/dreams2.htm
SCD1772	夢幻彈珠檯豪華版	https://chiuinan.github.io/game/game/intro/eng/e44/deluxe.htm
SCD2151	夢幻戰士	https://chiuinan.github.io/game/game/intro/eng/e21/cryo.htm
SCD0081	夢幻撲克牌 大老二幻想曲	https://chiuinan.github.io/game/game/intro/ch/c41/oldtwo.htm
SCD2178	夢幻模擬戰1	https://chiuinan.github.io/game/game/intro/ch/c31/lang1.htm
SCD2179	夢幻模擬戰2	https://chiuinan.github.io/game/game/intro/ch/c31/lang2.htm
SCD2180	夢幻模擬戰3	https://chiuinan.github.io/game/game/intro/ch/c31/lang3.htm
SCD2377	夢幻模擬戰千年紀	https://chiuinan.github.io/game/game/intro/ch/c32/langm.htm
SCD1171	夢幻武士：龍刻之章	https://chiuinan.github.io/game/game/intro/ch/c31/xenoage.htm
SCD0176	夢幻水族箱	https://chiuinan.github.io/game/game/intro/ch/c33/vra.htm
SCD1473	夢幻海洋公園	https://chiuinan.github.io/game/game/intro/ch/c33/mpe.htm
SCD0373	夢幻蛋糕屋	https://chiuinan.github.io/game/game/intro/ch/c33/bakery.htm
SCD1237	夢幻西餐廳	https://chiuinan.github.io/game/game/intro/ch/c33/bistro.htm
SCD1239	夢幻西餐廳：三千年食堂	https://chiuinan.github.io/game/game/intro/ch/c33/bis3000.htm
SCD1241	夢幻西餐廳：媚力夜總會	https://chiuinan.github.io/game/game/intro/ch/c33/onlyyou.htm
SCD2000	夢幻西餐廳：決戰全台灣	https://chiuinan.github.io/game/game/intro/ch/c33/bistro3.htm
SCD1238	夢幻西餐廳2：挑戰全世界	https://chiuinan.github.io/game/game/intro/ch/c33/bistro2.htm
SCD1240	夢幻西餐廳2：美國星期五餐廳	https://chiuinan.github.io/game/game/intro/ch/c33/bistro2a.htm
SCD1563	夢幻遙控車	https://chiuinan.github.io/game/game/intro/eng/e52/revolt.htm
SCD1974	夢幻飛機場1	https://chiuinan.github.io/game/game/intro/ch/c33/atc1.htm
SCD1975	夢幻飛機場2：星光航道	https://chiuinan.github.io/game/game/intro/ch/c33/atc2.htm
SCD1232	夢幻高爾夫：極限之旅	https://chiuinan.github.io/game/game/intro/eng/e52/igolfwft.htm
SCD0365	夢幻魔法牌之風月寶鑑	https://chiuinan.github.io/game/game/intro/ch/c41/mhmcard.htm
OCD0076	夢幻麻將館1	https://chiuinan.github.io/game/game/intro/ch/c42/majon.htm
SCD1101	夢幻麻將館2：麻將世家	https://chiuinan.github.io/game/game/intro/ch/c42/majon2.htm
SCD0130	夢幻麻將館3：雀王碟姬	https://chiuinan.github.io/game/game/intro/ch/c42/majon3.htm
SCD0125	夢幻麻將館4：麻雀傳說	https://chiuinan.github.io/game/game/intro/ch/c42/majon4.htm
SCD0098	夢幻麻將館5：雀戰風雲	https://chiuinan.github.io/game/game/intro/ch/c42/majon5.htm
SCD1102	夢幻麻將館6：雀神傳說	https://chiuinan.github.io/game/game/intro/ch/c42/majon6.htm
SCD1080	夢幻麻將館7：濕樂園	https://chiuinan.github.io/game/game/intro/ch/c42/majon7.htm
SCD2781	夢幻麻將館8：媚惑學園	https://chiuinan.github.io/game/game/intro/ch/c42/majon8.htm
OCD0114	夢幻麻將館8：媚惑學園續章	https://chiuinan.github.io/game/game/intro/ch/c42/majon8b.htm
OCD0115	夢幻麻將館9：雀聖爭霸	https://chiuinan.github.io/game/game/intro/ch/c42/majon9.htm
TTNZ004	夢見坂	https://chiuinan.github.io/game/game/intro/ch/c22/yumemi.htm
SGCD2410	夢靨魔域	https://chiuinan.github.io/game/game/intro/eng/e12/mistmare.htm
SCD1575	疾速毀滅者	https://chiuinan.github.io/game/game/intro/eng/e51/dunerun.htm
SCD2405	痞子冠軍秀	https://chiuinan.github.io/game/game/intro/ch/c51/hooligan.htm
SCD0660	痞子英雄	https://chiuinan.github.io/game/game/intro/eng/e21/animal.htm
SWT222	瘋狂主宰	https://chiuinan.github.io/game/game/intro/ch/c32/mlm.htm
SCD0071	瘋狂主題樂園	https://chiuinan.github.io/game/game/intro/ch/c33/tp.htm
SCD1622	瘋狂卡車1	https://chiuinan.github.io/game/game/intro/eng/e52/bmt.htm
SCD1623	瘋狂卡車2	https://chiuinan.github.io/game/game/intro/eng/e52/bmt2.htm
SWE003	瘋狂大家樂	https://chiuinan.github.io/game/game/intro/eng/e44/vegas.htm
	瘋狂大賽車1	https://chiuinan.github.io/game/game/intro/eng/e52/crzcars1.htm
	瘋狂大賽車2	https://chiuinan.github.io/game/game/intro/eng/e52/crzcars2.htm
HTG015	瘋狂大賽車3	https://chiuinan.github.io/game/game/intro/eng/e52/crzcars3.htm
SCD1829	瘋狂大飆車1	https://chiuinan.github.io/game/game/intro/ch/c52/mrace1.htm
SCD1830	瘋狂大飆車2	https://chiuinan.github.io/game/game/intro/eng/e52/mrace2.htm
SCD1831	瘋狂大飆車3	https://chiuinan.github.io/game/game/intro/eng/e52/mrace3.htm
SCD1765	瘋狂彈珠台	https://chiuinan.github.io/game/game/intro/eng/e44/slamtilt.htm
SCD1631	瘋狂怪獸大卡車	https://chiuinan.github.io/game/game/intro/eng/e52/mtf.htm
SCD1592	瘋狂卡丁車	https://chiuinan.github.io/game/game/intro/eng/e52/kart.htm
SCD1187	瘋狂恐龍樂園	https://chiuinan.github.io/game/game/intro/ch/c33/di.htm
SCD2512	瘋狂搖搖杯	https://chiuinan.github.io/game/game/intro/ch/c33/shake.htm
SCD1526	瘋狂摩托車1	https://chiuinan.github.io/game/game/intro/eng/e52/mcm1.htm
SCD1527	瘋狂摩托車2	https://chiuinan.github.io/game/game/intro/eng/e52/mcm2.htm
SCD0051	瘋狂政治麻將	https://chiuinan.github.io/game/game/intro/ch/c42/wmj.htm
OCD0104	瘋狂明星麻將	https://chiuinan.github.io/game/game/intro/ch/c42/cstarmj.htm
SCD0489	瘋狂極上大富翁	https://chiuinan.github.io/game/game/intro/ch/c43/czrich.htm
SCD2498	瘋狂水電工	https://chiuinan.github.io/game/game/intro/eng/e44/pipemani.htm
SCD1576	瘋狂空間王	https://chiuinan.github.io/game/game/intro/ch/c33/cd.htm
SCD1572	瘋狂計程車1	https://chiuinan.github.io/game/game/intro/eng/e52/ct1.htm
SCD1573	瘋狂計程車3	https://chiuinan.github.io/game/game/intro/eng/e52/ct3.htm
SCD0645	瘋狂象棋	https://chiuinan.github.io/game/game/intro/eng/e41/cyberch.htm
SCD2789	瘋狂速克達	https://chiuinan.github.io/game/game/intro/ch/c52/scooter.htm
JXD019	瘋狂醫院	https://chiuinan.github.io/game/game/intro/ch/c33/dr.htm
JXZ006	瘋狂醫院2超級醫生	https://chiuinan.github.io/game/game/intro/ch/c33/dr2.htm
HTG007	瘋狂雙響炮	https://chiuinan.github.io/game/game/intro/ch/c52/crazy.htm
SCD1796	瘋狂青蛙賽車1	https://chiuinan.github.io/game/game/intro/eng/e52/cfr1.htm
SCD1797	瘋狂青蛙賽車2	https://chiuinan.github.io/game/game/intro/eng/e52/cfr2.htm
SCD0105	瘋狂麻將王	https://chiuinan.github.io/game/game/intro/ch/c42/inetmj2.htm
OCD0102	瘋狂麻將：世界大爆走	https://chiuinan.github.io/game/game/intro/ch/c42/cmj.htm
SCD2385	瘋狗1	https://chiuinan.github.io/game/game/intro/eng/e51/maddog.htm
SCD2386	瘋狗2：失落的黃金	https://chiuinan.github.io/game/game/intro/eng/e51/maddog2.htm
SCD1667	發明工坊1：重現藍海之都的光芒	https://chiuinan.github.io/game/game/intro/ch/c33/aut.htm
SCD1668	發明工坊2：重建天空之城的榮光	https://chiuinan.github.io/game/game/intro/ch/c33/asn.htm
SCD2407	發明工坊2外傳：臉紅心跳大冒險	https://chiuinan.github.io/game/game/intro/ch/c22/nda.htm
SCD1669	發明工坊3：蒼之巨神	https://chiuinan.github.io/game/game/intro/ch/c21/amaneka.htm
SCD2293	發音通：	https://chiuinan.github.io/game/game/intro/ch/c44/kksound.htm
	米蘭斯紀事：聖域傳奇	https://chiuinan.github.io/game/game/intro/ch/c11/mil.htm
SCD1955	精靈傳說	https://chiuinan.github.io/game/game/intro/ch/c32/bmages.htm
SCD2561	精靈大師：巧手勞作屋	https://chiuinan.github.io/game/game/intro/ch/c44/toolkid.htm
SCD2224	精靈幻境1	https://chiuinan.github.io/game/game/intro/ch/c31/spsoul.htm
SCD2225	精靈幻境2	https://chiuinan.github.io/game/game/intro/ch/c31/ss2r.htm
	精靈幻界	https://chiuinan.github.io/game/game/intro/ch/c31/toco.txt
	精靈物語	https://chiuinan.github.io/game/game/intro/ch/c31/glws.txt
3WZ005	精靈終結者	https://chiuinan.github.io/game/game/intro/eng/e52/pcman.htm
SWE041	虎膽妙算	https://chiuinan.github.io/game/game/intro/eng/e52/im2.htm
SCD1306	虎門奇俠	https://chiuinan.github.io/game/game/intro/ch/c12/hmfy.htm
SCD0273	虛擬人生1	https://chiuinan.github.io/game/game/intro/ch/c43/vlife1.htm
SCD0274	虛擬人生2	https://chiuinan.github.io/game/game/intro/ch/c43/vlife2.htm
OCD0120	虛擬人生3成長戀曲	https://chiuinan.github.io/game/game/intro/ch/c43/vlife3.htm
SCD0296	虛擬人生4快樂星貓	https://chiuinan.github.io/game/game/intro/ch/c43/vlife4.htm
SCD0275	虛擬人生外傳：修羅戰記	https://chiuinan.github.io/game/game/intro/ch/c31/vl2tow.htm
SCD1593	虛擬卡丁車	https://chiuinan.github.io/game/game/intro/eng/e52/mps.htm
SCD2193	虛擬拼圖	https://chiuinan.github.io/game/game/intro/eng/e44/vpuzzle.htm
SCD2194	虹彩六號1	https://chiuinan.github.io/game/game/intro/eng/e51/rb61.htm
SCD2195	虹彩六號2	https://chiuinan.github.io/game/game/intro/ch/c51/rb62.htm
SCD2196	虹彩六號3	https://chiuinan.github.io/game/game/intro/ch/c51/rb63.htm
SCD2197	虹彩六號4	https://chiuinan.github.io/game/game/intro/eng/e51/rb64.htm
SCD2198	虹彩六號5	https://chiuinan.github.io/game/game/intro/eng/e51/rb65.htm
SCD2199	虹彩六號6	https://chiuinan.github.io/game/game/intro/eng/e51/rb66.htm
SCD0791	蛇王之寶珠傳說	https://chiuinan.github.io/game/game/intro/ch/c44/snake.htm
SCD1590	蛋蛋大車拼	https://chiuinan.github.io/game/game/intro/ch/c52/dodgem.htm
SCD2299	蛋頭小子古堡尋奇	https://chiuinan.github.io/game/game/intro/ch/c21/humpty.htm
SCD0993	蜀山外傳：紫青劫	https://chiuinan.github.io/game/game/intro/ch/c12/susanexp.htm
SCD0133	蜘蛛女郎撲克	https://chiuinan.github.io/game/game/intro/ch/c41/zhupoker.htm
SCD0746	蜘蛛超人	https://chiuinan.github.io/game/game/intro/ch/c52/crazyc.htm
SSG052,SCD0020	蜥蜴超人	https://chiuinan.github.io/game/game/intro/ch/c51/l-man.htm
SCD2600	蟲王：傾巢而出	https://chiuinan.github.io/game/game/intro/ch/c51/ki.htm
SCD2496	蠟筆小新	https://chiuinan.github.io/game/game/intro/ch/c52/shin.htm
SCD2081	蠟筆小新：	https://chiuinan.github.io/game/game/intro/ch/c44/shin2.htm
SCD2082	蠟筆小新2	https://chiuinan.github.io/game/game/intro/ch/c52/jjangu.htm
SCD2083	蠟筆小新總動員	https://chiuinan.github.io/game/game/intro/ch/c44/shingame.htm
SCD1778	蠻牛闖天關	https://chiuinan.github.io/game/game/intro/eng/e21/grouch.htm
SCD2564	辛普森大逃亡	https://chiuinan.github.io/game/game/intro/eng/e21/hitrun.htm
SCD1107	辛辣娛樂城	https://chiuinan.github.io/game/game/intro/ch/c44/sina69.htm
SCD1067	辣妹五子棋	https://chiuinan.github.io/game/game/intro/ch/c41/lm5ch.htm
SCD2237	辣妹大進擊	https://chiuinan.github.io/game/game/intro/eng/e51/meatpp.htm
SCD1624	辣妹賽車1	https://chiuinan.github.io/game/game/intro/eng/e52/chix.htm
SCD1625	辣妹賽車2	https://chiuinan.github.io/game/game/intro/eng/e52/chix2.htm
SCD1358	農夫也瘋狂	https://chiuinan.github.io/game/game/intro/eng/e51/hatfield.htm
SCD2804	金剛	https://chiuinan.github.io/game/game/intro/ch/c21/kk.htm
	金剛戰神	https://chiuinan.github.io/game/game/intro/ch/c52/vmen.htm
SCD2810	金帳汗國	https://chiuinan.github.io/game/game/intro/eng/e32/tghe.htm
SWZ020	金庸快打	https://chiuinan.github.io/game/game/intro/ch/c51/jykd.htm
	金庸水滸傳	https://chiuinan.github.io/game/game/intro/ch/c31/kys_pig3.htm
	金庸無雙2	https://chiuinan.github.io/game/game/intro/ch/c12/jyws2.htm
SCD2233	金庸群俠傳	https://chiuinan.github.io/game/game/intro/ch/c31/legend.htm
	金庸群俠傳：	https://chiuinan.github.io/game/game/intro/ch/c31/lgd_ptt.htm
	金庸群俠傳：天書劫	https://chiuinan.github.io/game/game/intro/ch/c31/tsj.htm
	金庸群俠傳：蒼龍逐日	https://chiuinan.github.io/game/game/intro/ch/c31/clzr.htm
	金庸群俠傳3	https://chiuinan.github.io/game/game/intro/ch/c33/jyqxz3.htm
	金庸群俠傳5	https://chiuinan.github.io/game/game/intro/ch/c12/jyqxz5.htm
	金庸群俠傳	https://chiuinan.github.io/game/game/intro/ch/c31/jys.htm
	金庸群俠傳	https://chiuinan.github.io/game/game/intro/ch/c31/jysa.htm
	金庸群俠傳	https://chiuinan.github.io/game/game/intro/ch/c31/jyx.htm
	金庸群俠傳	https://chiuinan.github.io/game/game/intro/ch/c31/jyx_sw.htm
	金庸群俠傳外傳：天書奇俠	https://chiuinan.github.io/game/game/intro/ch/c31/lg_dome.htm
	金庸群俠前傳	https://chiuinan.github.io/game/game/intro/ch/c31/jyqxqz.htm
	金撲克	https://chiuinan.github.io/game/game/intro/eng/e41/gpoker.htm
	金書紅顏錄	https://chiuinan.github.io/game/game/intro/ch/c31/jshyl.htm
	金書群俠傳	https://chiuinan.github.io/game/game/intro/ch/c31/jsqxz.htm
	金書群芳譜	https://chiuinan.github.io/game/game/intro/ch/c31/jsqfp.htm
	金洛群俠傳	https://chiuinan.github.io/game/game/intro/ch/c31/jlqxz.htm
SCD2805	金牛犢	https://chiuinan.github.io/game/game/intro/ch/c21/gcalf.htm
OCD0025	金瓶梅之偷情寶鑑	https://chiuinan.github.io/game/game/intro/ch/c33/gpm.htm
SCD2476	釣鱸高手	https://chiuinan.github.io/game/game/intro/ch/c52/bass.htm
SCD2477	釣鱸高手1	https://chiuinan.github.io/game/game/intro/eng/e52/tbass1.htm
SCD2478	釣鱸高手2	https://chiuinan.github.io/game/game/intro/eng/e52/tbass2.htm
SCD2479	釣鱸高手3	https://chiuinan.github.io/game/game/intro/eng/e52/tbass3d.htm
SCD1691	鈦戰機2	https://chiuinan.github.io/game/game/intro/eng/e51/tyrian.htm
SCD0937	銀河前哨	https://chiuinan.github.io/game/game/intro/eng/e32/ds9dw.htm
SCD0935	銀河前哨	https://chiuinan.github.io/game/game/intro/eng/e21/ds9harb.htm
SCD0936	銀河前哨：深空九號：墮落者	https://chiuinan.github.io/game/game/intro/eng/e52/ds9tf.htm
SCD0217	銀河天使：月夜情人	https://chiuinan.github.io/game/game/intro/ch/c32/gaml.htm
SCD0218	銀河天使：永恆的情人	https://chiuinan.github.io/game/game/intro/ch/c32/gael.htm
SCD2784	銀河守護團	https://chiuinan.github.io/game/game/intro/ch/c33/mlancer.htm
SWT103	銀河帝國傳	https://chiuinan.github.io/game/game/intro/ch/c32/glh.htm
SCD2537	銀河帝國傳說	https://chiuinan.github.io/game/game/intro/ch/c32/crystalf.htm
SCD0203	銀河征戰錄	https://chiuinan.github.io/game/game/intro/eng/e51/starsieg.htm
SCD0228	銀河戰國列傳	https://chiuinan.github.io/game/game/intro/ch/c32/sch.htm
SCD0319	銀河生死鬥：復仇祭	https://chiuinan.github.io/game/game/intro/ch/c51/tribesv.htm
SCD0318	銀河生死鬥2	https://chiuinan.github.io/game/game/intro/eng/e51/tribes2.htm
JXD006	銀河艦隊	https://chiuinan.github.io/game/game/intro/ch/c32/gfleet.htm
SWT027	銀河英雄	https://chiuinan.github.io/game/game/intro/eng/e21/spacer.htm
SCD2616,SCD2635	銀河英雄	https://chiuinan.github.io/game/game/intro/ch/c32/bounty.htm
	銀河英雄傳說3	https://chiuinan.github.io/game/game/intro/ch/c32/gin3.htm
SCD1324	銀河英雄傳說4	https://chiuinan.github.io/game/game/intro/ch/c32/gin4ex.htm
SCD1325	銀河英雄傳說4	https://chiuinan.github.io/game/game/intro/ch/c32/g4xwin.htm
SCD1326	銀河英雄傳說5	https://chiuinan.github.io/game/game/intro/ch/c32/gin5.htm
SCD1327	銀河英雄傳說6	https://chiuinan.github.io/game/game/intro/ch/c32/gin6.htm
SWT254,SWT301 SCD2433	銀河飛將：私掠者	https://chiuinan.github.io/game/game/intro/eng/e51/privater.htm
SCD2434	銀河飛將：私掠者2	https://chiuinan.github.io/game/game/intro/eng/e51/darken.htm
SWT071,SWE238 SWE248,SCD2427	銀河飛將1	https://chiuinan.github.io/game/game/intro/eng/e51/wc1.htm
SWT124,SWE269 SWE272,SCD2428	銀河飛將2：帝國逆襲	https://chiuinan.github.io/game/game/intro/eng/e51/wc2.htm
SCD2429	銀河飛將3：虎之心	https://chiuinan.github.io/game/game/intro/eng/e51/wc3.htm
SCD2430	銀河飛將4：自由的代價	https://chiuinan.github.io/game/game/intro/eng/e51/wc4.htm
SCD2431	銀河飛將5：神諭	https://chiuinan.github.io/game/game/intro/ch/c51/wc5.htm
SWT311,SCD2435	銀河飛將無敵艦隊	https://chiuinan.github.io/game/game/intro/eng/e51/wcarmada.htm
SWT257,SCD2432	銀河飛將軍官學校	https://chiuinan.github.io/game/game/intro/eng/e51/wca.htm
SCD0932	銀河飛龍	https://chiuinan.github.io/game/game/intro/eng/e51/khg.htm
SCD0931	銀河飛龍	https://chiuinan.github.io/game/game/intro/eng/e21/sttng.htm
SCD0933	銀河飛龍	https://chiuinan.github.io/game/game/intro/eng/e32/botf.htm
SCD0244	銀河騎士團	https://chiuinan.github.io/game/game/intro/ch/c33/force.htm
SCD2219	銀翼殺手	https://chiuinan.github.io/game/game/intro/ch/c21/bladerun.htm
SCD1550	銀翼風暴	https://chiuinan.github.io/game/game/intro/eng/e51/jng.htm
SWT056	銀色匕首之謎	https://chiuinan.github.io/game/game/intro/eng/e11/secret.htm
SCD0563	銀色幻想	https://chiuinan.github.io/game/game/intro/ch/c12/silverhx.htm
Z053	銀色彈珠檯	https://chiuinan.github.io/game/game/intro/eng/e44/silver.htm
SCD2149	凡爾賽之宮廷疑雲	https://chiuinan.github.io/game/game/intro/ch/c21/versaill.htm
SWT057	凱撒大帝	https://chiuinan.github.io/game/game/intro/eng/e32/centurio.htm
SCD1644	凱撒大帝1	https://chiuinan.github.io/game/game/intro/eng/e33/caesar.htm
SCD1645	凱撒大帝2	https://chiuinan.github.io/game/game/intro/ch/c33/caesar2.htm
SCD1646	凱撒大帝3	https://chiuinan.github.io/game/game/intro/ch/c33/caesar3.htm
SCD1647	凱撒大帝4	https://chiuinan.github.io/game/game/intro/ch/c33/caesar4.htm
3WG042	凱蘭迪亞傳奇1	https://chiuinan.github.io/game/game/intro/ch/c21/kland.htm
3WG402	凱蘭迪亞傳奇2：命運之手	https://chiuinan.github.io/game/game/intro/ch/c21/kland2.htm
SCD0872	凱蘭迪亞傳奇3：瑪爾寇的復仇	https://chiuinan.github.io/game/game/intro/ch/c21/kland3.htm
SCD2462	凶兆	https://chiuinan.github.io/game/game/intro/ch/c21/ripper.htm
SCD2169	刀劍封魔錄	https://chiuinan.github.io/game/game/intro/ch/c12/daojian1.htm
SCD2170	刀劍封魔錄外傳：上古傳說	https://chiuinan.github.io/game/game/intro/ch/c12/daojian2.htm
SCD0585	刀劍笑	https://chiuinan.github.io/game/game/intro/ch/c12/ksl.htm
SCD0423	初戀	https://chiuinan.github.io/game/game/intro/ch/c33/fl.htm
SCD0424	初戀之白色情人節	https://chiuinan.github.io/game/game/intro/ch/c33/flsp.htm
SCD1973	初段手談	https://chiuinan.github.io/game/game/intro/ch/c41/ht3.htm
SCD2058	利斯之城	https://chiuinan.github.io/game/game/intro/eng/e21/liath.htm
SCD2603	制霸三國1	https://chiuinan.github.io/game/game/intro/ch/c32/sangotc.htm
SCD2604	制霸三國2	https://chiuinan.github.io/game/game/intro/ch/c32/sangotc2.htm
SCD1461	刺客任務1：殺手47	https://chiuinan.github.io/game/game/intro/eng/e51/hitman1.htm
SCD1462	刺客任務2：無聲殺手	https://chiuinan.github.io/game/game/intro/ch/c51/hitman2.htm
SCD1463	刺客任務3：密約浮影	https://chiuinan.github.io/game/game/intro/eng/e51/hitman3.htm
SCD1464	刺客任務4：血錢交易	https://chiuinan.github.io/game/game/intro/eng/e51/hitman4.htm
SCD1603	刺客教條1	https://chiuinan.github.io/game/game/intro/ch/c21/ac1.htm
SCD1604	刺客教條2	https://chiuinan.github.io/game/game/intro/ch/c21/ac2.htm
SCD1605	刺客教條2	https://chiuinan.github.io/game/game/intro/ch/c21/acb.htm
SCD1606	刺客教條2	https://chiuinan.github.io/game/game/intro/ch/c21/acr.htm
SCD1607	刺客教條編年史1	https://chiuinan.github.io/game/game/intro/ch/c21/accc.htm
SCD1608	刺客教條編年史2	https://chiuinan.github.io/game/game/intro/ch/c21/acci.htm
SCD1609	刺客教條編年史3	https://chiuinan.github.io/game/game/intro/ch/c21/accr.htm
SCD2348	前進柏林1	https://chiuinan.github.io/game/game/intro/ch/c51/bs1.htm
SCD2349	前進柏林2：圍城之戰	https://chiuinan.github.io/game/game/intro/ch/c51/bs2.htm
SCD2350	前進柏林3	https://chiuinan.github.io/game/game/intro/eng/e51/bs3.htm
SCD2351	前進柏林4：史達林格勒的陰影	https://chiuinan.github.io/game/game/intro/eng/e51/bs4.htm
SCD2390	創世機神	https://chiuinan.github.io/game/game/intro/ch/c31/cybergu.htm
SCD0908	創世神話	https://chiuinan.github.io/game/game/intro/ch/c11/jusen.htm
SWT165,OCD053	創世紀1：黑暗時代	https://chiuinan.github.io/game/game/intro/eng/e11/ultima1.htm
SWT165,OCD053	創世紀2：女巫的復仇	https://chiuinan.github.io/game/game/intro/eng/e12/ultima2.htm
SWT165,OCD053	創世紀3：出埃及記	https://chiuinan.github.io/game/game/intro/eng/e12/ultima3.htm
JXZ010,OCD053	創世紀4：天人合一	https://chiuinan.github.io/game/game/intro/eng/e12/ultima4.htm
SWE057,OCD053	創世紀5：命運鬥士	https://chiuinan.github.io/game/game/intro/eng/e11/ultima5.htm
SWT044,OCD053	創世紀6：虛偽先知	https://chiuinan.github.io/game/game/intro/eng/e11/ultima6.htm
SWT160,SWE274 OCD053	創世紀7：黑月之門	https://chiuinan.github.io/game/game/intro/eng/e12/ultima7.htm
SWT216,SWT263 OCD053	創世紀7第二部：巨蛇之島	https://chiuinan.github.io/game/game/intro/eng/e12/serpent.htm
SWT276,OCD053	創世紀8：異教徒	https://chiuinan.github.io/game/game/intro/eng/e12/ultima8.htm
SCD2092	創世紀9：羽化昇天	https://chiuinan.github.io/game/game/intro/eng/e12/ultima9.htm
SCD1398	創世紀企業王國	https://chiuinan.github.io/game/game/intro/ch/c33/etprise.htm
OCD053	創世紀前傳：阿卡拉貝	https://chiuinan.github.io/game/game/intro/eng/e11/akalabet.htm
SWT081	創世紀外傳1：洪荒帝國	https://chiuinan.github.io/game/game/intro/eng/e11/savage.htm
SWT105	創世紀外傳2：火星之旅	https://chiuinan.github.io/game/game/intro/eng/e11/martian.htm
SCD0170	創世紀戰3第一部	https://chiuinan.github.io/game/game/intro/ch/c31/g3_1.htm
SCD0171	創世紀戰3第二部	https://chiuinan.github.io/game/game/intro/ch/c31/g3_2.htm
	創世聖戰	https://chiuinan.github.io/game/game/intro/ch/c31/rag.htm
Z124	創世魔法師：異教巫師	https://chiuinan.github.io/game/game/intro/eng/e12/hexx.htm
SCD0114	創意跳棋	https://chiuinan.github.io/game/game/intro/ch/c41/cytiaoqi.htm
SCD0404	創業王	https://chiuinan.github.io/game/game/intro/ch/c33/ceo.htm
SCD2566	創龍傳	https://chiuinan.github.io/game/game/intro/ch/c31/harmonia.htm
	劉伯溫傳奇	https://chiuinan.github.io/game/game/intro/ch/c11/cmdj2.txt
	劉小光個人專輯第一集	https://chiuinan.github.io/game/game/intro/ch/c41/lxgzk.htm
SCD0972	劍俠情緣	https://chiuinan.github.io/game/game/intro/ch/c11/jxqy.htm
SCD0973	劍俠情緣2	https://chiuinan.github.io/game/game/intro/ch/c12/sword2.htm
OCD0028	劍俠情緣外傳：月影傳說	https://chiuinan.github.io/game/game/intro/ch/c12/sworda.htm
TTNZ003	劍芒羅曼史	https://chiuinan.github.io/game/game/intro/ch/c11/yohgas.htm
SCD0363	劍靈	https://chiuinan.github.io/game/game/intro/ch/c12/swordsp.htm
SCD0364	劍靈2：幻域封魔	https://chiuinan.github.io/game/game/intro/ch/c12/swordsp2.htm
SCD2235	加勒比海：海盜傳奇	https://chiuinan.github.io/game/game/intro/ch/c12/swashb.htm
SCD2770	加勒比海盜	https://chiuinan.github.io/game/game/intro/ch/c21/potc.htm
SCD2771	加勒比海盜	https://chiuinan.github.io/game/game/intro/eng/e21/potclojs.htm
SCD2634	加菲貓：拯救阿琳	https://chiuinan.github.io/game/game/intro/eng/e21/gsa.htm
SCD0854	加菲貓：陷入困境	https://chiuinan.github.io/game/game/intro/eng/e52/garfield.htm
SCD2632	加菲貓1	https://chiuinan.github.io/game/game/intro/eng/e21/gf1.htm
SCD2633	加菲貓2：雙貓記	https://chiuinan.github.io/game/game/intro/eng/e52/gf2.htm
SCD2629	加菲貓	https://chiuinan.github.io/game/game/intro/ch/c44/catiq.htm
SCD2631	加菲貓的打字夥伴	https://chiuinan.github.io/game/game/intro/eng/e44/gtp.htm
SCD2630	加菲貓的瘋狂愛貓	https://chiuinan.github.io/game/game/intro/eng/e44/madcats.htm
SCD1848	勁爆水上滑板	https://chiuinan.github.io/game/game/intro/eng/e52/wbu.htm
SCD2668	勁爆熱舞	https://chiuinan.github.io/game/game/intro/eng/e52/ddr.htm
	勁爆美國棒球	https://chiuinan.github.io/game/game/intro/eng/e33/basemogu.htm
	勁爆美國棒球99	https://chiuinan.github.io/game/game/intro/eng/e33/mogul99.htm
	勁爆美國棒球2002	https://chiuinan.github.io/game/game/intro/eng/e33/bb2k2.htm
	勁爆美國棒球2003	https://chiuinan.github.io/game/game/intro/eng/e33/bb2k3.htm
	勁爆美國棒球2004	https://chiuinan.github.io/game/game/intro/eng/e33/bb2k4.htm
	勁爆美國棒球2006	https://chiuinan.github.io/game/game/intro/eng/e33/bb2k6.htm
SCD2256	勁爆美國棒球2007	https://chiuinan.github.io/game/game/intro/eng/e33/bb2k7.htm
SCD2255	勁爆美國棒球2009	https://chiuinan.github.io/game/game/intro/eng/e33/bb2k9.htm
SCD0665	勁爆美國職籃95	https://chiuinan.github.io/game/game/intro/eng/e52/nba95.htm
SCD0666	勁爆美國職籃96	https://chiuinan.github.io/game/game/intro/eng/e52/nba96.htm
SCD0667	勁爆美國職籃97	https://chiuinan.github.io/game/game/intro/eng/e52/nba97.htm
SCD0668	勁爆美國職籃98	https://chiuinan.github.io/game/game/intro/eng/e52/nba98.htm
SCD0669	勁爆美國職籃99	https://chiuinan.github.io/game/game/intro/eng/e52/nba99.htm
SCD0670	勁爆美國職籃2000	https://chiuinan.github.io/game/game/intro/eng/e52/nba2000.htm
SCD0671	勁爆美國職籃2001	https://chiuinan.github.io/game/game/intro/eng/e52/nba2001.htm
SCD0672	勁爆美國職籃2003	https://chiuinan.github.io/game/game/intro/eng/e52/nba2003.htm
SCD0673	勁爆美國職籃2004	https://chiuinan.github.io/game/game/intro/eng/e52/nba2004.htm
SCD0674	勁爆美國職籃2005	https://chiuinan.github.io/game/game/intro/ch/c52/nba2005.htm
SCD0675	勁爆美國職籃2006	https://chiuinan.github.io/game/game/intro/ch/c52/nba2006.htm
SCD1099	勁爆美國職籃2007	https://chiuinan.github.io/game/game/intro/ch/c52/nba2007.htm
SCD0853	勁爆美國職籃2008	https://chiuinan.github.io/game/game/intro/ch/c52/nba2008.htm
3WG049	彈子檯	https://chiuinan.github.io/game/game/intro/eng/e44/tristan.htm
SCD0298	手機少女	https://chiuinan.github.io/game/game/intro/ch/c22/ktg.htm
SCD0090	手談	https://chiuinan.github.io/game/game/intro/ch/c41/ht.htm
SCD1972	手談2	https://chiuinan.github.io/game/game/intro/ch/c41/ht2.htm
SCD2103	打字狀元專業版	https://chiuinan.github.io/game/game/intro/ch/c44/st5.htm
SCD1081	抗日：地雷戰	https://chiuinan.github.io/game/game/intro/ch/c31/dlz.htm
SCD2707	抗日：血戰上海灘	https://chiuinan.github.io/game/game/intro/ch/c51/xzsht.htm
SCD2709	抗日：血戰緬甸	https://chiuinan.github.io/game/game/intro/ch/c51/xzmd.htm
SCD2759	拂曉出擊：珍珠港	https://chiuinan.github.io/game/game/intro/ch/c51/phsad.htm
SSG012	拂曉攻擊	https://chiuinan.github.io/game/game/intro/ch/c51/dawnraid.htm
SCD1699	拉里拉格蘭4	https://chiuinan.github.io/game/game/intro/eng/e52/larry4x4.htm
	拖拉機大賽	https://chiuinan.github.io/game/game/intro/ch/c41/tractor.htm
SSG021	拱豬	https://chiuinan.github.io/game/game/intro/ch/c41/pig.htm
	拱豬	https://chiuinan.github.io/game/game/intro/eng/e41/pokerlp.htm
	拱豬大賽	https://chiuinan.github.io/game/game/intro/ch/c41/pigh.htm
SCD1634	拿斯卡公路冠軍賽	https://chiuinan.github.io/game/game/intro/eng/e52/ncrr.htm
SCD1635	拿斯卡賽手	https://chiuinan.github.io/game/game/intro/eng/e52/ncracers.htm
	拿破崙	https://chiuinan.github.io/game/game/intro/ch/c32/napoleon.htm
SCD2363	指揮官 1914	https://chiuinan.github.io/game/game/intro/ch/c32/1914.htm
SWT113	挑戰極速	https://chiuinan.github.io/game/game/intro/eng/e52/andretti.htm
SCD2459	捍衛長空	https://chiuinan.github.io/game/game/intro/eng/e51/tachyon.htm
SWE028	捍衛雄鷹	https://chiuinan.github.io/game/game/intro/eng/e51/falcon.htm
Z112,SCD2438	捍衛雄鷹2	https://chiuinan.github.io/game/game/intro/eng/e51/falcon2.htm
SWT159,3WG030	捍衛雄鷹3.0	https://chiuinan.github.io/game/game/intro/eng/e51/falcon3.htm
SCD2439	捍衛雄鷹4.0	https://chiuinan.github.io/game/game/intro/eng/e51/falcon4.htm
SCD2440	捍衛雄鷹4.0：盟軍	https://chiuinan.github.io/game/game/intro/eng/e51/falconaf.htm
	排牌樂	https://chiuinan.github.io/game/game/intro/ch/c41/cpoker.htm
	接龍	https://chiuinan.github.io/game/game/intro/ch/c41/sol.htm
SCD1908	搞怪賽車	https://chiuinan.github.io/game/game/intro/eng/e52/wackyrc.htm
SCD2183	搶救麥卡星	https://chiuinan.github.io/game/game/intro/ch/c21/mykropol.htm
SCD1539	摩托艇超級錦標賽	https://chiuinan.github.io/game/game/intro/eng/e52/jetboats.htm
	摩托車越野賽	https://chiuinan.github.io/game/game/intro/eng/e52/across.htm
SCD1529	摩托雷神1	https://chiuinan.github.io/game/game/intro/eng/e52/motora1.htm
SCD1530	摩托雷神2	https://chiuinan.github.io/game/game/intro/eng/e52/motora2.htm
SCD1531	摩托雷神3	https://chiuinan.github.io/game/game/intro/eng/e52/motora3.htm
SWE098	撞球大賽	https://chiuinan.github.io/game/game/intro/eng/e52/rackem.htm
SSG037	撲克俱樂部	https://chiuinan.github.io/game/game/intro/ch/c41/fp.htm
SCD2779	撲克大決戰	https://chiuinan.github.io/game/game/intro/ch/c41/pkking.htm
SWE218	撲克萬花筒	https://chiuinan.github.io/game/game/intro/eng/e41/hoyle2.htm
	擂臺美少女	https://chiuinan.github.io/game/game/intro/ch/c33/wa3.txt
SCD2727	未來零點	https://chiuinan.github.io/game/game/intro/ch/c31/future.htm
OCD0085	末日之戰	https://chiuinan.github.io/game/game/intro/ch/c51/crysis.htm
SCD1648	末日危城1	https://chiuinan.github.io/game/game/intro/ch/c12/dsiege1.htm
SCD1649	末日危城2	https://chiuinan.github.io/game/game/intro/ch/c12/dsiege2.htm
SCD1254	末日大戰	https://chiuinan.github.io/game/game/intro/eng/e51/bedlam.htm
Z115	末日寶典	https://chiuinan.github.io/game/game/intro/ch/c11/ebook.htm
SCD2015	末日決戰	https://chiuinan.github.io/game/game/intro/ch/c31/lostch.htm
SCD2705	末日黎明	https://chiuinan.github.io/game/game/intro/ch/c31/eot.htm
SCD1533	本田嘉實多車隊	https://chiuinan.github.io/game/game/intro/eng/e52/chswc.htm
SCD1534	本田嘉實多車隊2000	https://chiuinan.github.io/game/game/intro/eng/e52/chs2000.htm
SCD2721	本田錦標賽1／	https://chiuinan.github.io/game/game/intro/eng/e52/tourcar.htm
SCD2722	本田錦標賽2／	https://chiuinan.github.io/game/game/intro/eng/e52/toca2.htm
SCD2726	李世民傳奇：乾坤鏡	https://chiuinan.github.io/game/game/intro/ch/c11/mirror.htm
SCD1339	杏林也瘋狂	https://chiuinan.github.io/game/game/intro/ch/c33/hospital.htm
SCD1021	東戰線風雲	https://chiuinan.github.io/game/game/intro/ch/c32/mowrt.htm
SCD2751	東方傳記	https://chiuinan.github.io/game/game/intro/ch/c52/eastern.htm
	東方妖妖夢	https://chiuinan.github.io/game/game/intro/ch/c51/dfyym.htm
	東方妖妖夢	https://chiuinan.github.io/game/game/intro/ch/c22/undprin.htm
SCD2679	東方幻想戰記	https://chiuinan.github.io/game/game/intro/ch/c32/east.htm
SCD2298	林海雪原	https://chiuinan.github.io/game/game/intro/ch/c12/lhxy.htm
SCD2681	林間學校	https://chiuinan.github.io/game/game/intro/ch/c22/lixx.htm
SCD0236	柏德之門1	https://chiuinan.github.io/game/game/intro/ch/c12/bg1.htm
OCD0041	柏德之門2	https://chiuinan.github.io/game/game/intro/ch/c12/bg2.htm
	柏德之門：黑暗聯盟	https://chiuinan.github.io/game/game/intro/eng/e12/bgda.htm
SCD0310	校園戀愛大戰	https://chiuinan.github.io/game/game/intro/ch/c33/gatiya.htm
SCD0690	校園水滸傳：少年英雄／	https://chiuinan.github.io/game/game/intro/ch/c11/qqwater.htm
SCD1744	格蘭匹治大賽卡雷拉站	https://chiuinan.github.io/game/game/intro/eng/e52/carrera.htm
SCD1288	格鬥天王99	https://chiuinan.github.io/game/game/intro/eng/e51/kof99.htm
SCD0501	格鬥悍將	https://chiuinan.github.io/game/game/intro/ch/c51/toughguy.htm
SSG044	格鬥拳王	https://chiuinan.github.io/game/game/intro/ch/c52/act.htm
Z060	格鬥風雲	https://chiuinan.github.io/game/game/intro/ch/c51/fighter.htm
SCD0360	桃色幻想曲	https://chiuinan.github.io/game/game/intro/ch/c44/dg69.htm
SCD2209	梭哈俄羅斯	https://chiuinan.github.io/game/game/intro/eng/e44/fcd.htm
SCD2203	棋侶：圍棋爭霸	https://chiuinan.github.io/game/game/intro/ch/c41/bs.htm
	棋天大聖	https://chiuinan.github.io/game/game/intro/ch/c41/neuchess.htm
	棋弈無限：圍棋	https://chiuinan.github.io/game/game/intro/ch/c41/justgo.htm
SCD0447	棋牌大師之圍棋	https://chiuinan.github.io/game/game/intro/ch/c41/gos.htm
SCD0332	棋靈王之明星圍棋	https://chiuinan.github.io/game/game/intro/ch/c41/goking.htm
SCD0333	棋靈王之明星象棋	https://chiuinan.github.io/game/game/intro/ch/c41/ntuchess.htm
Z069	森林小精靈	https://chiuinan.github.io/game/game/intro/eng/e44/arcy2.htm
SCD0419	森林野趣	https://chiuinan.github.io/game/game/intro/ch/c21/aofw.htm
SWE233	楚漢之爭1	https://chiuinan.github.io/game/game/intro/ch/c32/han.htm
SWT168	楚漢之爭2：赤龍反撲	https://chiuinan.github.io/game/game/intro/ch/c32/h2.htm
3WG112	楚留香傳奇之血海飄香	https://chiuinan.github.io/game/game/intro/ch/c21/hero.htm
OCD0010	楚留香新傳	https://chiuinan.github.io/game/game/intro/ch/c11/crh.htm
SCD1884	極品醉車1	https://chiuinan.github.io/game/game/intro/eng/e52/juiced.htm
SCD1885	極品醉車2	https://chiuinan.github.io/game/game/intro/eng/e52/juiced2.htm
JXZ002	極地之狐	https://chiuinan.github.io/game/game/intro/eng/e51/afox.htm
SCD2243	極地先鋒	https://chiuinan.github.io/game/game/intro/eng/e51/neuro.htm
SCD1894	極地越野賽	https://chiuinan.github.io/game/game/intro/ch/c52/glacier.htm
OCD0121	極度誘惑麻將館	https://chiuinan.github.io/game/game/intro/ch/c42/lovemj05.htm
SCD2223	極樂大戰	https://chiuinan.github.io/game/game/intro/ch/c43/tlomk.htm
SCD1138	極樂大進擊	https://chiuinan.github.io/game/game/intro/ch/c44/balls.htm
SCD1849	極樂瘋狂大賽車	https://chiuinan.github.io/game/game/intro/ch/c52/tooncar.htm
SCD0915	極樂酒店	https://chiuinan.github.io/game/game/intro/ch/c21/pubhouse.htm
SCD2713	極樂麻將	https://chiuinan.github.io/game/game/intro/ch/c42/jlmj.htm
SCD1220	極速	https://chiuinan.github.io/game/game/intro/eng/e52/exg2.htm
SCD1847	極速地帶	https://chiuinan.github.io/game/game/intro/eng/e52/spdyzone.htm
SCD1269	極速快感1	https://chiuinan.github.io/game/game/intro/eng/e52/nfs.htm
SCD1270	極速快感2	https://chiuinan.github.io/game/game/intro/eng/e52/nfs2.htm
SCD1271	極速快感3	https://chiuinan.github.io/game/game/intro/eng/e52/nfs3.htm
SCD1272	極速快感4	https://chiuinan.github.io/game/game/intro/eng/e52/nfs4.htm
SCD1273	極速快感5	https://chiuinan.github.io/game/game/intro/eng/e52/nfs5.htm
SCD1274	極速快感6	https://chiuinan.github.io/game/game/intro/eng/e52/nfs6.htm
SCD1275	極速快感7	https://chiuinan.github.io/game/game/intro/ch/c52/nfs7.htm
SCD1276	極速快感8	https://chiuinan.github.io/game/game/intro/ch/c52/nfs8.htm
SCD1277	極速快感9	https://chiuinan.github.io/game/game/intro/ch/c52/nfs9.htm
SCD1278	極速快感10	https://chiuinan.github.io/game/game/intro/ch/c52/nfs10.htm
SCD1279	極速快感11	https://chiuinan.github.io/game/game/intro/ch/c52/nfs11.htm
SCD1280	極速快感12	https://chiuinan.github.io/game/game/intro/ch/c52/nfs12.htm
SCD1281	極速快感13	https://chiuinan.github.io/game/game/intro/ch/c52/nfs13.htm
SCD1881	極速房車賽1	https://chiuinan.github.io/game/game/intro/eng/e52/tocard1.htm
SCD1882	極速房車賽2	https://chiuinan.github.io/game/game/intro/eng/e52/tocard2.htm
SCD1883	極速房車賽3	https://chiuinan.github.io/game/game/intro/eng/e52/tocard3.htm
SCD2253	極速摩輪之曼島大賽	https://chiuinan.github.io/game/game/intro/eng/e52/manxttsb.htm
SCD2252	極速車神	https://chiuinan.github.io/game/game/intro/eng/e52/gtracer.htm
SCD0920	極道車魂	https://chiuinan.github.io/game/game/intro/eng/e52/driver.htm
SCD0921	極道車魂3	https://chiuinan.github.io/game/game/intro/ch/c21/driv3r.htm
SCD1904	極限模擬飛行	https://chiuinan.github.io/game/game/intro/eng/e33/xar.htm
SCD1196	極限模擬飛行2004	https://chiuinan.github.io/game/game/intro/eng/e33/xar2.htm
SCD1879	極限衝刺1	https://chiuinan.github.io/game/game/intro/eng/e52/flatout.htm
SCD1880	極限衝刺2	https://chiuinan.github.io/game/game/intro/eng/e52/flatout2.htm
SCD2743	極限運動	https://chiuinan.github.io/game/game/intro/eng/e52/sxs.htm
SCD2742	極限運動全集	https://chiuinan.github.io/game/game/intro/eng/e52/xsa.htm
SCD1490	極限過山車	https://chiuinan.github.io/game/game/intro/eng/e33/maxg.htm
SCD2532	榮耀之翼	https://chiuinan.github.io/game/game/intro/eng/e51/wings.htm
Z126	榮耀戰場	https://chiuinan.github.io/game/game/intro/eng/e32/fog.htm
SCD2763	榮耀戰場1	https://chiuinan.github.io/game/game/intro/ch/c51/bia.htm
SCD2764	榮耀戰場2	https://chiuinan.github.io/game/game/intro/eng/e51/bia2.htm
SCD2765	榮耀戰場3	https://chiuinan.github.io/game/game/intro/ch/c51/bia3.htm
SCD2467	榮譽勳章：反攻諾曼第	https://chiuinan.github.io/game/game/intro/ch/c51/mohaa.htm
SCD2468	榮譽勳章：太平洋戰役	https://chiuinan.github.io/game/game/intro/ch/c51/mohpa.htm
SCD2469	榮譽勳章：空降神兵	https://chiuinan.github.io/game/game/intro/ch/c51/moha.htm
	槍林彈雨	https://chiuinan.github.io/game/game/intro/eng/e51/cabal.htm
SCD1952	槍林彈雨	https://chiuinan.github.io/game/game/intro/ch/c51/ironstom.htm
	槍神	https://chiuinan.github.io/game/game/intro/ch/c22/topgun.txt
SCD1946	槍神	https://chiuinan.github.io/game/game/intro/eng/e51/strangle.htm
SCD2140	樂在棋中：12生肖童話樂園	https://chiuinan.github.io/game/game/intro/ch/c22/zodiac.htm
SCD1495	樂高主題公園	https://chiuinan.github.io/game/game/intro/eng/e33/legoland.htm
SCD1923	樂高絕技賽車	https://chiuinan.github.io/game/game/intro/eng/e52/legosr.htm
SCD2163	樂高鐵路大亨／	https://chiuinan.github.io/game/game/intro/ch/c33/legoloco.htm
SCD1166	樓蘭：輪迴之軌跡	https://chiuinan.github.io/game/game/intro/ch/c22/loulan.htm
SCD1167	樓蘭2：輪迴之軌跡．緣	https://chiuinan.github.io/game/game/intro/ch/c22/loulan2.htm
	標準台灣麻將	https://chiuinan.github.io/game/game/intro/ch/c42/ma.htm
SCD1823	模擬上班族1	https://chiuinan.github.io/game/game/intro/ch/c33/cofbreak.htm
SCD2568	模擬上班族2	https://chiuinan.github.io/game/game/intro/ch/c33/cofbrk2.htm
SCD1476	模擬主題樂園	https://chiuinan.github.io/game/game/intro/ch/c33/scoaster.htm
SCD1493	模擬公園	https://chiuinan.github.io/game/game/intro/eng/e33/simpark.htm
	模擬動物園	https://chiuinan.github.io/game/game/intro/ch/c33/zoo.htm
RS201	模擬台北	https://chiuinan.github.io/game/game/intro/ch/c33/rs201.htm
SWT029,SWE220 SCD0749	模擬城市	https://chiuinan.github.io/game/game/intro/eng/e33/simcity.htm
SCD0750	模擬城市2000	https://chiuinan.github.io/game/game/intro/ch/c33/sc2000.htm
SCD0751	模擬城市3000	https://chiuinan.github.io/game/game/intro/ch/c33/sc3000.htm
SCD0752	模擬城市4：福爾摩沙	https://chiuinan.github.io/game/game/intro/ch/c33/simcity4.htm
SCD0753	模擬城市：夢之都	https://chiuinan.github.io/game/game/intro/ch/c33/scs.htm
SCD0754	模擬城市：深海大亨	https://chiuinan.github.io/game/game/intro/ch/c33/dst.htm
SCD2036	模擬大樓	https://chiuinan.github.io/game/game/intro/ch/c33/simtower.htm
	模擬大樓	https://chiuinan.github.io/game/game/intro/ch/c33/hr2.htm
SCD1982	模擬市民1	https://chiuinan.github.io/game/game/intro/ch/c33/thesims1.htm
SCD1983	模擬市民2	https://chiuinan.github.io/game/game/intro/ch/c33/thesims2.htm
SCD1984	模擬市民趴趴走1：人生大冒險	https://chiuinan.github.io/game/game/intro/ch/c33/simsls.htm
SCD1985	模擬市民趴趴走2：寵物大挑戰	https://chiuinan.github.io/game/game/intro/ch/c33/simsps.htm
SCD1986	模擬市民趴趴走3：荒島歷險記	https://chiuinan.github.io/game/game/intro/ch/c33/simscs.htm
SCD0250	模擬捷運：交通巨人	https://chiuinan.github.io/game/game/intro/ch/c33/tgiant.htm
SCD0866	模擬星城	https://chiuinan.github.io/game/game/intro/ch/c33/startop.htm
SCD1487	模擬樂園1	https://chiuinan.github.io/game/game/intro/ch/c33/rct1.htm
SCD1488	模擬樂園2	https://chiuinan.github.io/game/game/intro/ch/c33/rct2.htm
SCD1489	模擬樂園3	https://chiuinan.github.io/game/game/intro/ch/c33/rct3.htm
SCD2575	模擬樂園番外篇：運輸王	https://chiuinan.github.io/game/game/intro/ch/c33/loco.htm
SCD0546	模擬百貨	https://chiuinan.github.io/game/game/intro/ch/c33/simds.htm
	模擬總統大選	https://chiuinan.github.io/game/game/intro/ch/c33/simp.htm
SWZ002	模擬螞蟻	https://chiuinan.github.io/game/game/intro/eng/e33/simant.htm
	模擬農場	https://chiuinan.github.io/game/game/intro/ch/c33/simfarm.htm
SCD2358	模擬農場2009	https://chiuinan.github.io/game/game/intro/eng/e33/farm09.htm
SCD2359	模擬農場2011	https://chiuinan.github.io/game/game/intro/eng/e33/farm11.htm
SCD2360	模擬農場2013	https://chiuinan.github.io/game/game/intro/ch/c33/farm13.htm
SCD1475	模擬過山車	https://chiuinan.github.io/game/game/intro/eng/e33/ucoaster.htm
	模擬過山車	https://chiuinan.github.io/game/game/intro/eng/e33/coaster.htm
SCD1098	模擬鄰居1	https://chiuinan.github.io/game/game/intro/ch/c44/nfh1.htm
OCD0123	模擬鄰居2	https://chiuinan.github.io/game/game/intro/ch/c44/nfh2.htm
SCD1480	模擬野生動物園	https://chiuinan.github.io/game/game/intro/eng/e33/ssafari.htm
SCD1283	模擬雪山度假村	https://chiuinan.github.io/game/game/intro/ch/c33/simhotel.htm
SCD1203	模擬飛航	https://chiuinan.github.io/game/game/intro/ch/c33/jetstrm.htm
SCD2683	模擬飯店1	https://chiuinan.github.io/game/game/intro/ch/c33/hotelg.htm
SCD2684	模擬飯店2	https://chiuinan.github.io/game/game/intro/ch/c33/hotelg2.htm
SCD1808	模擬首都	https://chiuinan.github.io/game/game/intro/ch/c33/captial.htm
SCD1587	橘子噗噗車	https://chiuinan.github.io/game/game/intro/ch/c52/mbubucar.htm
SCD2577	機動特戰隊：迅狼計畫	https://chiuinan.github.io/game/game/intro/ch/c51/specnaz.htm
OCD0048	機器人歷險記	https://chiuinan.github.io/game/game/intro/ch/c21/robots.htm
SWE140	機器戰警	https://chiuinan.github.io/game/game/intro/eng/e52/robocop.htm
JXZ014	機器戰警電玩版	https://chiuinan.github.io/game/game/intro/eng/e52/robocopd.htm
SCD0345	機械戰神	https://chiuinan.github.io/game/game/intro/ch/c51/zerodiv.htm
Z120,SCD2608	機甲之夢	https://chiuinan.github.io/game/game/intro/ch/c51/metalace.htm
SCD0611	機甲戰士	https://chiuinan.github.io/game/game/intro/ch/c52/hamos.htm
Z008	機甲戰神	https://chiuinan.github.io/game/game/intro/eng/e52/inter.htm
SCD0566	機甲戰線	https://chiuinan.github.io/game/game/intro/ch/c51/baldrb.htm
Z022	機甲爭霸戰：新月鷹的復仇	https://chiuinan.github.io/game/game/intro/eng/e32/btech2.htm
Z021	機甲爭霸戰：新月鷹的誕生	https://chiuinan.github.io/game/game/intro/eng/e31/btech.htm
Z020	機甲爭霸戰1	https://chiuinan.github.io/game/game/intro/eng/e51/mechwar.htm
SCD0612	機甲爭霸戰2	https://chiuinan.github.io/game/game/intro/eng/e51/mech2.htm
SCD0613	機甲爭霸戰3	https://chiuinan.github.io/game/game/intro/eng/e51/mech3.htm
OCD0119	機甲爭霸戰4：復仇者	https://chiuinan.github.io/game/game/intro/ch/c51/mech4.htm
SCD0326	機甲蘿莉	https://chiuinan.github.io/game/game/intro/ch/c31/gadgett.htm
SCD1141	機甲雄風 4	https://chiuinan.github.io/game/game/intro/ch/c32/4t.htm
	機車越野賽	https://chiuinan.github.io/game/game/intro/eng/e52/motoxs.htm
Z040	橫掃千軍	https://chiuinan.github.io/game/game/intro/eng/e51/bc.htm
SCD1143	橫掃千軍	https://chiuinan.github.io/game/game/intro/eng/e32/totala.htm
SCD1181	橫掃千軍2：改朝換代	https://chiuinan.github.io/game/game/intro/eng/e32/tak.htm
SCD1142	橫掃千軍：1242	https://chiuinan.github.io/game/game/intro/ch/c32/rw1242.htm
	橫版俄羅斯方塊	https://chiuinan.github.io/game/game/intro/eng/e44/sidetris.htm
SCD1754	橫衝直撞：狂飆樂園	https://chiuinan.github.io/game/game/intro/ch/c52/burnoutp.htm
SCD2619	櫻桃小丸子：	https://chiuinan.github.io/game/game/intro/ch/c44/cmkmath.htm
SCD0547	櫻桃小丸子：ㄅㄆㄇ魔法之門	https://chiuinan.github.io/game/game/intro/ch/c44/cherry.htm
SCD0624	櫻花大戰1	https://chiuinan.github.io/game/game/intro/ch/c22/sakura1.htm
SCD0625	櫻花大戰2：願君平安	https://chiuinan.github.io/game/game/intro/ch/c22/sakura2.htm
SCD0626	櫻花大戰3：巴黎在燃燒嗎	https://chiuinan.github.io/game/game/intro/ch/c22/sakura3.htm
SCD0627	櫻花大戰4：戀愛吧少女	https://chiuinan.github.io/game/game/intro/ch/c22/sakura4.htm
SCD2800	櫻花的季節	https://chiuinan.github.io/game/game/intro/ch/c22/sakura.htm
SCD2312	火力回歸1	https://chiuinan.github.io/game/game/intro/eng/e51/rfile.htm
SCD2313	火力回歸2	https://chiuinan.github.io/game/game/intro/eng/e51/rfile2.htm
SWE131	火戰車	https://chiuinan.github.io/game/game/intro/eng/e51/abrams.htm
SCD1348	火星也瘋狂	https://chiuinan.github.io/game/game/intro/eng/e52/sphaste.htm
SCD2700	火星計畫1	https://chiuinan.github.io/game/game/intro/ch/c33/mars1.htm
SCD2701	火星計畫2	https://chiuinan.github.io/game/game/intro/ch/c33/mars2.htm
SCD2157	火炬之光1	https://chiuinan.github.io/game/game/intro/ch/c12/torchli1.htm
	火炬之光2	https://chiuinan.github.io/game/game/intro/ch/c12/torchli2.htm
	火炬之光3：邊境	https://chiuinan.github.io/game/game/intro/ch/c12/torchli3.htm
SCD2565	火熱狂飆	https://chiuinan.github.io/game/game/intro/eng/e52/burnout.htm
SCD1359	火爆鄉巴佬1	https://chiuinan.github.io/game/game/intro/eng/e51/redneck.htm
SCD1360	火爆鄉巴佬2	https://chiuinan.github.io/game/game/intro/eng/e51/rides.htm
SCD2724	火箭寶貝	https://chiuinan.github.io/game/game/intro/ch/c52/hjbb.htm
	火箭車	https://chiuinan.github.io/game/game/intro/eng/e52/roadf.htm
SCD2755	火線命令	https://chiuinan.github.io/game/game/intro/eng/e32/tsc.htm
SCD1661	火線大風暴	https://chiuinan.github.io/game/game/intro/eng/e51/firewind.htm
SCD2605	火線獵殺	https://chiuinan.github.io/game/game/intro/ch/c51/grecon.htm
SCD2606	火線獵殺：先進戰士	https://chiuinan.github.io/game/game/intro/ch/c51/graw.htm
SCD2607	火線獵殺：先進戰士2	https://chiuinan.github.io/game/game/intro/eng/e51/graw2.htm
SCD0897	炎舞：真戰略	https://chiuinan.github.io/game/game/intro/ch/c31/fire.htm
SCD0898	炎黃戰蚩尤	https://chiuinan.github.io/game/game/intro/ch/c44/ylep.htm
SCD0001	炎龍騎士團1：邪神之封印	https://chiuinan.github.io/game/game/intro/ch/c31/fd.htm
SCD0001	炎龍騎士團2：黃金城之秘	https://chiuinan.github.io/game/game/intro/ch/c31/fd2.htm
OCD0021	炎龍騎士團外傳：風之紋章	https://chiuinan.github.io/game/game/intro/ch/c31/fdps.htm
SCD0520	炮灰向前衝	https://chiuinan.github.io/game/game/intro/ch/c31/paohui.htm
SCD2598	烈火少林	https://chiuinan.github.io/game/game/intro/eng/e51/cking.htm
SCD0295	烈焰戰鎚	https://chiuinan.github.io/game/game/intro/eng/e51/whfw.htm
SCD0047	烈焰鋼狼傳	https://chiuinan.github.io/game/game/intro/ch/c31/mwolf.htm
SWE159	烏茲衝鋒槍	https://chiuinan.github.io/game/game/intro/eng/e51/ow.htm
SCD0113	烏鷺之三國英雄	https://chiuinan.github.io/game/game/intro/ch/c41/wulu.htm
OCD0037	烏龍院	https://chiuinan.github.io/game/game/intro/ch/c11/wlong.txt
SCD2134	烽火三國1	https://chiuinan.github.io/game/game/intro/ch/c32/fhsango.htm
SCD2135	烽火三國2	https://chiuinan.github.io/game/game/intro/ch/c32/fhsango2.htm
SCD2783	烽火英雄	https://chiuinan.github.io/game/game/intro/ch/c31/fhyx.htm
SCD2380	無人島物語4	https://chiuinan.github.io/game/game/intro/ch/c21/sv4.htm
SCD2074	無人島物語	https://chiuinan.github.io/game/game/intro/ch/c21/mjr.htm
SCD2075	無人島物語	https://chiuinan.github.io/game/game/intro/ch/c21/mjrr.htm
SCD2216	無人永生1	https://chiuinan.github.io/game/game/intro/eng/e51/nolf1.htm
SCD2217	無人永生2：危險間諜	https://chiuinan.github.io/game/game/intro/ch/c51/nolf2.htm
SCD2218	無人永生前傳：殺手傑克	https://chiuinan.github.io/game/game/intro/ch/c51/cjack.htm
	無名指的教科書	https://chiuinan.github.io/game/game/intro/ch/c22/kusuri.txt
SCD2113	無尾熊哈奇系列：形形相對	https://chiuinan.github.io/game/game/intro/ch/c44/xxxd.htm
SCD2114	無尾熊哈奇系列：生活常識配對配	https://chiuinan.github.io/game/game/intro/ch/c44/shcs.htm
SCD0122	無敵中國象棋	https://chiuinan.github.io/game/game/intro/ch/c41/mj8chess.htm
SCD1642	無盡的旅程1	https://chiuinan.github.io/game/game/intro/ch/c21/tlj.htm
SCD1643	無盡的旅程2：夢殞	https://chiuinan.github.io/game/game/intro/ch/c21/tlj2.htm
SCD1964	無聲狂嘯	https://chiuinan.github.io/game/game/intro/ch/c21/scream.htm
SCD2246	無間車手	https://chiuinan.github.io/game/game/intro/eng/e52/wheelman.htm
SCD1686	無限試駕	https://chiuinan.github.io/game/game/intro/eng/e52/tdu.htm
SCD1664	無限飛行1	https://chiuinan.github.io/game/game/intro/ch/c33/flight.htm
SCD1665	無限飛行2	https://chiuinan.github.io/game/game/intro/eng/e33/flight2.htm
SCD1666	無限飛行3	https://chiuinan.github.io/game/game/intro/eng/e33/flight3.htm
SCD2020	無雙	https://chiuinan.github.io/game/game/intro/ch/c12/orochi.htm
SCD2066	無雙	https://chiuinan.github.io/game/game/intro/ch/c12/orochiz.htm
SCD2136	煉獄刀鋒	https://chiuinan.github.io/game/game/intro/ch/c21/severanc.htm
SCD2646	煙火挑戰者	https://chiuinan.github.io/game/game/intro/ch/c33/hanabi.htm
SCD0052	熟女麻將1	https://chiuinan.github.io/game/game/intro/ch/c42/hito.htm
SCD0053	熟女麻將2	https://chiuinan.github.io/game/game/intro/ch/c42/hito2.htm
SCD2262	熱力美國職棒1999	https://chiuinan.github.io/game/game/intro/eng/e52/hh1999.htm
SCD2263	熱力美國職棒2000	https://chiuinan.github.io/game/game/intro/eng/e52/hh2000.htm
SCD2264	熱力美國職棒2001	https://chiuinan.github.io/game/game/intro/eng/e52/hh2001.htm
SCD2265	熱力美國職棒2002	https://chiuinan.github.io/game/game/intro/eng/e52/hh2002.htm
SCD2266	熱力美國職棒2003	https://chiuinan.github.io/game/game/intro/eng/e52/hh2003.htm
SCD2267	熱力美國職棒2004	https://chiuinan.github.io/game/game/intro/eng/e52/hh2004.htm
SCD1920	熱力賽車	https://chiuinan.github.io/game/game/intro/eng/e52/tir.htm
SCD1987	熱血圍棋教室	https://chiuinan.github.io/game/game/intro/ch/c41/fsgc.htm
SCD2652	熱血棒球	https://chiuinan.github.io/game/game/intro/ch/c52/bybb.htm
SCD0533	熱血江湖	https://chiuinan.github.io/game/game/intro/ch/c12/yb.htm
SCD0550	熱血足球	https://chiuinan.github.io/game/game/intro/ch/c52/byfb.htm
SCD0531	熱血躲避球1	https://chiuinan.github.io/game/game/intro/ch/c52/bsdball1.htm
SCD0532	熱血躲避球2	https://chiuinan.github.io/game/game/intro/ch/c52/bsdball2.htm
SCD1834	熱血飛車	https://chiuinan.github.io/game/game/intro/eng/e52/daytona.htm
SCD1835	熱血飛車之極速悍將	https://chiuinan.github.io/game/game/intro/eng/e52/daytonad.htm
SWE134	熱血高校	https://chiuinan.github.io/game/game/intro/eng/e52/renegade.htm
SCD0887	熾天之翼	https://chiuinan.github.io/game/game/intro/ch/c31/wing.htm
SCD0965	熾炎傳說	https://chiuinan.github.io/game/game/intro/ch/c31/finalwar.htm
SCD1968	熾焰帝國	https://chiuinan.github.io/game/game/intro/ch/c32/kuf1.htm
SWE014	燃燒的野球1	https://chiuinan.github.io/game/game/intro/eng/e52/hardball.htm
SWT035	燃燒的野球2	https://chiuinan.github.io/game/game/intro/eng/e52/hb2.htm
SWT169	燃燒的野球3	https://chiuinan.github.io/game/game/intro/eng/e52/hb3.htm
SCD1560	燃燒的野球4	https://chiuinan.github.io/game/game/intro/eng/e52/hb4.htm
SCD1561	燃燒的野球5	https://chiuinan.github.io/game/game/intro/eng/e52/hb5.htm
SCD2288	爆爆急急豆	https://chiuinan.github.io/game/game/intro/ch/c52/seedgame.htm
SCD2650	爆破尖兵	https://chiuinan.github.io/game/game/intro/ch/c52/topbomb.htm
SCD1833	爆破賽車	https://chiuinan.github.io/game/game/intro/eng/e52/demorace.htm
HTG026	爆笑三國誌	https://chiuinan.github.io/game/game/intro/ch/c43/hsango.htm
SSG031	爆笑出擊	https://chiuinan.github.io/game/game/intro/ch/c51/air.htm
SCD0691	爆笑水滸傳	https://chiuinan.github.io/game/game/intro/ch/c43/suiho.htm
	爆笑保齡球	https://chiuinan.github.io/game/game/intro/ch/c52/bowl.htm
SCD2678	爆笑躲避球	https://chiuinan.github.io/game/game/intro/ch/c52/dodge.htm
SCD2503	爆裂電光球	https://chiuinan.github.io/game/game/intro/eng/e52/riot.htm
SCD2314	託林通道	https://chiuinan.github.io/game/game/intro/eng/e21/torin.htm
SCD2463	記憶大王	https://chiuinan.github.io/game/game/intro/ch/c44/memking.htm
3WD027	記憶拍檔：蔬果篇	https://chiuinan.github.io/game/game/intro/ch/c44/remf.htm
SCD1750	詞彙都市：大獎賽版	https://chiuinan.github.io/game/game/intro/eng/e44/wcgpe.htm
Z100,SCD2234	誕生	https://chiuinan.github.io/game/game/intro/ch/c33/debut.htm
	諸神的黃昏	https://chiuinan.github.io/game/game/intro/eng/e12/dusk.txt
SCD1255	謎之寵物	https://chiuinan.github.io/game/game/intro/ch/c33/mopets.htm
SCD1351	貨車也瘋狂1	https://chiuinan.github.io/game/game/intro/eng/e52/nhra1.htm
SCD1352,SCD1354	貨車也瘋狂2	https://chiuinan.github.io/game/game/intro/eng/e52/nhra2.htm
SCD1353,SCD1354	貨車也瘋狂3：專業賽車	https://chiuinan.github.io/game/game/intro/eng/e52/nhrasp.htm
SCD1355	貨車也瘋狂4	https://chiuinan.github.io/game/game/intro/eng/e52/nhrax.htm
SCD1209	資優數學國民小學一年級第一冊	https://chiuinan.github.io/game/game/intro/ch/c44/mat01.htm
SCD2310	賭博電玩大合集：賭船號	https://chiuinan.github.io/game/game/intro/ch/c44/casi2000.htm
SWE018	賭王鬥千王	https://chiuinan.github.io/game/game/intro/eng/e41/solit.htm
SCD0518	賭王鬥千王之明星大對決	https://chiuinan.github.io/game/game/intro/ch/c44/gmskill.htm
SSG014	賭神	https://chiuinan.github.io/game/game/intro/ch/c44/ds.htm
SCD0861	賭神：至尊之戰	https://chiuinan.github.io/game/game/intro/ch/c44/log.htm
SCD0860	賭神2000	https://chiuinan.github.io/game/game/intro/ch/c44/log2000.htm
SCD1137	購物樂園	https://chiuinan.github.io/game/game/intro/ch/c21/tivola.htm
Z010	賽跑棋	https://chiuinan.github.io/game/game/intro/ch/c41/run.htm
SCD1755	賽車女郎	https://chiuinan.github.io/game/game/intro/eng/e52/agr.htm
SWT058	賽車追逐戰	https://chiuinan.github.io/game/game/intro/eng/e52/pdrift.htm
SCD1939	賽道狂飆	https://chiuinan.github.io/game/game/intro/ch/c52/trkmania.htm
SCD1940	賽道狂飆：日出	https://chiuinan.github.io/game/game/intro/eng/e52/tmsunris.htm
SCD1941	賽道狂飆：組合	https://chiuinan.github.io/game/game/intro/eng/e52/tmunited.htm
Z012	赤壁之戰	https://chiuinan.github.io/game/game/intro/ch/c11/sanrpg.htm
SCD0392	赤壁	https://chiuinan.github.io/game/game/intro/ch/c32/cb.htm
SCD0044	鋤大	https://chiuinan.github.io/game/game/intro/ch/c41/magic.htm
SCD0101	孔明棋	https://chiuinan.github.io/game/game/intro/ch/c41/kmq.htm
	孤膽槍手1	https://chiuinan.github.io/game/game/intro/eng/e51/ashoot.htm
SCD2146	孤膽槍手2	https://chiuinan.github.io/game/game/intro/ch/c51/ashoot2.htm
	孤膽槍手2前傳	https://chiuinan.github.io/game/game/intro/eng/e51/ashoot2a.htm
SCD2807	學園退魔傳：玲子	https://chiuinan.github.io/game/game/intro/ch/c22/reiko.htm
SCD0654	學園退魔傳玲子2	https://chiuinan.github.io/game/game/intro/ch/c22/reiko2.htm
SCD2173	學生騎士團	https://chiuinan.github.io/game/game/intro/ch/c31/rka.htm
SCD0439	孿生物語	https://chiuinan.github.io/game/game/intro/ch/c33/twins.htm
SCD2021	戰國無雙2	https://chiuinan.github.io/game/game/intro/ch/c12/samuw2.htm
SSG029	戰國策	https://chiuinan.github.io/game/game/intro/ch/c32/ws.htm
SCD0700	戰國策2：七雄之爭	https://chiuinan.github.io/game/game/intro/ch/c32/ws2.htm
SCD2176	戰國美少女1：斬斷雲空	https://chiuinan.github.io/game/game/intro/ch/c12/sengoku.htm
SCD2177	戰國美少女2：春風之章	https://chiuinan.github.io/game/game/intro/ch/c11/harukaze.htm
SCD1034	戰地1：亞爾丁戰役	https://chiuinan.github.io/game/game/intro/eng/e32/bga.htm
SCD1035	戰地2：蓋茨堡戰役	https://chiuinan.github.io/game/game/intro/eng/e32/bgg.htm
SCD1256	戰地3：滑鐵盧戰役	https://chiuinan.github.io/game/game/intro/eng/e32/bgw.htm
Z039,SCD0477	戰地大亨：金門之旅	https://chiuinan.github.io/game/game/intro/ch/c43/kingmen.htm
SCD2369	戰地英雄：復仇突擊隊	https://chiuinan.github.io/game/game/intro/ch/c51/ubers2.htm
SCD1418	戰地風雲：越南	https://chiuinan.github.io/game/game/intro/ch/c51/bfv.htm
SCD1417	戰地風雲1942	https://chiuinan.github.io/game/game/intro/ch/c51/bf1942.htm
SCD1419	戰地風雲2	https://chiuinan.github.io/game/game/intro/ch/c51/bf2.htm
SCD0200	戰士們	https://chiuinan.github.io/game/game/intro/ch/c32/mow.htm
SCD2037	戰慄時空1	https://chiuinan.github.io/game/game/intro/ch/c51/hl.htm
SCD2038,SCD2040	戰慄時空1：次世代	https://chiuinan.github.io/game/game/intro/ch/c51/hls.htm
SCD2038,SCD2040 SCD2041	戰慄時空2	https://chiuinan.github.io/game/game/intro/ch/c51/hl2.htm
SCD2041	戰慄時空2：二部曲	https://chiuinan.github.io/game/game/intro/ch/c51/hl2ep2.htm
SCD2039,SCD2040 SCD2041	戰慄時空2首部曲：浩劫重生	https://chiuinan.github.io/game/game/intro/ch/c51/hl2ep1.htm
SCD2499	戰慄殺手	https://chiuinan.github.io/game/game/intro/eng/e51/gunman.htm
SCD0564	戰慄突擊	https://chiuinan.github.io/game/game/intro/ch/c51/fear.htm
Z001	戰斧	https://chiuinan.github.io/game/game/intro/eng/e52/gaxe.htm
	戰棋	https://chiuinan.github.io/game/game/intro/ch/c41/warchess.htm
JXZ011	戰爭上古代藝術	https://chiuinan.github.io/game/game/intro/eng/e32/aaw.htm
JXZ012	戰爭上古代藝術	https://chiuinan.github.io/game/game/intro/eng/e32/aawas.htm
3WG037	戰爭上古代藝術	https://chiuinan.github.io/game/game/intro/eng/e32/skies.htm
SCD2497	戰爭島群	https://chiuinan.github.io/game/game/intro/eng/e32/netstorm.htm
SCD2734	戰爭藝術：世紀之戰	https://chiuinan.github.io/game/game/intro/ch/c32/toaw_cow.htm
Z032	戰爭遊戲	https://chiuinan.github.io/game/game/intro/eng/e32/airborn.htm
SWZ010	戰神1	https://chiuinan.github.io/game/game/intro/eng/e32/warlords.htm
	戰神2	https://chiuinan.github.io/game/game/intro/ch/c32/warlord2.htm
SCD0340	戰神3：英雄王朝	https://chiuinan.github.io/game/game/intro/eng/e32/warlord3.htm
SCD0648	戰神4：以太英雄	https://chiuinan.github.io/game/game/intro/eng/e32/warlord4.htm
SCD0341	戰神：狂神天威	https://chiuinan.github.io/game/game/intro/ch/c32/wbc1.htm
SCD0342	戰神：狂神天威2	https://chiuinan.github.io/game/game/intro/eng/e32/wbc2.htm
SCD0343	戰神：狂神天威3	https://chiuinan.github.io/game/game/intro/ch/c32/wbc3.htm
SCD0344	戰神紀事	https://chiuinan.github.io/game/game/intro/ch/c11/figod.htm
SCD0294	戰鎚1：角鼠之影	https://chiuinan.github.io/game/game/intro/eng/e32/whshr.htm
SCD2492	戰鎚2：黑暗預兆	https://chiuinan.github.io/game/game/intro/eng/e32/darkomen.htm
OCD0066	戰鎚40000：破曉之戰	https://chiuinan.github.io/game/game/intro/ch/c32/dow1.htm
SCD0301	戰鬥之翼	https://chiuinan.github.io/game/game/intro/ch/c51/cbwings.htm
SCD2009	戰鬥模擬飛行1：二戰歐洲系列	https://chiuinan.github.io/game/game/intro/eng/e51/mcfs1.htm
SCD2010	戰鬥模擬飛行2：第二次世界大戰南太平洋戰場	https://chiuinan.github.io/game/game/intro/ch/c51/mcfs2.htm
SCD2011	戰鬥模擬飛行3：歐洲之戰	https://chiuinan.github.io/game/game/intro/eng/e51/mcfs3.htm
SCD2387	戰鬥飛車	https://chiuinan.github.io/game/game/intro/eng/e51/zephyr.htm
SCD1599	戴帽子的貓	https://chiuinan.github.io/game/game/intro/eng/e52/cith.htm
SCD2717	艾帝絲魔法大冒險	https://chiuinan.github.io/game/game/intro/ch/c33/adith.htm
SCD0268	艾薩克外傳：陽光少年遊	https://chiuinan.github.io/game/game/intro/ch/c43/asaku.htm
SCD0797	芭比卡通小導演	https://chiuinan.github.io/game/game/intro/ch/c33/bbsm.htm
SCD0798	芭比新潮美髮師	https://chiuinan.github.io/game/game/intro/ch/c33/bbmhs.htm
SCD1212	芭比美人魚尋寶記	https://chiuinan.github.io/game/game/intro/ch/c21/ocean.htm
SCD0307	花曆	https://chiuinan.github.io/game/game/intro/ch/c33/hana.htm
SCD0038	花木蘭	https://chiuinan.github.io/game/game/intro/ch/c31/hml.htm
SCD0166	花木蘭	https://chiuinan.github.io/game/game/intro/ch/c12/mulan.htm
SCD1802	花神傳說	https://chiuinan.github.io/game/game/intro/ch/c12/flowergd.htm
SCD1979	英倫霸主1	https://chiuinan.github.io/game/game/intro/ch/c32/lords.htm
SCD1980	英倫霸主2	https://chiuinan.github.io/game/game/intro/eng/e32/lords2.htm
SCD1981	英倫霸主3	https://chiuinan.github.io/game/game/intro/eng/e32/lords3.htm
SCD0242	英熊本色	https://chiuinan.github.io/game/game/intro/ch/c52/herobear.htm
SWT036	英雄傳奇1	https://chiuinan.github.io/game/game/intro/eng/e21/herosq.htm
SWT086	英雄傳奇2	https://chiuinan.github.io/game/game/intro/eng/e21/qfg2.htm
SWT190	英雄傳奇3	https://chiuinan.github.io/game/game/intro/eng/e21/qfg3.htm
SWT277,SCD1332	英雄傳奇4	https://chiuinan.github.io/game/game/intro/eng/e21/qfg4.htm
SCD1333	英雄傳奇5：龍火	https://chiuinan.github.io/game/game/intro/eng/e21/qfg5.htm
SCD1313	英雄傳說1：龍的傳人	https://chiuinan.github.io/game/game/intro/ch/c11/ed1.htm
SCD1314	英雄傳說2：屠龍戰記	https://chiuinan.github.io/game/game/intro/ch/c11/ed2.htm
SCD1315	英雄傳說3：白髮魔女	https://chiuinan.github.io/game/game/intro/ch/c12/ed3.htm
SCD1316	英雄傳說4：朱紅雪	https://chiuinan.github.io/game/game/intro/ch/c11/ed4.htm
SCD1320	英雄傳說5：海之檻歌	https://chiuinan.github.io/game/game/intro/ch/c12/ed5.htm
SCD2392	英雄傳說6：空之軌跡 前傳	https://chiuinan.github.io/game/game/intro/ch/c11/ed6fc.htm
SCD1321	英雄傳說6：空之軌跡 後傳	https://chiuinan.github.io/game/game/intro/ch/c11/ed6sc.htm
SCD1322	英雄傳說6：空之軌跡 外傳3	https://chiuinan.github.io/game/game/intro/ch/c11/ed6-3rd.htm
SCD1323	英雄傳說7：零之軌跡	https://chiuinan.github.io/game/game/intro/ch/c11/ed7.htm
SCD0569	英雄大帝：傳奇	https://chiuinan.github.io/game/game/intro/ch/c32/kb2.htm
SCD0570	英雄大帝：女王之刃	https://chiuinan.github.io/game/game/intro/ch/c32/kb3.htm
SCD1017	英雄戰記：德亞斯的邪念	https://chiuinan.github.io/game/game/intro/ch/c11/dick.htm
SCD0241	英雄本色	https://chiuinan.github.io/game/game/intro/ch/c12/herobs.htm
SCD0240	英雄本色：帝國霸業	https://chiuinan.github.io/game/game/intro/ch/c32/wn.htm
	英雄聖戰	https://chiuinan.github.io/game/game/intro/ch/c31/g2.htm
SCD0849	英雄聖戰2	https://chiuinan.github.io/game/game/intro/ch/c32/g11.htm
SCD0338	荒島大作戰	https://chiuinan.github.io/game/game/intro/ch/c44/ph.htm
	莎木1	https://chiuinan.github.io/game/game/intro/ch/c21/sm1.htm
	莎木2	https://chiuinan.github.io/game/game/intro/ch/c21/sm2.htm
SCD2353	莫蒂爾1	https://chiuinan.github.io/game/game/intro/eng/e51/mortyr.htm
SCD2354	莫蒂爾2	https://chiuinan.github.io/game/game/intro/eng/e51/mortyr2.htm
	菠蘿三國	https://chiuinan.github.io/game/game/intro/ch/c31/pineaple.htm
Z110	華容道	https://chiuinan.github.io/game/game/intro/ch/c44/wst3.htm
	華容道大師3000	https://chiuinan.github.io/game/game/intro/ch/c44/huaroad.htm
SCD2383	華麗人生2	https://chiuinan.github.io/game/game/intro/ch/c43/k2.htm
SCD2645	萬夫莫敵：聖女傳	https://chiuinan.github.io/game/game/intro/ch/c52/wwjoa.htm
SCD0317	萬獸之王	https://chiuinan.github.io/game/game/intro/ch/c31/mom4.htm
SCD1947	萬神殿	https://chiuinan.github.io/game/game/intro/eng/e32/invictus.htm
SCD2366	萬聖夜驚魂	https://chiuinan.github.io/game/game/intro/ch/c21/pumpkinm.htm
	萬里長城之邊城奇俠	https://chiuinan.github.io/game/game/intro/ch/c11/gwall.txt
	萬里長城之麒麟傳說	https://chiuinan.github.io/game/game/intro/ch/c11/kirin.txt
3WG040	蒼狼與白鹿2：成吉思汗	https://chiuinan.github.io/game/game/intro/ch/c32/koeich.htm
	蒼狼與白鹿3：元朝秘史	https://chiuinan.github.io/game/game/intro/ch/c32/khan3.htm
SCD2090	蒼狼與白鹿4：成吉思汗	https://chiuinan.github.io/game/game/intro/ch/c32/khan4.htm
SCD1284	蒼穹守護者	https://chiuinan.github.io/game/game/intro/ch/c11/skyshz.htm
SCD1670	蒼穹霸主1	https://chiuinan.github.io/game/game/intro/ch/c32/ethlords.htm
SCD1671	蒼穹霸主2	https://chiuinan.github.io/game/game/intro/ch/c32/ethlord2.htm
SCD0918	蒼龍少年	https://chiuinan.github.io/game/game/intro/ch/c11/yg.htm
SCD2609	蓋亞大地傳說1	https://chiuinan.github.io/game/game/intro/ch/c31/gaya.htm
SCD2610	蓋亞大地傳說2：光輝傳承	https://chiuinan.github.io/game/game/intro/ch/c31/tlog.htm
SCD1925	蓮花跑車挑戰賽	https://chiuinan.github.io/game/game/intro/eng/e52/lotusc.htm
OCD0001	蕩神誌	https://chiuinan.github.io/game/game/intro/ch/c12/cosg.htm
SCD0595	藍色天使隊1	https://chiuinan.github.io/game/game/intro/ch/c32/bluef1.htm
SCD0596	藍色天使隊2	https://chiuinan.github.io/game/game/intro/ch/c32/blueb2.htm
	藍色石榴石	https://chiuinan.github.io/game/game/intro/ch/c41/bg.htm
SCD2495	藍貓	https://chiuinan.github.io/game/game/intro/ch/c44/bluecat.htm
SCD2543	藏天神魔傳	https://chiuinan.github.io/game/game/intro/ch/c11/tibet.htm
SCD1036	藝術才子：天才小畫匠	https://chiuinan.github.io/game/game/intro/ch/c44/yscz.htm
SCD1969	蘭島物語：少女的約定	https://chiuinan.github.io/game/game/intro/ch/c33/ll.htm
SCD0658	鼠賊一窩	https://chiuinan.github.io/game/game/intro/ch/c21/mouseh.htm
Z016	齊天大聖	https://chiuinan.github.io/game/game/intro/ch/c52/qtds.htm
SCD2213	齊天大聖	https://chiuinan.github.io/game/game/intro/ch/c12/monkking.htm
SCD0719	齊天大聖：西遊降魔錄	https://chiuinan.github.io/game/game/intro/ch/c52/son50.htm
SCD2118	齊天大聖賣到老傳奇：我的第一本漫畫書	https://chiuinan.github.io/game/game/intro/ch/c22/aha.htm
SCD0015	聲控麻將王	https://chiuinan.github.io/game/game/intro/ch/c42/voicemj.htm
SCD0128	聲控麻將王2麻將教師	https://chiuinan.github.io/game/game/intro/ch/c42/mjtutor.htm
SCD1544	職業自行車隊經理	https://chiuinan.github.io/game/game/intro/eng/e33/pcmanage.htm
SCD1626	肌肉賽車1	https://chiuinan.github.io/game/game/intro/eng/e52/musclec1.htm
SCD1627	肌肉賽車2	https://chiuinan.github.io/game/game/intro/eng/e52/musclec2.htm
SCD1628	肌肉賽車3	https://chiuinan.github.io/game/game/intro/eng/e52/musclec3.htm
SCD2125	胖胖豬十萬個為什麼系列1：海陸大進擊	https://chiuinan.github.io/game/game/intro/ch/c21/pong1.htm
SCD2126	胖胖豬十萬個為什麼系列2：蟲林植物園	https://chiuinan.github.io/game/game/intro/ch/c21/pong2.htm
SCD2127	胖胖豬十萬個為什麼系列3：失落的世界	https://chiuinan.github.io/game/game/intro/ch/c21/pong3.htm
SCD2128	胖胖豬十萬個為什麼系列4：回到未來	https://chiuinan.github.io/game/game/intro/ch/c21/pong4.htm
SCD2129	胖胖豬十萬個為什麼系列5：夢境奇遊	https://chiuinan.github.io/game/game/intro/ch/c21/pong5.htm
	胚胎	https://chiuinan.github.io/game/game/intro/ch/c41/embryo.htm
SWE215	臉譜方塊	https://chiuinan.github.io/game/game/intro/eng/e44/facegame.htm
SCD2731	爭戰天下	https://chiuinan.github.io/game/game/intro/ch/c32/bushido.htm
	特勤機甲隊	https://chiuinan.github.io/game/game/intro/ch/c31/pds.htm
SCD0039	特勤機甲隊2	https://chiuinan.github.io/game/game/intro/ch/c31/pds2.htm
SCD1095	特勤機甲隊2加強版	https://chiuinan.github.io/game/game/intro/ch/c31/pds2d.htm
SCD1096	特勤機甲隊2高級版：前進戰場	https://chiuinan.github.io/game/game/intro/ch/c31/pds2a.htm
SCD0040	特勤機甲隊3	https://chiuinan.github.io/game/game/intro/ch/c31/pds3.htm
SCD0041	特勤機甲隊4	https://chiuinan.github.io/game/game/intro/ch/c31/pds4.htm
SCD0042	特勤機甲隊6	https://chiuinan.github.io/game/game/intro/ch/c31/pds6.htm
Z081	特技賽車	https://chiuinan.github.io/game/game/intro/eng/e52/stunts.htm
SWE195	特技飛車1	https://chiuinan.github.io/game/game/intro/eng/e52/hd.htm
Z086	特技飛車2	https://chiuinan.github.io/game/game/intro/eng/e52/hd2.htm
SCD1913	特技駕駛員	https://chiuinan.github.io/game/game/intro/eng/e52/stdriver.htm
SCD1213	特洛伊木馬屠城記	https://chiuinan.github.io/game/game/intro/eng/e32/troy.htm
SCD1226,SCD1228	特種部隊1	https://chiuinan.github.io/game/game/intro/eng/e32/specops.htm
SCD1227,SCD1228	特種部隊2	https://chiuinan.github.io/game/game/intro/eng/e32/specops2.htm
SCD1519	狂暴摩托越野賽	https://chiuinan.github.io/game/game/intro/eng/e52/mxmania.htm
SCD1916	狂暴競速賽	https://chiuinan.github.io/game/game/intro/eng/e52/sprage.htm
SCD1761	狂熱彈珠檯	https://chiuinan.github.io/game/game/intro/eng/e44/pinmania.htm
SCD1915	狂熱車賽	https://chiuinan.github.io/game/game/intro/eng/e52/rmania.htm
SCD0848	狂王3：劍與花束	https://chiuinan.github.io/game/game/intro/ch/c31/df3kh.htm
SCD0848	狂王之後繼者	https://chiuinan.github.io/game/game/intro/ch/c31/adf.htm
	狂石	https://chiuinan.github.io/game/game/intro/eng/e41/cstone.htm
SCD1725	狂飆越野賽	https://chiuinan.github.io/game/game/intro/eng/e52/rc2000.htm
SWE273	狂飆遊龍	https://chiuinan.github.io/game/game/intro/eng/e52/gpu.htm
SWE115	狂飆飛車手	https://chiuinan.github.io/game/game/intro/eng/e52/sparacer.htm
	狂龍傳	https://chiuinan.github.io/game/game/intro/ch/c11/madd.txt
SCD2776	狗肯尼娃娃	https://chiuinan.github.io/game/game/intro/ch/c52/wawa.htm
Z050,SCD1285	狩魔獵人1：原罪	https://chiuinan.github.io/game/game/intro/ch/c21/gk1.htm
SCD1286	狩魔獵人2：心魔	https://chiuinan.github.io/game/game/intro/eng/e21/gk2.htm
SCD1287	狩魔獵人3：血咒疑雲	https://chiuinan.github.io/game/game/intro/ch/c21/gk3.htm
SCD2644	狼之一族	https://chiuinan.github.io/game/game/intro/eng/e33/wolf.htm
SCD1619	猛男卡車秀	https://chiuinan.github.io/game/game/intro/eng/e52/rebeltk.htm
SWT069,SCD1467 SCD1468,SCD1469	猴島小英雄1：猴島的秘密	https://chiuinan.github.io/game/game/intro/eng/e21/monkey.htm
SWT156 SCD1468,SCD1469	猴島小英雄2：里察克的復仇	https://chiuinan.github.io/game/game/intro/eng/e21/monkey2.htm
SCD1470	猴島小英雄3：猴島的詛咒	https://chiuinan.github.io/game/game/intro/ch/c21/monkey3.htm
SCD1471	猴島小英雄4：逃離猴島	https://chiuinan.github.io/game/game/intro/ch/c21/monkey4.htm
SCD1472	猴島小英雄5：猴島傳說	https://chiuinan.github.io/game/game/intro/eng/e21/monkey5.htm
OCD0047	獅子心	https://chiuinan.github.io/game/game/intro/eng/e12/lionh.htm
SCD2491	獅王傳說	https://chiuinan.github.io/game/game/intro/ch/c11/ryan.htm
	獨立戰爭	https://chiuinan.github.io/game/game/intro/ch/c32/liberty.htm
SCD0966	獨霸武林之梟雄天下	https://chiuinan.github.io/game/game/intro/ch/c11/grand.htm
SCD2745	獵手1	https://chiuinan.github.io/game/game/intro/eng/e51/rmth.htm
SCD2746	獵手2	https://chiuinan.github.io/game/game/intro/eng/e51/rmth2.htm
SCD2747	獵手3	https://chiuinan.github.io/game/game/intro/eng/e51/rmth3.htm
SCD2585	獵殺潛航1	https://chiuinan.github.io/game/game/intro/ch/c33/silent.htm
SCD2586	獵殺潛航2	https://chiuinan.github.io/game/game/intro/ch/c33/sh2.htm
SCD2587	獵殺潛航3	https://chiuinan.github.io/game/game/intro/ch/c33/sh3.htm
SCD2588	獵殺潛航4：太平洋海狼	https://chiuinan.github.io/game/game/intro/ch/c33/sh4.htm
SCD0982	獵艷大富翁	https://chiuinan.github.io/game/game/intro/ch/c43/hunter.htm
SCD2500	獵魔者	https://chiuinan.github.io/game/game/intro/eng/e51/painkill.htm
SCD2501	獵魔者：過量	https://chiuinan.github.io/game/game/intro/eng/e51/pko.htm
SCD1016	獸鄉守護者	https://chiuinan.github.io/game/game/intro/ch/c31/lg.htm
SCD1498	獸神世紀	https://chiuinan.github.io/game/game/intro/ch/c12/tmw.htm
SCD0428	玩具奇兵	https://chiuinan.github.io/game/game/intro/eng/e32/amww.htm
SCD0426	玩具奇兵1	https://chiuinan.github.io/game/game/intro/eng/e51/armymen.htm
SCD0427	玩具奇兵2	https://chiuinan.github.io/game/game/intro/eng/e51/armymen2.htm
SCD2674	玩具奇兵	https://chiuinan.github.io/game/game/intro/eng/e51/amtis.htm
SCD2675	玩具奇兵	https://chiuinan.github.io/game/game/intro/eng/e51/amsh.htm
SCD2676	玩具奇兵	https://chiuinan.github.io/game/game/intro/eng/e51/amat.htm
SCD1084	玩具奇兵	https://chiuinan.github.io/game/game/intro/eng/e32/amrts.htm
SCD1581	玩具車之緊急出動	https://chiuinan.github.io/game/game/intro/eng/e52/matchbox.htm
SCD1122	玩玩總統	https://chiuinan.github.io/game/game/intro/ch/c33/pa.htm
SCD1197	珍氏	https://chiuinan.github.io/game/game/intro/eng/e33/jf15.htm
OCD0124	現代大戰略2008	https://chiuinan.github.io/game/game/intro/ch/c32/gd2008.htm
SSA023	現代大戰略	https://chiuinan.github.io/game/game/intro/ch/c32/ex.htm
SCD2562	球球你來上學1：中年級益智遊戲	https://chiuinan.github.io/game/game/intro/ch/c44/school1.htm
SCD2563	球球你來上學2：三年級綜合學科遊戲	https://chiuinan.github.io/game/game/intro/ch/c44/school2.htm
SCD2018	瑪利歐的時光機	https://chiuinan.github.io/game/game/intro/eng/e52/mariotm.htm
SCD1953	瑪莉亞：假面人生	https://chiuinan.github.io/game/game/intro/ch/c22/maria.htm
3WZ002	瓊斯博士視窗大冒險	https://chiuinan.github.io/game/game/intro/ch/c21/indydesk.htm
SCD0656	罪3	https://chiuinan.github.io/game/game/intro/ch/c33/mako.htm
SCD1620	罪惡卡車	https://chiuinan.github.io/game/game/intro/eng/e52/ttmm.htm
SCD0662	罪惡城市：男歡女愛	https://chiuinan.github.io/game/game/intro/ch/c33/7sins.htm
SSG027	羅宋學園	https://chiuinan.github.io/game/game/intro/ch/c41/13.htm
	羅宋杜鵑窩	https://chiuinan.github.io/game/game/intro/ch/c41/poker13.htm
SCD1901	羅密歐賽車	https://chiuinan.github.io/game/game/intro/eng/e52/scar.htm
SCD1108	羅德島戰記：灰色魔女	https://chiuinan.github.io/game/game/intro/ch/c31/rlw1.htm
SCD0348	羅馬：全軍破敵	https://chiuinan.github.io/game/game/intro/ch/c32/rtw.htm
SCD0352	羅馬爭霸	https://chiuinan.github.io/game/game/intro/ch/c32/agrome.htm
SCD2590	羅馬的榮耀	https://chiuinan.github.io/game/game/intro/ch/c33/gor.htm
	麗獸	https://chiuinan.github.io/game/game/intro/ch/c31/tw.txt
SCD0640	鋼彈司令1	https://chiuinan.github.io/game/game/intro/eng/e32/mc1.htm
SCD0641	鋼彈司令2	https://chiuinan.github.io/game/game/intro/ch/c32/mc2.htm
SCD1385	鋼鐵天空下	https://chiuinan.github.io/game/game/intro/ch/c21/bass.htm
SCD1086	鋼鐵帝國	https://chiuinan.github.io/game/game/intro/ch/c31/stemp.htm
SCD0835	鋼鐵意志	https://chiuinan.github.io/game/game/intro/eng/e51/nos.htm
SCD0322	鋼鐵意志	https://chiuinan.github.io/game/game/intro/ch/c32/wos.htm
SCD0239	鋼鐵雄心	https://chiuinan.github.io/game/game/intro/ch/c32/hoi.htm
SCD0321	鋼鐵雄心2	https://chiuinan.github.io/game/game/intro/ch/c32/hoi2.htm
SCD2063	鋼鐵雄獅1	https://chiuinan.github.io/game/game/intro/eng/e51/af1.htm
SCD2064	鋼鐵雄獅2	https://chiuinan.github.io/game/game/intro/eng/e51/af2.htm
SCD2065	鋼鐵雄獅3	https://chiuinan.github.io/game/game/intro/eng/e51/af3.htm
Z111,SCD2423	鋼鐵騎士團1	https://chiuinan.github.io/game/game/intro/ch/c32/bm.htm
SCD2424	鋼鐵騎士團2	https://chiuinan.github.io/game/game/intro/ch/c32/bm2.htm
SCD0978	鍊金術士瑪莉	https://chiuinan.github.io/game/game/intro/ch/c33/marie.htm
SCD0979	鍊金術士艾莉	https://chiuinan.github.io/game/game/intro/ch/c33/elie.htm
SCD0356	鏡花緣	https://chiuinan.github.io/game/game/intro/ch/c12/flower.htm
SCD0357	鏡花緣：百花仙子	https://chiuinan.github.io/game/game/intro/ch/c21/jhy.htm
SCD0093	鐵卒之網路象棋	https://chiuinan.github.io/game/game/intro/ch/c41/netchess.htm
SCD2072	鐵甲神兵	https://chiuinan.github.io/game/game/intro/ch/c51/fmj.htm
SCD1809	鐵甲紀元：戰魂	https://chiuinan.github.io/game/game/intro/ch/c51/metal.htm
SCD2133	鐵甲英豪	https://chiuinan.github.io/game/game/intro/ch/c31/silverm.htm
SCD2506	鐵血悍將	https://chiuinan.github.io/game/game/intro/eng/e51/theseusr.htm
1CD2505	鐵血悍將：鐵甲戰略	https://chiuinan.github.io/game/game/intro/eng/e32/parkanis.htm
SWT087,SCD2164	鐵路大亨1	https://chiuinan.github.io/game/game/intro/eng/e33/rails.htm
SCD2165	鐵路大亨2	https://chiuinan.github.io/game/game/intro/ch/c33/rt2.htm
SCD2166	鐵路大亨3	https://chiuinan.github.io/game/game/intro/ch/c33/rt3.htm
SCD1216	鐵達尼號：神秘之旅	https://chiuinan.github.io/game/game/intro/ch/c43/titanic.htm
	鑽地小精靈	https://chiuinan.github.io/game/game/intro/eng/e52/digit.htm
SWE225	鑽石方塊	https://chiuinan.github.io/game/game/intro/eng/e44/puzznic.htm
SWE031	鑽石迷宮	https://chiuinan.github.io/game/game/intro/eng/e44/bdck.htm
SCD2294	長諾中英打高手	https://chiuinan.github.io/game/game/intro/ch/c44/typing.htm
SCD2156	閃電戰	https://chiuinan.github.io/game/game/intro/ch/c32/blitzk.htm
	閃電霹靂車	https://chiuinan.github.io/game/game/intro/eng/e52/fgpx.htm
SCD2449	閃電風暴	https://chiuinan.github.io/game/game/intro/eng/e51/raycris.htm
SCD0899	閃靈奇兵	https://chiuinan.github.io/game/game/intro/ch/c12/lazenca.htm
SCD0999	閻王令	https://chiuinan.github.io/game/game/intro/ch/c12/hk.htm
SCD2651	闇黑世紀	https://chiuinan.github.io/game/game/intro/ch/c32/dsolid.htm
SCD0661	關鍵任務：戰火風雲	https://chiuinan.github.io/game/game/intro/eng/e51/jotr.htm
SCD1217	馬場大亨	https://chiuinan.github.io/game/game/intro/ch/c33/horse.htm
SCD1218	馬場大亨2000	https://chiuinan.github.io/game/game/intro/ch/c33/race2000.htm
	馬曉春個人專輯第一集	https://chiuinan.github.io/game/game/intro/ch/c41/mxczk.htm
SCD0436	馬鈴薯大兵	https://chiuinan.github.io/game/game/intro/eng/e51/militato.htm
SCD2238	駭客任務1：重裝上陣	https://chiuinan.github.io/game/game/intro/ch/c21/etm.htm
SCD2239	駭客任務2：關鍵抉擇	https://chiuinan.github.io/game/game/intro/ch/c21/pon.htm
SCD2240	駭客入侵1	https://chiuinan.github.io/game/game/intro/eng/e51/deusex.htm
SCD2241	駭客入侵2：虛幻之戰	https://chiuinan.github.io/game/game/intro/eng/e51/deusex2.htm
SCD0799	騎士芭比	https://chiuinan.github.io/game/game/intro/eng/e33/bbrc.htm
SCD0450	驚爆四川麻將	https://chiuinan.github.io/game/game/intro/ch/c42/scnew4r.htm
SCD1701	驚爆實感賽車4	https://chiuinan.github.io/game/game/intro/eng/e52/s4x4.htm
SCD0002	驚爆實感賽車1	https://chiuinan.github.io/game/game/intro/eng/e52/screamer.htm
SCD0009	驚爆實感賽車2	https://chiuinan.github.io/game/game/intro/eng/e52/s2.htm
SCD0010	驚爆實感越野賽車	https://chiuinan.github.io/game/game/intro/eng/e52/sr.htm
SCD1862	驚爆風火輪	https://chiuinan.github.io/game/game/intro/eng/e52/rlr.htm
SWT302	驚魂塔	https://chiuinan.github.io/game/game/intro/eng/e52/mtowers.htm
	高報酬戰將	https://chiuinan.github.io/game/game/intro/ch/c32/hr.htm
	高校魔影	https://chiuinan.github.io/game/game/intro/ch/c32/gmap.txt
SCD1926	高爆極速飛車	https://chiuinan.github.io/game/game/intro/eng/e52/hioctane.htm
SCD1308	高盧英雄傳	https://chiuinan.github.io/game/game/intro/eng/e52/obelix.htm
SCD1515	高賞金越野摩托賽	https://chiuinan.github.io/game/game/intro/eng/e52/fimsgp.htm
3WZ004	高速公路銀行遊戲	https://chiuinan.github.io/game/game/intro/ch/c43/gsglrich.htm
SWT259	高速小霸王	https://chiuinan.github.io/game/game/intro/eng/e52/speracer.htm
SWE128	高速賽車	https://chiuinan.github.io/game/game/intro/eng/e52/outrun.htm
	鬥戰勝佛	https://chiuinan.github.io/game/game/intro/ch/c11/mok.htm
SCD2656	鬥神物語	https://chiuinan.github.io/game/game/intro/ch/c11/dswy.htm
SCD1180	鬥鬥龍	https://chiuinan.github.io/game/game/intro/ch/c52/ddino.htm
SCD2393	鬥魚日記	https://chiuinan.github.io/game/game/intro/ch/c33/betta.htm
SCD0199	鬥龍骰	https://chiuinan.github.io/game/game/intro/eng/e32/dragdice.htm
SCD1786	鬼屋魔影：葛瑞絲之章	https://chiuinan.github.io/game/game/intro/eng/e21/jack.htm
SWT192,SCD1786	鬼屋魔影1	https://chiuinan.github.io/game/game/intro/eng/e21/indark.htm
SCD1787	鬼屋魔影2：地獄廚房	https://chiuinan.github.io/game/game/intro/ch/c21/indark2.htm
SCD1788	鬼屋魔影3	https://chiuinan.github.io/game/game/intro/ch/c21/indark3.htm
SCD1789	鬼屋魔影4：夢魘重返	https://chiuinan.github.io/game/game/intro/ch/c21/indark4.htm
SCD1790	鬼屋魔影外傳：時光之門	https://chiuinan.github.io/game/game/intro/eng/e21/timegate.htm
SCD1105	鬼惑	https://chiuinan.github.io/game/game/intro/ch/c22/gh.htm
SCD0593	鬼武者1	https://chiuinan.github.io/game/game/intro/ch/c52/onimu1.htm
SCD0594	鬼武者3	https://chiuinan.github.io/game/game/intro/ch/c52/onimu3.htm
SCD2596	鬼計神偷	https://chiuinan.github.io/game/game/intro/ch/c21/sting.htm
SCD1898	鬼馬卡車賽	https://chiuinan.github.io/game/game/intro/eng/e52/mtr.htm
HTG031	鬼馬小英雄	https://chiuinan.github.io/game/game/intro/ch/c11/monk.htm
SCD1045	魂斗羅	https://chiuinan.github.io/game/game/intro/eng/e52/contra.htm
SCD2346	魍魎戰記：大金剛輪篇	https://chiuinan.github.io/game/game/intro/ch/c21/madara.htm
SCD1174	魔喚精靈1	https://chiuinan.github.io/game/game/intro/ch/c32/vm1.htm
SCD1175	魔喚精靈2	https://chiuinan.github.io/game/game/intro/ch/c32/vm2.htm
SCD1176	魔喚精靈3	https://chiuinan.github.io/game/game/intro/ch/c32/vm3.htm
SCD1177	魔喚精靈4	https://chiuinan.github.io/game/game/intro/ch/c32/vm4.htm
	魔圍棋	https://chiuinan.github.io/game/game/intro/eng/e41/mogo.htm
SCD2190	魔城迷蹤1	https://chiuinan.github.io/game/game/intro/eng/e21/ecstatic.htm
SCD2191	魔城迷蹤2	https://chiuinan.github.io/game/game/intro/eng/e21/ecstati2.htm
	魔域傳說4波斯戰記	https://chiuinan.github.io/game/game/intro/ch/c31/fq4.txt
OCD0049	魔域傳說：永恆之書	https://chiuinan.github.io/game/game/intro/ch/c12/sorwin.htm
SCD2513	魔域奇兵	https://chiuinan.github.io/game/game/intro/eng/e51/pikto.htm
SCD1011	魔域幻境1	https://chiuinan.github.io/game/game/intro/eng/e51/unreal1.htm
SCD1012	魔域幻境2	https://chiuinan.github.io/game/game/intro/ch/c51/unreal2.htm
SCD1008	魔域幻境之浴血戰場	https://chiuinan.github.io/game/game/intro/eng/e51/ut99.htm
SCD1009	魔域幻境之浴血戰場	https://chiuinan.github.io/game/game/intro/ch/c51/ut2003.htm
SCD1010	魔域幻境之浴血戰場	https://chiuinan.github.io/game/game/intro/eng/e51/ut2004.htm
SCD2667	魔域幻境之浴血戰場	https://chiuinan.github.io/game/game/intro/eng/e51/ut3.htm
SCD2649	魔域幻鬥	https://chiuinan.github.io/game/game/intro/eng/e51/spirit.htm
SCD2371	魔域爭霸	https://chiuinan.github.io/game/game/intro/ch/c32/atrox.htm
Z026	魔境大冒險	https://chiuinan.github.io/game/game/intro/ch/c44/mu.htm
SCD2732	魔女夢工廠	https://chiuinan.github.io/game/game/intro/ch/c22/dsp.htm
SWE125	魔宮傳奇	https://chiuinan.github.io/game/game/intro/eng/e52/indy.htm
SCD2303	魔導小英雄	https://chiuinan.github.io/game/game/intro/ch/c52/mdxyx.htm
SCD1165	魔導戰記	https://chiuinan.github.io/game/game/intro/ch/c12/mimana.htm
SCD0828	魔導物語	https://chiuinan.github.io/game/game/intro/ch/c31/mgs.htm
SCD0070	魔島大富翁	https://chiuinan.github.io/game/game/intro/ch/c43/emoney.htm
SCD2601	魔幻世紀	https://chiuinan.github.io/game/game/intro/ch/c32/spforce.htm
SCD1000	魔幻天下	https://chiuinan.github.io/game/game/intro/ch/c43/mf.htm
SCD2388	魔幻騎士	https://chiuinan.github.io/game/game/intro/ch/c11/dq.htm
Z107	魔彩子雀	https://chiuinan.github.io/game/game/intro/ch/c42/saiko.htm
SCD0417	魔影哈雷	https://chiuinan.github.io/game/game/intro/ch/c21/show.htm
SCD1377	魔戒	https://chiuinan.github.io/game/game/intro/ch/c32/bfme1.htm
SCD1378	魔戒	https://chiuinan.github.io/game/game/intro/ch/c32/bfme2.htm
SCD1379	魔戒：勇者無雙	https://chiuinan.github.io/game/game/intro/eng/e52/lotrc.htm
SCD1371	魔戒1	https://chiuinan.github.io/game/game/intro/ch/c22/ring1.htm
SCD1372	魔戒2	https://chiuinan.github.io/game/game/intro/eng/e22/ring2.htm
SCD1375	魔戒三部曲	https://chiuinan.github.io/game/game/intro/ch/c12/rotk.htm
SCD1376	魔戒之戰：中土世界爭霸	https://chiuinan.github.io/game/game/intro/ch/c32/wotr.htm
SCD1380	魔戒前傳：哈比人歷險記	https://chiuinan.github.io/game/game/intro/ch/c52/hobbit.htm
SWT097,SCD1365 SCD1373	魔戒少年1	https://chiuinan.github.io/game/game/intro/eng/e31/lord.htm
SWT185,SCD1365	魔戒少年2：雙塔記	https://chiuinan.github.io/game/game/intro/eng/e31/towers.htm
SCD1374	魔戒首部曲	https://chiuinan.github.io/game/game/intro/eng/e21/lotr1.htm
	魔武王	https://chiuinan.github.io/game/game/intro/ch/c11/dks.htm
SWT167	魔水晶	https://chiuinan.github.io/game/game/intro/eng/e12/trazere.htm
SSG041	魔法世紀	https://chiuinan.github.io/game/game/intro/ch/c31/magic.txt
SSG047	魔法世紀2	https://chiuinan.github.io/game/game/intro/ch/c31/mf2.txt
SCD1956	魔法之戰：黑暗印記	https://chiuinan.github.io/game/game/intro/ch/c32/bmsod.htm
SCD0592	魔法使與主人	https://chiuinan.github.io/game/game/intro/ch/c33/watm.htm
SCD1162	魔法公主	https://chiuinan.github.io/game/game/intro/ch/c33/alice.htm
	魔法公主大冒險	https://chiuinan.github.io/game/game/intro/ch/c11/snow.txt
SCD0873	魔法哈利	https://chiuinan.github.io/game/game/intro/ch/c52/magichen.htm
SCD1164	魔法學園異聞錄	https://chiuinan.github.io/game/game/intro/ch/c22/gio.htm
SCD1811	魔法少年	https://chiuinan.github.io/game/game/intro/eng/e52/mboy.htm
SCD1663	魔法少年	https://chiuinan.github.io/game/game/intro/ch/c31/elemarts.htm
	魔法師寶典：復仇之島	https://chiuinan.github.io/game/game/intro/ch/c11/tempest.htm
	魔法彈珠檯	https://chiuinan.github.io/game/game/intro/eng/e44/pinwiz.htm
SCD2184	魔法書之謎1	https://chiuinan.github.io/game/game/intro/ch/c21/album.htm
SCD2212	魔法書之謎2：地球大進擊	https://chiuinan.github.io/game/game/intro/ch/c21/voyage.htm
SCD0729	魔法氣泡	https://chiuinan.github.io/game/game/intro/ch/c44/bobo1.htm
SCD1507	魔法氣泡	https://chiuinan.github.io/game/game/intro/ch/c44/puyopuyo.htm
SCD1163	魔法軍團	https://chiuinan.github.io/game/game/intro/ch/c31/warlocks.htm
SCD1580	魔法門：星雲之劍	https://chiuinan.github.io/game/game/intro/eng/e11/swords.htm
OCD0122	魔法門：黑暗彌賽亞	https://chiuinan.github.io/game/game/intro/ch/c12/dmomm.htm
JXZ009	魔法門1：內殿的秘密	https://chiuinan.github.io/game/game/intro/eng/e11/mm1.htm
SWE017	魔法門2：通往異世界之門	https://chiuinan.github.io/game/game/intro/eng/e11/mm2.htm
SWT140,SCD1580	魔法門3：幻島歷險記	https://chiuinan.github.io/game/game/intro/ch/c11/mm3.htm
SCD1580	魔法門4	https://chiuinan.github.io/game/game/intro/ch/c11/xeen.htm
SWT239,SCD1580	魔法門5	https://chiuinan.github.io/game/game/intro/ch/c11/dark.htm
OCD0018	魔法門6：奉天承運	https://chiuinan.github.io/game/game/intro/ch/c12/mm6.htm
	魔法門678三代整合版	https://chiuinan.github.io/game/game/intro/ch/c12/mm678.htm
SCD0003	魔法門7：血統與榮耀	https://chiuinan.github.io/game/game/intro/ch/c12/mm7.htm
OCD0035	魔法門8：毀天滅地	https://chiuinan.github.io/game/game/intro/ch/c12/mm8.htm
SCD0267	魔法門9	https://chiuinan.github.io/game/game/intro/ch/c12/mm9.htm
SCD1578	魔法門10：遺產	https://chiuinan.github.io/game/game/intro/ch/c11/mm10.htm
SCD1579	魔法門之十字軍	https://chiuinan.github.io/game/game/intro/eng/e12/comm.htm
SCD0194	魔法門之英雄無敵1	https://chiuinan.github.io/game/game/intro/ch/c32/homm1.htm
SCD0195	魔法門之英雄無敵2：王位爭奪戰	https://chiuinan.github.io/game/game/intro/ch/c32/homm2.htm
SCD0196	魔法門之英雄無敵3	https://chiuinan.github.io/game/game/intro/ch/c32/homm3.htm
OCD0060	魔法門之英雄無敵4	https://chiuinan.github.io/game/game/intro/ch/c32/homm4.htm
OCD0064	魔法門之英雄無敵5	https://chiuinan.github.io/game/game/intro/ch/c32/homm5.htm
SCD0260	魔法門之英雄無敵6	https://chiuinan.github.io/game/game/intro/ch/c32/homm6.htm
SCD1312	魔法門傳奇	https://chiuinan.github.io/game/game/intro/ch/c51/lomm.htm
SCD0198	魔法門英雄誌	https://chiuinan.github.io/game/game/intro/ch/c32/heroesch.htm
SCD0962	魔法風雲會	https://chiuinan.github.io/game/game/intro/eng/e41/mtg.htm
SCD0964	魔法風雲會：天命戰場	https://chiuinan.github.io/game/game/intro/ch/c32/mtgbg.htm
SCD0963	魔法風雲會：戰鬥巫師	https://chiuinan.github.io/game/game/intro/eng/e41/mtgb.htm
SCD2226	魔法飛毯1	https://chiuinan.github.io/game/game/intro/eng/e52/carpet.htm
SCD2227	魔法飛毯2：冥界	https://chiuinan.github.io/game/game/intro/eng/e52/netherw.htm
SWZ004,SCD0251	魔獸爭霸1：人類與獸人	https://chiuinan.github.io/game/game/intro/eng/e32/warc.htm
SCD0252	魔獸爭霸2：黑暗浪潮	https://chiuinan.github.io/game/game/intro/ch/c32/warc2.htm
OCD0050	魔獸爭霸3：混亂之治	https://chiuinan.github.io/game/game/intro/ch/c32/warc3.htm
SCD2504	魔由心生	https://chiuinan.github.io/game/game/intro/ch/c51/tdi.htm
SCD2533	魔界	https://chiuinan.github.io/game/game/intro/eng/e21/zomb.htm
Z027,SCD1005	魔界之泉：灰石傳奇	https://chiuinan.github.io/game/game/intro/ch/c31/bgs.htm
SCD0851	魔界之泉2：動亂的魔都	https://chiuinan.github.io/game/game/intro/ch/c31/gse.htm
SWT198	魔界召喚	https://chiuinan.github.io/game/game/intro/ch/c12/summon.txt
SWT048	魔界歷險	https://chiuinan.github.io/game/game/intro/eng/e12/sorceria.htm
SCD0253	魔界爭霸：惡靈軍	https://chiuinan.github.io/game/game/intro/ch/c32/mirrorw.htm
	魔界聖女傳	https://chiuinan.github.io/game/game/intro/ch/c22/kumi.txt
SSG030	魔異入侵	https://chiuinan.github.io/game/game/intro/ch/c21/coin.txt
	魔眼小精靈	https://chiuinan.github.io/game/game/intro/eng/e44/mindroll.htm
SWT109	魔眼殺機：深水城的陰謀	https://chiuinan.github.io/game/game/intro/eng/e12/eye.htm
SWT187	魔眼殺機2：隱月傳奇	https://chiuinan.github.io/game/game/intro/ch/c12/darkmoon.htm
SWT218	魔眼殺機3：血戰札諾爾	https://chiuinan.github.io/game/game/intro/ch/c12/eob3.htm
SCD0058	魔眼邪神	https://chiuinan.github.io/game/game/intro/ch/c32/celtic.htm
SCD0451	魔石英雄傳	https://chiuinan.github.io/game/game/intro/ch/c12/mirage2.htm
OCD0019	魔石堡	https://chiuinan.github.io/game/game/intro/eng/e12/stonkeep.htm
SSG032	魔神戰記1	https://chiuinan.github.io/game/game/intro/ch/c11/mg.txt
SSG054	魔神戰記2	https://chiuinan.github.io/game/game/intro/ch/c11/mg2.txt
SCD1026	魔神爭霸	https://chiuinan.github.io/game/game/intro/ch/c32/mszb.htm
SCD0739	魔空霸傳	https://chiuinan.github.io/game/game/intro/ch/c32/skyew.htm
SWT231	魔胎	https://chiuinan.github.io/game/game/intro/ch/c21/dh.htm
SSG002	魔術拼圖	https://chiuinan.github.io/game/game/intro/ch/c44/domo.htm
SCD2291	魔豆闖天關	https://chiuinan.github.io/game/game/intro/ch/c52/modo.htm
SSG039	魔道子	https://chiuinan.github.io/game/game/intro/ch/c12/devil.txt
SCD2519	魔鬼剋星	https://chiuinan.github.io/game/game/intro/eng/e21/gbtvg.htm
SWT026	魔鬼剋星2	https://chiuinan.github.io/game/game/intro/eng/e52/gb2.htm
SCD0407	魔鬼戰將1	https://chiuinan.github.io/game/game/intro/ch/c32/cmdos.htm
SCD0409	魔鬼戰將2	https://chiuinan.github.io/game/game/intro/ch/c32/cmdos2.htm
SCD1074	魔鬼戰將3	https://chiuinan.github.io/game/game/intro/ch/c32/cmdos3.htm
SCD1044	魔鬼戰將4	https://chiuinan.github.io/game/game/intro/eng/e51/cmdos4.htm
SCD0408	魔鬼戰將	https://chiuinan.github.io/game/game/intro/ch/c32/cmdos_mp.htm
DSTE010	魔鬼戰警	https://chiuinan.github.io/game/game/intro/eng/e51/tcop.htm
JXZ005	魔鬼推銷員	https://chiuinan.github.io/game/game/intro/ch/c43/sales.htm
SCD2697	魔鬼英豪	https://chiuinan.github.io/game/game/intro/ch/c12/revenant.htm
SWE235	魔點	https://chiuinan.github.io/game/game/intro/ch/c44/dice.txt
TTNZ006	魔龍紀事	https://chiuinan.github.io/game/game/intro/ch/c22/dragonqr.htm
SCD1837	歐洲城市賽車	https://chiuinan.github.io/game/game/intro/eng/e52/euracer.htm
SCD1836	歐洲拉力冠軍賽	https://chiuinan.github.io/game/game/intro/eng/e52/erc.htm
SCD1838	歐洲賽車手	https://chiuinan.github.io/game/game/intro/eng/e52/eurorace.htm
SCD0074	歡樂中國暗棋	https://chiuinan.github.io/game/game/intro/ch/c41/piece.htm
	歡樂五子棋	https://chiuinan.github.io/game/game/intro/ch/c41/hfive.htm
JXD003	歡樂城市	https://chiuinan.github.io/game/game/intro/ch/c41/hcity.htm
SCD0701	歡樂大航海	https://chiuinan.github.io/game/game/intro/ch/c43/sailing.htm
SCD1921	歡樂大飛車	https://chiuinan.github.io/game/game/intro/eng/e52/ignition.htm
SCD0324	歡樂天使	https://chiuinan.github.io/game/game/intro/ch/c22/ayumi.htm
	歡樂幸福人	https://chiuinan.github.io/game/game/intro/ch/c43/happy.txt
SCD2292	歡樂幼兒園	https://chiuinan.github.io/game/game/intro/ch/c44/presch.htm
SSG008	歡樂接龍	https://chiuinan.github.io/game/game/intro/ch/c41/poker.htm
SCD0129	歡樂梭哈	https://chiuinan.github.io/game/game/intro/ch/c41/happysh.htm
SCD0975	歡樂水滸傳	https://chiuinan.github.io/game/game/intro/ch/c52/hero108.htm
SWT137	歡樂滿點	https://chiuinan.github.io/game/game/intro/eng/e44/hoyle3.htm
SCD0600	歡樂綜藝王	https://chiuinan.github.io/game/game/intro/ch/c44/playking.htm
	歡樂跳棋	https://chiuinan.github.io/game/game/intro/ch/c41/jumpch.htm
JXZ008	歡樂酒吧	https://chiuinan.github.io/game/game/intro/eng/e44/bargames.htm
SSG017	歡樂麻將	https://chiuinan.github.io/game/game/intro/ch/c42/mj.htm
SCD0129	歡樂麻將	https://chiuinan.github.io/game/game/intro/ch/c42/happymj.htm
SCD1957	變身博士	https://chiuinan.github.io/game/game/intro/ch/c21/jekyll.htm
OCD0086	豔鬼麻將1	https://chiuinan.github.io/game/game/intro/ch/c42/ghostmj.htm
SCD0018	豔鬼麻將2：還陽記	https://chiuinan.github.io/game/game/intro/ch/c42/ghostmj2.htm
SWE201	氙星異形	https://chiuinan.github.io/game/game/intro/eng/e51/xenon.htm
SWE182	氙星異形2	https://chiuinan.github.io/game/game/intro/eng/e51/xenon2.htm
	龍之傳奇	https://chiuinan.github.io/game/game/intro/ch/c12/wz.txt
SCD0814	龍劍客1：傳奇的開始	https://chiuinan.github.io/game/game/intro/eng/e21/dlore1.htm
SCD0815	龍劍客2：龍人之心	https://chiuinan.github.io/game/game/intro/ch/c21/dlore2.htm
SCD2421	龍召還娘1	https://chiuinan.github.io/game/game/intro/ch/c11/silk.htm
SCD2422	龍召還娘2	https://chiuinan.github.io/game/game/intro/ch/c11/silk2.htm
SSG007	龍女	https://chiuinan.github.io/game/game/intro/ch/c51/dragonw.htm
SCD0868	龍戰士3	https://chiuinan.github.io/game/game/intro/ch/c11/bof3.htm
SCD0869	龍戰士4	https://chiuinan.github.io/game/game/intro/ch/c11/bof4.htm
SCD1311	龍槍英雄傳	https://chiuinan.github.io/game/game/intro/ch/c12/elixir.htm
SCD0994	龍機傳承1	https://chiuinan.github.io/game/game/intro/ch/c31/ryuki.htm
SCD0995	龍機傳承2	https://chiuinan.github.io/game/game/intro/ch/c31/ryuki2.htm
SCD0996	龍機傳承3	https://chiuinan.github.io/game/game/intro/ch/c31/ryuki3.htm
SCD1970	龍王三國正史	https://chiuinan.github.io/game/game/intro/ch/c32/ron.htm
SCD1027	龍神	https://chiuinan.github.io/game/game/intro/ch/c31/dragman.htm
SCD2006	龍與地下城：灰鷹世界	https://chiuinan.github.io/game/game/intro/ch/c12/toee.htm
SCD2008	龍與地下城：龍晶傳奇	https://chiuinan.github.io/game/game/intro/ch/c32/ddds.htm
SCD0369	龍虎門	https://chiuinan.github.io/game/game/intro/ch/c12/ori.htm
	龍騎士3	https://chiuinan.github.io/game/game/intro/ch/c12/kx3.txt
	龍騎士4	https://chiuinan.github.io/game/game/intro/ch/c31/dra4.txt
SCD1182	龍騰三國	https://chiuinan.github.io/game/game/intro/ch/c32/sangow.htm
Z063	龍魂	https://chiuinan.github.io/game/game/intro/eng/e51/dragonsp.htm
